OBJECTID,stcode11,dtcode11,sdtcode11,Shape_Length,Shape_Area,stname,dtname,sdtname,Subdt_LGD,Dist_LGD,State_LGD,FID
4808,35,638,05916,52068.34484958285,129548276.467057,ANDAMAN & NICOBAR,Nicobars,Car Nicobar,5916,603,35,4808
4809,35,638,05917,492841.654850655,469246455.0398558,ANDAMAN & NICOBAR,Nicobars,Nancowry,5917,603,35,4809
4810,35,638,05918,353697.7335457454,1120544825.757909,ANDAMAN & NICOBAR,Nicobars,Great Nicobar,5918,603,35,4810
4811,35,639,05919,1127189.4209990096,1428803590.0904608,ANDAMAN & NICOBAR,North  & Middle Andaman,Diglipur,5919,632,35,4811
4812,35,639,05920,538032.6264397814,803001036.6484985,ANDAMAN & NICOBAR,North  & Middle Andaman,Mayabunder,5920,632,35,4812
4813,35,639,05921,1081349.3046150377,1254321218.4504354,ANDAMAN & NICOBAR,North  & Middle Andaman,Rangat,5921,632,35,4813
4814,35,640,05922,818236.1344061588,1239645532.9024324,ANDAMAN & NICOBAR,South Andaman,Ferrargunj,5922,602,35,4814
4815,35,640,05923,562104.4289397812,501987671.9564761,ANDAMAN & NICOBAR,South Andaman,Port Blair,5923,602,35,4815
4816,35,640,05924,154570.79713033032,711588033.1167934,ANDAMAN & NICOBAR,South Andaman,Little Andaman,5924,602,35,4816
5273,37,542,04769,89602.96018569337,156405162.13903666,ANDHRA PRADESH,Srikakulam,Veeraghattam,4769,519,28,5273
5274,37,542,04770,199674.7097291911,509362445.63448256,ANDHRA PRADESH,Srikakulam,Seethampeta,4770,519,28,5274
5275,37,542,04771,107275.7409229949,188365197.28491056,ANDHRA PRADESH,Srikakulam,Bhamini,4771,519,28,5275
5276,37,542,04772,98794.24152179997,196655117.9901491,ANDHRA PRADESH,Srikakulam,Kothuru,4772,519,28,5276
5277,37,542,04773,119652.4516711955,212261646.9985289,ANDHRA PRADESH,Srikakulam,Pathapatnam,4773,519,28,5277
5278,37,542,04774,117650.77053320434,260064366.7016429,ANDHRA PRADESH,Srikakulam,Meliaputti,4774,519,28,5278
5279,37,542,04775,91959.43820082025,168662351.1838681,ANDHRA PRADESH,Srikakulam,Palasa,4775,519,28,5279
5280,37,542,04776,127762.76887260903,255647343.75195056,ANDHRA PRADESH,Srikakulam,Mandasa,4776,519,28,5280
5281,37,542,04777,89922.48695844246,192917644.19296253,ANDHRA PRADESH,Srikakulam,Kanchili,4777,519,28,5281
5282,37,542,04778,74748.47924787893,118449360.13239467,ANDHRA PRADESH,Srikakulam,Ichchapuram,4778,519,28,5282
5283,37,542,04779,58645.918622262056,130238069.46847875,ANDHRA PRADESH,Srikakulam,Kaviti,4779,519,28,5283
5284,37,542,04780,95019.57389855683,138304173.017919,ANDHRA PRADESH,Srikakulam,Sompeta,4780,519,28,5284
5285,37,542,04781,80921.80753033147,151690306.68997994,ANDHRA PRADESH,Srikakulam,Vajrapukothuru,4781,519,28,5285
5286,37,542,04782,85893.12061031623,207613653.13007328,ANDHRA PRADESH,Srikakulam,Nandigam,4782,519,28,5286
5287,37,542,04783,100735.39907394722,180946547.49780732,ANDHRA PRADESH,Srikakulam,Hiramandalam,4783,519,28,5287
5288,37,542,04784,69762.64337398976,121847269.24028535,ANDHRA PRADESH,Srikakulam,Palakonda,4784,519,28,5288
5289,37,542,04785,83296.03474311646,127797283.29357381,ANDHRA PRADESH,Srikakulam,Vangara,4785,519,28,5289
5290,37,542,04786,82021.6185512019,168193964.48857725,ANDHRA PRADESH,Srikakulam,Regidi Amadalavalasa,4786,519,28,5290
5291,37,542,04787,50702.66156186921,71857049.76705585,ANDHRA PRADESH,Srikakulam,Lakshminarsupeta,4787,519,28,5291
5292,37,542,04788,130927.9733228246,186541701.91636646,ANDHRA PRADESH,Srikakulam,Saravakota,4788,519,28,5292
5293,37,542,04789,86628.54988342198,147616391.4053203,ANDHRA PRADESH,Srikakulam,Tekkali,4789,519,28,5293
5294,37,542,04790,87839.98568547404,217159145.68193597,ANDHRA PRADESH,Srikakulam,Santhabommali,4790,519,28,5294
5295,37,542,04791,82120.35248567934,168507211.82481635,ANDHRA PRADESH,Srikakulam,Kotabommali,4791,519,28,5295
5296,37,542,04792,103127.71658019586,149885999.2608978,ANDHRA PRADESH,Srikakulam,Jalumuru,4792,519,28,5296
5297,37,542,04793,60534.627333090946,87161939.48736612,ANDHRA PRADESH,Srikakulam,Sarubujjili,4793,519,28,5297
5298,37,542,04794,84800.36331863057,125633745.13546586,ANDHRA PRADESH,Srikakulam,Burja,4794,519,28,5298
5299,37,542,04795,81192.8219939767,156774456.17977977,ANDHRA PRADESH,Srikakulam,Santhakaviti,4795,519,28,5299
5300,37,542,04796,81655.5830566213,142907016.0592589,ANDHRA PRADESH,Srikakulam,Rajam,4796,519,28,5300
5301,37,542,04797,81844.84965277754,149085424.10271406,ANDHRA PRADESH,Srikakulam,Ganguvarisigadam,4797,519,28,5301
5302,37,542,04798,91308.63296405942,117019312.13616283,ANDHRA PRADESH,Srikakulam,Amadalavalasa,4798,519,28,5302
5303,37,542,04799,59297.20067283783,133704522.73746407,ANDHRA PRADESH,Srikakulam,Narasannapeta,4799,519,28,5303
5304,37,542,04800,72355.43453359134,156426035.7606951,ANDHRA PRADESH,Srikakulam,Polaki,4800,519,28,5304
5305,37,542,04801,77392.12877396311,183964778.03164378,ANDHRA PRADESH,Srikakulam,Gara,4801,519,28,5305
5306,37,542,04802,101440.631652736,175484975.54507887,ANDHRA PRADESH,Srikakulam,Srikakulam,4802,519,28,5306
5307,37,542,04803,80236.27245586002,130932858.91740498,ANDHRA PRADESH,Srikakulam,Ponduru,4803,519,28,5307
5308,37,542,04804,81200.53863713639,192796654.58715296,ANDHRA PRADESH,Srikakulam,Laveru,4804,519,28,5308
5309,37,542,04805,76278.85913941219,209804088.78474128,ANDHRA PRADESH,Srikakulam,Ranastalam,4805,519,28,5309
5310,37,542,04806,90522.198278013,177813596.19194028,ANDHRA PRADESH,Srikakulam,Etcherla,4806,519,28,5310
5311,37,543,04807,147129.8598227217,323860173.7062485,ANDHRA PRADESH,Vizianagaram,Komarada,4807,521,28,5311
5312,37,543,04808,172080.15453176876,422586231.93255705,ANDHRA PRADESH,Vizianagaram,Gummalakshmipuram,4808,521,28,5312
5313,37,543,04809,132842.8286213086,448702136.60034406,ANDHRA PRADESH,Vizianagaram,Kurupam,4809,521,28,5313
5314,37,543,04810,73273.7097979532,174447813.80960557,ANDHRA PRADESH,Vizianagaram,Jiyyammavalasa,4810,521,28,5314
5315,37,543,04811,72708.55405393774,140056645.99634093,ANDHRA PRADESH,Vizianagaram,Garugubilli,4811,521,28,5315
5316,37,543,04812,99335.96077284697,244952133.801209,ANDHRA PRADESH,Vizianagaram,Parvathipuram,4812,521,28,5316
5317,37,543,04813,102611.17974688351,189855266.1432267,ANDHRA PRADESH,Vizianagaram,Makkuva,4813,521,28,5317
5318,37,543,04814,82263.38247741754,169011353.82383808,ANDHRA PRADESH,Vizianagaram,Seethanagaram,4814,521,28,5318
5319,37,543,04815,96899.25868520535,170678251.25705132,ANDHRA PRADESH,Vizianagaram,Balijipeta,4815,521,28,5319
5320,37,543,04816,107965.75022849828,251466456.73024082,ANDHRA PRADESH,Vizianagaram,Bobbili,4816,521,28,5320
5321,37,543,04817,166658.71527903533,507625876.4648488,ANDHRA PRADESH,Vizianagaram,Salur,4817,521,28,5321
5322,37,543,04818,103939.1724340092,332936961.8450527,ANDHRA PRADESH,Vizianagaram,Pachipenta,4818,521,28,5322
5323,37,543,04819,75745.48813743253,169934738.8686159,ANDHRA PRADESH,Vizianagaram,Ramabhadrapuram,4819,521,28,5323
5324,37,543,04820,63374.04902968134,120326079.53150152,ANDHRA PRADESH,Vizianagaram,Badangi,4820,521,28,5324
5325,37,543,04821,113916.59755806188,194493032.78619176,ANDHRA PRADESH,Vizianagaram,Therlam,4821,521,28,5325
5326,37,543,04822,105662.73802585092,191717200.10361427,ANDHRA PRADESH,Vizianagaram,Merakamudidam,4822,521,28,5326
5327,37,543,04823,87705.94151406824,186974624.82156235,ANDHRA PRADESH,Vizianagaram,Dattirajeru,4823,521,28,5327
5328,37,543,04824,89208.61363436437,195279603.2784154,ANDHRA PRADESH,Vizianagaram,Mentada,4824,521,28,5328
5329,37,543,04825,74056.219073795,141690754.26773834,ANDHRA PRADESH,Vizianagaram,Gajapathinagaram,4825,521,28,5329
5330,37,543,04826,136069.82853045018,151288873.50204846,ANDHRA PRADESH,Vizianagaram,Garividi,4826,521,28,5330
5331,37,543,04827,71468.74941401753,134847592.39217636,ANDHRA PRADESH,Vizianagaram,Cheepurupalle,4827,521,28,5331
5332,37,543,04828,102348.01200623708,187383350.48133978,ANDHRA PRADESH,Vizianagaram,Gurla,4828,521,28,5332
5333,37,543,04829,106561.30191563178,172327289.1765759,ANDHRA PRADESH,Vizianagaram,Bondapalle,4829,521,28,5333
5334,37,543,04830,111146.90709210165,182855640.21031392,ANDHRA PRADESH,Vizianagaram,Gantyada,4830,521,28,5334
5335,37,543,04831,76084.7520673828,152613323.99580604,ANDHRA PRADESH,Vizianagaram,Srungavarapukota,4831,521,28,5335
5336,37,543,04832,73361.8980154531,174409962.26222515,ANDHRA PRADESH,Vizianagaram,Vepada,4832,521,28,5336
5337,37,543,04833,64282.60061490161,138970445.2357927,ANDHRA PRADESH,Vizianagaram,Lakkavarapukota,4833,521,28,5337
5338,37,543,04834,72013.75994444375,146985744.1135494,ANDHRA PRADESH,Vizianagaram,Kothavalasa,4834,521,28,5338
5339,37,543,04835,77973.92838274113,136954023.55531898,ANDHRA PRADESH,Vizianagaram,Jami,4835,521,28,5339
5340,37,543,04836,72407.45295941815,144091556.2233866,ANDHRA PRADESH,Vizianagaram,Vizianagaram,4836,521,28,5340
5341,37,543,04837,102343.6432110363,154994316.61052623,ANDHRA PRADESH,Vizianagaram,Nellimarla,4837,521,28,5341
5342,37,543,04838,65206.7411148279,185903281.7628831,ANDHRA PRADESH,Vizianagaram,Pusapatirega,4838,521,28,5342
5343,37,543,04839,75901.69034683102,140598616.3161392,ANDHRA PRADESH,Vizianagaram,Denkada,4839,521,28,5343
5344,37,543,04840,74204.2198438986,126582100.67399527,ANDHRA PRADESH,Vizianagaram,Bhogapuram,4840,521,28,5344
5345,37,544,04841,178604.83928470756,625178339.5495051,ANDHRA PRADESH,Visakhapatnam,Munchingi Puttu,4841,520,28,5345
5346,37,544,04842,194460.14597886236,522692945.82236946,ANDHRA PRADESH,Visakhapatnam,Peda Bayalu,4842,520,28,5346
5347,37,544,04843,181587.5416510066,357587611.02951443,ANDHRA PRADESH,Visakhapatnam,Dumbriguda,4843,520,28,5347
5348,37,544,04844,159299.83949270527,369420087.70382404,ANDHRA PRADESH,Visakhapatnam,Araku Valley,4844,520,28,5348
5349,37,544,04845,281514.0212829805,933920373.5901297,ANDHRA PRADESH,Visakhapatnam,Ananthagiri,4845,520,28,5349
5350,37,544,04846,211284.42244796696,447982095.436182,ANDHRA PRADESH,Visakhapatnam,Hukumpeta,4846,520,28,5350
5351,37,544,04847,180218.24728627357,443208713.731396,ANDHRA PRADESH,Visakhapatnam,Paderu,4847,520,28,5351
5352,37,544,04848,232065.44694031324,802980099.540934,ANDHRA PRADESH,Visakhapatnam,G.Madugula,4848,520,28,5352
5353,37,544,04849,207469.00271856174,681190871.2418826,ANDHRA PRADESH,Visakhapatnam,Chintapalle,4849,520,28,5353
5354,37,544,04850,191045.61390500952,1079643422.2113247,ANDHRA PRADESH,Visakhapatnam,Gudem Kotha Veedhi,4850,520,28,5354
5355,37,544,04851,334456.06056176906,1056318745.2695946,ANDHRA PRADESH,Visakhapatnam,Koyyuru,4851,520,28,5355
5356,37,544,04852,133090.604371786,323697123.69456595,ANDHRA PRADESH,Visakhapatnam,Nathavaram,4852,520,28,5356
5357,37,544,04853,128963.66043273015,263196770.34654334,ANDHRA PRADESH,Visakhapatnam,Golugonda,4853,520,28,5357
5358,37,544,04854,71016.70784342584,112260256.42153357,ANDHRA PRADESH,Visakhapatnam,Narsipatnam,4854,520,28,5358
5359,37,544,04855,91269.46161258598,155349428.82768792,ANDHRA PRADESH,Visakhapatnam,Rolugunta,4855,520,28,5359
5360,37,544,04856,103611.24362428633,258513855.2018968,ANDHRA PRADESH,Visakhapatnam,Ravikamatham,4856,520,28,5360
5361,37,544,04857,113211.78246985897,201251674.85400558,ANDHRA PRADESH,Visakhapatnam,Madugula,4857,520,28,5361
5362,37,544,04858,84968.38422844387,131543841.66006093,ANDHRA PRADESH,Visakhapatnam,Cheedikada,4858,520,28,5362
5363,37,544,04859,117416.96349852312,196175298.7638849,ANDHRA PRADESH,Visakhapatnam,Devarapalle,4859,520,28,5363
5364,37,544,04860,64032.14809201968,166124049.59192976,ANDHRA PRADESH,Visakhapatnam,K.Kotapadu,4860,520,28,5364
5365,37,544,04861,72147.89240147064,182505339.74796537,ANDHRA PRADESH,Visakhapatnam,Sabbavaram,4861,520,28,5365
5366,37,544,04862,70920.82446056925,123389451.41571233,ANDHRA PRADESH,Visakhapatnam,Pendurthi,4862,520,28,5366
5367,37,544,04863,83605.72901129647,218620553.82233694,ANDHRA PRADESH,Visakhapatnam,Anandapuram,4863,520,28,5367
5368,37,544,04864,91179.99560006517,151778310.93188065,ANDHRA PRADESH,Visakhapatnam,Padmanabham,4864,520,28,5368
5369,37,544,04865,102140.48429092013,145932537.20863646,ANDHRA PRADESH,Visakhapatnam,Bheemunipatnam,4865,520,28,5369
5370,37,544,04866,96105.11770685451,145802917.00703755,ANDHRA PRADESH,Visakhapatnam,Visakhapatnam (Rural),4866,520,28,5370
5371,37,544,04867,72242.9655676604,108693910.38201219,ANDHRA PRADESH,Visakhapatnam,Visakhapatnam (Urban),4867,520,28,5371
5372,37,544,04868,45050.78360681117,89629708.89678766,ANDHRA PRADESH,Visakhapatnam,Pedagantyada,4868,520,28,5372
5373,37,544,04869,78892.6503639855,123136381.52417831,ANDHRA PRADESH,Visakhapatnam,Gajuwaka,4869,520,28,5373
5374,37,544,04870,84274.9796924941,162048076.16517732,ANDHRA PRADESH,Visakhapatnam,Paravada,4870,520,28,5374
5375,37,544,04871,78892.72924349474,205555230.49207318,ANDHRA PRADESH,Visakhapatnam,Anakapalle,4871,520,28,5375
5376,37,544,04872,70625.5979843889,161344843.41920877,ANDHRA PRADESH,Visakhapatnam,Chodavaram,4872,520,28,5376
5377,37,544,04873,85642.93061809163,199743455.01584455,ANDHRA PRADESH,Visakhapatnam,Butchayyapeta,4873,520,28,5377
5378,37,544,04874,98600.40954297176,259567633.8059277,ANDHRA PRADESH,Visakhapatnam,Kotauratla,4874,520,28,5378
5379,37,544,04875,73159.72153553498,184589568.39756107,ANDHRA PRADESH,Visakhapatnam,Makavarapalem,4875,520,28,5379
5380,37,544,04876,86050.16255256798,187202847.6350595,ANDHRA PRADESH,Visakhapatnam,Kasimkota,4876,520,28,5380
5381,37,544,04877,86058.98548262594,89130423.36134921,ANDHRA PRADESH,Visakhapatnam,Munagapaka,4877,520,28,5381
5382,37,544,04878,96348.50179190436,156611720.88490784,ANDHRA PRADESH,Visakhapatnam,Atchutapuram,4878,520,28,5382
5383,37,544,04879,73235.39891522506,136309783.38791364,ANDHRA PRADESH,Visakhapatnam,Yelamanchili,4879,520,28,5383
5384,37,544,04880,89602.0488522608,250317204.8522565,ANDHRA PRADESH,Visakhapatnam,Nakkapalle,4880,520,28,5384
5385,37,544,04881,62626.18155149141,121650826.96593699,ANDHRA PRADESH,Visakhapatnam,Payakaraopeta,4881,520,28,5385
5386,37,544,04882,88754.18552957482,184162348.6208601,ANDHRA PRADESH,Visakhapatnam,S.Rayavaram,4882,520,28,5386
5387,37,544,04883,83571.01655962388,168033824.0547439,ANDHRA PRADESH,Visakhapatnam,Rambilli,4883,520,28,5387
5388,37,545,04730,101231.93330425945,363812747.5756089,ANDHRA PRADESH,East Godavari,Nellipaka,4730,505,28,5388
5389,37,545,04731,100856.462062577,237906397.07664388,ANDHRA PRADESH,East Godavari,Kunavaram,4731,505,28,5389
5390,37,545,04732,273523.08293067775,1162500584.906228,ANDHRA PRADESH,East Godavari,Chintur,4732,505,28,5390
5391,37,545,04733,107070.36792087482,585916742.5887403,ANDHRA PRADESH,East Godavari,Vararamachandrapuram,4733,505,28,5391
5392,37,545,04884,190274.8682545777,1079631039.9411705,ANDHRA PRADESH,East Godavari,Maredumilli,4884,505,28,5392
5393,37,545,04885,143600.08169379385,377220892.59985083,ANDHRA PRADESH,East Godavari,Devipatnam,4885,505,28,5393
5394,37,545,04886,238104.12396542032,1011380207.0881444,ANDHRA PRADESH,East Godavari,Y. Ramavaram,4886,505,28,5394
5395,37,545,04887,194863.87035055878,547768450.727142,ANDHRA PRADESH,East Godavari,Addateegala,4887,505,28,5395
5396,37,545,04888,154619.87488130335,528930254.4092378,ANDHRA PRADESH,East Godavari,Rajavommangi,4888,505,28,5396
5397,37,545,04889,79332.83062936211,122377365.51203142,ANDHRA PRADESH,East Godavari,Kotananduru,4889,505,28,5397
5398,37,545,04890,109507.06671539268,239246919.46410754,ANDHRA PRADESH,East Godavari,Tuni,4890,505,28,5398
5399,37,545,04891,92560.20471668098,253215480.06561312,ANDHRA PRADESH,East Godavari,Rowthulapudi,4891,505,28,5399
5400,37,545,04892,123573.21479141501,188822289.73341894,ANDHRA PRADESH,East Godavari,Sankhavaram,4892,505,28,5400
5401,37,545,04893,106834.99940488905,130190006.27585696,ANDHRA PRADESH,East Godavari,Yeleswaram,4893,505,28,5401
5402,37,545,04894,146563.67160623043,378717085.0028324,ANDHRA PRADESH,East Godavari,Gangavaram,4894,505,28,5402
5403,37,545,04895,142592.402646824,516373979.94857854,ANDHRA PRADESH,East Godavari,Rampachodavaram,4895,505,28,5403
5404,37,545,04896,82333.94939779265,145908039.44715625,ANDHRA PRADESH,East Godavari,Seethanagaram,4896,505,28,5404
5405,37,545,04897,110940.49401400883,220185393.91678023,ANDHRA PRADESH,East Godavari,Gokavaram,4897,505,28,5405
5406,37,545,04898,79333.1685036602,200838570.7270163,ANDHRA PRADESH,East Godavari,Jaggampeta,4898,505,28,5406
5407,37,545,04899,62084.41216155578,86390034.13034421,ANDHRA PRADESH,East Godavari,Kirlampudi,4899,505,28,5407
5408,37,545,04900,105074.71442346119,300082249.59390914,ANDHRA PRADESH,East Godavari,Prathipadu,4900,505,28,5408
5409,37,545,04901,76619.3980485467,192146016.03455994,ANDHRA PRADESH,East Godavari,Thondangi,4901,505,28,5409
5410,37,545,04902,69000.29691217672,141274713.04451987,ANDHRA PRADESH,East Godavari,Gollaprolu,4902,505,28,5410
5411,37,545,04903,76301.67176560975,166327989.3529316,ANDHRA PRADESH,East Godavari,Peddapuram,4903,505,28,5411
5412,37,545,04904,75637.74609616293,167882225.25588205,ANDHRA PRADESH,East Godavari,Gandepalle,4904,505,28,5412
5413,37,545,04905,93332.70171055001,203954405.49165198,ANDHRA PRADESH,East Godavari,Korukonda,4905,505,28,5413
5414,37,545,04906,36792.17451971189,35412579.54001049,ANDHRA PRADESH,East Godavari,Rajahmundry (Urban),4906,505,28,5414
5415,37,545,04907,64379.751648591046,77489969.36320242,ANDHRA PRADESH,East Godavari,Rajahmundry Rural,4907,505,28,5415
5416,37,545,04908,113745.60994418124,246600120.3406079,ANDHRA PRADESH,East Godavari,Rajanagaram,4908,505,28,5416
5417,37,545,04909,84418.1435390636,166435254.88028133,ANDHRA PRADESH,East Godavari,Rangampeta,4909,505,28,5417
5418,37,545,04910,89371.79332831067,161537514.35538533,ANDHRA PRADESH,East Godavari,Samalkota,4910,505,28,5418
5419,37,545,04911,71500.06081353062,138284216.07335952,ANDHRA PRADESH,East Godavari,Pithapuram,4911,505,28,5419
5420,37,545,04912,58909.06359806559,119832035.00139736,ANDHRA PRADESH,East Godavari,Kothapalle,4912,505,28,5420
5421,37,545,04913,74736.70821210537,80319495.43477553,ANDHRA PRADESH,East Godavari,Kakinada (Rural),4913,505,28,5421
5422,37,545,04914,32259.165847200748,42647138.48130057,ANDHRA PRADESH,East Godavari,Kakinada (Urban),4914,505,28,5422
5423,37,545,04915,63526.78305551269,116501765.6694525,ANDHRA PRADESH,East Godavari,Pedapudi,4915,505,28,5423
5424,37,545,04916,67885.56639393007,111457409.72070697,ANDHRA PRADESH,East Godavari,Biccavolu,4916,505,28,5424
5425,37,545,04917,50993.6548811063,64517999.90978328,ANDHRA PRADESH,East Godavari,Anaparthy,4917,505,28,5425
5426,37,545,04918,46514.16193382365,72361358.62898766,ANDHRA PRADESH,East Godavari,Kadiam,4918,505,28,5426
5427,37,545,04919,146330.86710523648,292174268.731513,ANDHRA PRADESH,East Godavari,Atreyapuram,4919,505,28,5427
5428,37,545,04920,63550.184866708325,120233217.28379802,ANDHRA PRADESH,East Godavari,Mandapeta,4920,505,28,5428
5429,37,545,04921,59444.23252463829,84114653.93799056,ANDHRA PRADESH,East Godavari,Rayavaram,4921,505,28,5429
5430,37,545,04922,72405.33950318009,114450577.21284774,ANDHRA PRADESH,East Godavari,Karapa,4922,505,28,5430
5431,37,545,04923,67274.88286705664,125513005.31407167,ANDHRA PRADESH,East Godavari,Kajuluru,4923,505,28,5431
5432,37,545,04924,62047.70315112292,118255686.60414265,ANDHRA PRADESH,East Godavari,Ramachandrapuram,4924,505,28,5432
5433,37,545,04925,52718.969270934576,86490066.11940165,ANDHRA PRADESH,East Godavari,Alamuru,4925,505,28,5433
5434,37,545,04926,58808.37136074049,104684506.02544996,ANDHRA PRADESH,East Godavari,Ravulapalem,4926,505,28,5434
5435,37,545,04927,61908.651469639095,93738607.40948008,ANDHRA PRADESH,East Godavari,Kothapeta,4927,505,28,5435
5436,37,545,04928,64924.213498981204,130284814.63051575,ANDHRA PRADESH,East Godavari,Kapileswarapuram,4928,505,28,5436
5437,37,545,04929,93440.16377774526,138792528.98677692,ANDHRA PRADESH,East Godavari,Pamarru,4929,505,28,5437
5438,37,545,04930,179663.20123524798,304895597.5612107,ANDHRA PRADESH,East Godavari,Thallarevu,4930,505,28,5438
5439,37,545,04931,123422.64780807267,256620209.23112372,ANDHRA PRADESH,East Godavari,I. Polavaram,4931,505,28,5439
5440,37,545,04932,72715.01520603999,108683455.07069567,ANDHRA PRADESH,East Godavari,Mummidivaram,4932,505,28,5440
5441,37,545,04933,65037.94489239037,106998755.25546964,ANDHRA PRADESH,East Godavari,Ainavilli,4933,505,28,5441
5442,37,545,04934,63771.097035037106,125552917.56544736,ANDHRA PRADESH,East Godavari,P.Gannavaram,4934,505,28,5442
5443,37,545,04935,77776.66289400273,78263811.7303817,ANDHRA PRADESH,East Godavari,Ambajipeta,4935,505,28,5443
5444,37,545,04936,67851.65184241818,109448472.1588023,ANDHRA PRADESH,East Godavari,Mamidikuduru,4936,505,28,5444
5445,37,545,04937,60577.891983870344,94563938.59032077,ANDHRA PRADESH,East Godavari,Razole,4937,505,28,5445
5446,37,545,04938,65212.48230878894,101488542.8155697,ANDHRA PRADESH,East Godavari,Malikipuram,4938,505,28,5446
5447,37,545,04939,62644.33116393782,129502010.32843354,ANDHRA PRADESH,East Godavari,Sakhinetipalle,4939,505,28,5447
5448,37,545,04940,53987.58210489541,117898391.59390873,ANDHRA PRADESH,East Godavari,Allavaram,4940,505,28,5448
5449,37,545,04941,76168.81022421297,67870476.0507428,ANDHRA PRADESH,East Godavari,Amalapuram,4941,505,28,5449
5450,37,545,04942,62728.419318474924,131284581.89122635,ANDHRA PRADESH,East Godavari,Uppalaguptam,4942,505,28,5450
5451,37,545,04943,95084.22558307224,192770062.2446678,ANDHRA PRADESH,East Godavari,Katrenikona,4943,505,28,5451
5452,37,546,04734,123243.9346950805,389179409.60664487,ANDHRA PRADESH,West Godavari,Velairpadu,4734,523,28,5452
5453,37,546,04735,123627.50400822988,333488972.55478567,ANDHRA PRADESH,West Godavari,Kukunoor,4735,523,28,5453
5454,37,546,04944,125330.05779689907,376980467.8523449,ANDHRA PRADESH,West Godavari,Chintalapudi,4944,523,28,5454
5455,37,546,04945,78299.51719773632,228032706.84326372,ANDHRA PRADESH,West Godavari,Lingapalem,4945,523,28,5455
5456,37,546,04946,114783.55708218057,312887610.3319975,ANDHRA PRADESH,West Godavari,T.Narasapuram,4946,523,28,5456
5457,37,546,04947,93119.35963924677,237079290.40857017,ANDHRA PRADESH,West Godavari,Jeelugu Milli,4947,523,28,5457
5458,37,546,04948,160295.3609233623,586413244.1425875,ANDHRA PRADESH,West Godavari,Buttayagudem,4948,523,28,5458
5459,37,546,04949,144807.4515497702,470614122.1224289,ANDHRA PRADESH,West Godavari,Polavaram,4949,523,28,5459
5460,37,546,04950,52320.28496055196,97822472.41263343,ANDHRA PRADESH,West Godavari,Tallapudi,4950,523,28,5460
5461,37,546,04951,97810.94444142125,223435794.09296924,ANDHRA PRADESH,West Godavari,Gopalapuram,4951,523,28,5461
5462,37,546,04952,125241.46059607528,198809314.78567427,ANDHRA PRADESH,West Godavari,Koyyalagudem,4952,523,28,5462
5463,37,546,04953,115656.31906859369,232554912.7363653,ANDHRA PRADESH,West Godavari,Jangareddigudem,4953,523,28,5463
5464,37,546,04954,80095.16186722623,233317835.67872056,ANDHRA PRADESH,West Godavari,Kamavarapukota,4954,523,28,5464
5465,37,546,04955,115066.1543108052,271549230.1466607,ANDHRA PRADESH,West Godavari,Dwarakatirumala,4955,523,28,5465
5466,37,546,04956,91726.77685761743,264106873.7589333,ANDHRA PRADESH,West Godavari,Nallajerla,4956,523,28,5466
5467,37,546,04957,93213.39807324244,239537445.09207252,ANDHRA PRADESH,West Godavari,Devarapalle,4957,523,28,5467
5468,37,546,04958,74740.41846664819,108756427.01242913,ANDHRA PRADESH,West Godavari,Kovvur,4958,523,28,5468
5469,37,546,04959,54348.4417241465,118045165.47015141,ANDHRA PRADESH,West Godavari,Chagallu,4959,523,28,5469
5470,37,546,04960,85864.794167516,147361109.60363367,ANDHRA PRADESH,West Godavari,Nidadavole,4960,523,28,5470
5471,37,546,04961,90438.64649362677,238115983.13517714,ANDHRA PRADESH,West Godavari,Tadepalligudem,4961,523,28,5471
5472,37,546,04962,85142.70541196114,221942917.40297598,ANDHRA PRADESH,West Godavari,Unguturu,4962,523,28,5472
5473,37,546,04963,88497.99052148854,236247641.8852303,ANDHRA PRADESH,West Godavari,Bhimadole,4963,523,28,5473
5474,37,546,04964,109985.52211956913,284474960.54142684,ANDHRA PRADESH,West Godavari,Pedavegi,4964,523,28,5474
5475,37,546,04965,87112.13628314577,187069072.02766156,ANDHRA PRADESH,West Godavari,Pedapadu,4965,523,28,5475
5476,37,546,04966,116979.00761947,256515785.8013185,ANDHRA PRADESH,West Godavari,Eluru,4966,523,28,5476
5477,37,546,04967,87841.59242742325,202968254.99162853,ANDHRA PRADESH,West Godavari,Denduluru,4967,523,28,5477
5478,37,546,04968,62451.82332124607,127347597.22845176,ANDHRA PRADESH,West Godavari,Nidamarru,4968,523,28,5478
5479,37,546,04969,81465.98793311957,128684284.23814675,ANDHRA PRADESH,West Godavari,Pentapadu,4969,523,28,5479
5480,37,546,04970,46388.56360267856,88838497.08740759,ANDHRA PRADESH,West Godavari,Undrajavaram,4970,523,28,5480
5481,37,546,04971,68509.52344003119,86695275.73476554,ANDHRA PRADESH,West Godavari,Peravali,4971,523,28,5481
5482,37,546,04972,65010.59380669854,84534548.83220732,ANDHRA PRADESH,West Godavari,Tanuku,4972,523,28,5482
5483,37,546,04973,65806.79512078485,93297261.7213164,ANDHRA PRADESH,West Godavari,Attili,4973,523,28,5483
5484,37,546,04974,70493.19483486409,110286895.8315047,ANDHRA PRADESH,West Godavari,Ganapavaram,4974,523,28,5484
5485,37,546,04975,71100.33523664332,130956496.25483337,ANDHRA PRADESH,West Godavari,Akividu,4975,523,28,5485
5486,37,546,04976,66553.14086606786,142013383.0932708,ANDHRA PRADESH,West Godavari,Undi,4976,523,28,5486
5487,37,546,04977,67439.1764663942,100837917.2546365,ANDHRA PRADESH,West Godavari,Palacoderu,4977,523,28,5487
5488,37,546,04978,62131.198074808824,89608934.86101985,ANDHRA PRADESH,West Godavari,Penumantra,4978,523,28,5488
5489,37,546,04979,62201.927989889504,87079434.2426179,ANDHRA PRADESH,West Godavari,Iragavaram,4979,523,28,5489
5490,37,546,04980,39641.424551403245,74012717.02208717,ANDHRA PRADESH,West Godavari,Penugonda,4980,523,28,5490
5491,37,546,04981,44874.901648680265,74059251.24572705,ANDHRA PRADESH,West Godavari,Achanta,4981,523,28,5491
5492,37,546,04982,54850.10402801137,100088955.20009413,ANDHRA PRADESH,West Godavari,Poduru,4982,523,28,5492
5493,37,546,04983,73787.30613159377,106666611.94760488,ANDHRA PRADESH,West Godavari,Veeravasaram,4983,523,28,5493
5494,37,546,04984,92483.26922016926,212025134.70093903,ANDHRA PRADESH,West Godavari,Bhimavaram,4984,523,28,5494
5495,37,546,04985,85154.14762288524,172424668.13847148,ANDHRA PRADESH,West Godavari,Kalla,4985,523,28,5495
5496,37,546,04986,84908.88753413057,151757241.01405793,ANDHRA PRADESH,West Godavari,Mogalthur,4986,523,28,5496
5497,37,546,04987,92361.4082430589,171672051.64686158,ANDHRA PRADESH,West Godavari,Narasapuram,4987,523,28,5497
5498,37,546,04988,56345.94366691512,94259120.91263872,ANDHRA PRADESH,West Godavari,Palacole,4988,523,28,5498
5499,37,546,04989,53375.17401308436,88983019.00846457,ANDHRA PRADESH,West Godavari,Yelamanchili,4989,523,28,5499
5500,37,547,04990,94013.47891507155,212708778.00470847,ANDHRA PRADESH,Krishna,Vatsavai,4990,510,28,5500
5501,37,547,04991,117999.89678950846,299563408.1547972,ANDHRA PRADESH,Krishna,Jaggayyapeta,4991,510,28,5501
5502,37,547,04992,69134.32610435647,180605181.60556772,ANDHRA PRADESH,Krishna,Penuganchiprolu,4992,510,28,5502
5503,37,547,04993,103828.02335158778,202095379.17167577,ANDHRA PRADESH,Krishna,Nandigama,4993,510,28,5503
5504,37,547,04994,89027.1346967718,227714516.73251903,ANDHRA PRADESH,Krishna,Veerullapadu,4994,510,28,5504
5505,37,547,04995,88606.45129780921,216887123.0610858,ANDHRA PRADESH,Krishna,Mylavaram,4995,510,28,5505
5506,37,547,04996,103933.1047387789,243251756.9582661,ANDHRA PRADESH,Krishna,Gampalagudem,4996,510,28,5506
5507,37,547,04997,86448.07365905258,215142272.3515588,ANDHRA PRADESH,Krishna,Tiruvuru,4997,510,28,5507
5508,37,547,04998,85075.54754990306,220116483.90118098,ANDHRA PRADESH,Krishna,A.Konduru,4998,510,28,5508
5509,37,547,04999,79075.09284674613,192977087.40197647,ANDHRA PRADESH,Krishna,Reddigudem,4999,510,28,5509
5510,37,547,05000,82033.71492608279,227568569.00619403,ANDHRA PRADESH,Krishna,Vissannapet,5000,510,28,5510
5511,37,547,05001,79560.73337056232,258973840.10670155,ANDHRA PRADESH,Krishna,Chatrai,5001,510,28,5511
5512,37,547,05002,85900.18660955285,232190007.28218606,ANDHRA PRADESH,Krishna,Musunuru,5002,510,28,5512
5513,37,547,05003,117849.1185251517,308757157.02173305,ANDHRA PRADESH,Krishna,Nuzvid,5003,510,28,5513
5514,37,547,05004,127299.98773602858,243927365.6451643,ANDHRA PRADESH,Krishna,Bapulapadu,5004,510,28,5514
5515,37,547,05005,97197.80493701453,241607944.0439531,ANDHRA PRADESH,Krishna,Agiripalle,5005,510,28,5515
5516,37,547,05006,93115.35148772116,265823679.43929234,ANDHRA PRADESH,Krishna,G.Konduru,5006,510,28,5516
5517,37,547,05007,66269.0781586914,207710238.57285762,ANDHRA PRADESH,Krishna,Kanchikacherla,5007,510,28,5517
5518,37,547,05008,91214.74580635174,263292861.11964324,ANDHRA PRADESH,Krishna,Chandarlapadu,5008,510,28,5518
5519,37,547,05009,79953.69015879765,170732697.84088153,ANDHRA PRADESH,Krishna,Ibrahimpatnam,5009,510,28,5519
5520,37,547,05010,43570.59009956275,57803766.72933069,ANDHRA PRADESH,Krishna,Vijayawada (Urban),5010,510,28,5520
5521,37,547,05011,108684.56962576807,205616799.95188105,ANDHRA PRADESH,Krishna,Vijayawada (Rural),5011,510,28,5521
5522,37,547,05012,72246.45118574839,220519433.44119024,ANDHRA PRADESH,Krishna,Gannavaram,5012,510,28,5522
5523,37,547,05013,77595.98260430493,161835183.93711072,ANDHRA PRADESH,Krishna,Unguturu,5013,510,28,5523
5524,37,547,05014,89296.57427288404,181906251.58158922,ANDHRA PRADESH,Krishna,Nandivada,5014,510,28,5524
5525,37,547,05015,82155.95994961268,178983215.93754306,ANDHRA PRADESH,Krishna,Mandavalli,5015,510,28,5525
5526,37,547,05016,87255.39943219101,178028769.8150314,ANDHRA PRADESH,Krishna,Kaikalur,5016,510,28,5526
5527,37,547,05017,87898.23349187881,194221533.7377527,ANDHRA PRADESH,Krishna,Kalidindi,5017,510,28,5527
5528,37,547,05018,88397.47090563332,200398829.39885214,ANDHRA PRADESH,Krishna,Kruthivennu,5018,510,28,5528
5529,37,547,05019,79027.04500772155,138652671.47161424,ANDHRA PRADESH,Krishna,Bantumilli,5019,510,28,5529
5530,37,547,05020,89599.70250651533,192366903.24479306,ANDHRA PRADESH,Krishna,Mudinepalle,5020,510,28,5530
5531,37,547,05021,73420.57907195136,128033990.6473082,ANDHRA PRADESH,Krishna,Gudivada,5021,510,28,5531
5532,37,547,05022,63358.595218505325,99259615.38809325,ANDHRA PRADESH,Krishna,Pedaparupudi,5022,510,28,5532
5533,37,547,05023,73747.86779219989,123682721.13905708,ANDHRA PRADESH,Krishna,Kankipadu,5023,510,28,5533
5534,37,547,05024,60473.94781731544,95989973.32721455,ANDHRA PRADESH,Krishna,Penamaluru,5024,510,28,5534
5535,37,547,05025,60828.72112071001,117401567.30137597,ANDHRA PRADESH,Krishna,Thotlavalluru,5025,510,28,5535
5536,37,547,05026,68527.08304707312,130177901.90382628,ANDHRA PRADESH,Krishna,Pamidimukkala,5026,510,28,5536
5537,37,547,05027,53123.99975071022,93422732.36183333,ANDHRA PRADESH,Krishna,Vuyyuru,5027,510,28,5537
5538,37,547,05028,67842.12612993384,132352382.38314858,ANDHRA PRADESH,Krishna,Pamarru,5028,510,28,5538
5539,37,547,05029,69903.9156838035,136859321.3637528,ANDHRA PRADESH,Krishna,Gudlavalleru,5029,510,28,5539
5540,37,547,05030,82534.39777903153,154365388.264095,ANDHRA PRADESH,Krishna,Pedana,5030,510,28,5540
5541,37,547,05031,72413.98435481019,139276182.41605067,ANDHRA PRADESH,Krishna,Guduru,5031,510,28,5541
5542,37,547,05032,83471.07835251317,155427901.0310017,ANDHRA PRADESH,Krishna,Movva,5032,510,28,5542
5543,37,547,05033,83297.52448401666,128359833.40813188,ANDHRA PRADESH,Krishna,Ghantasala,5033,510,28,5543
5544,37,547,05034,141537.6909136158,441821629.9328695,ANDHRA PRADESH,Krishna,Machilipatnam,5034,510,28,5544
5545,37,547,05035,80775.6557947316,101752404.07245392,ANDHRA PRADESH,Krishna,Challapalle,5035,510,28,5545
5546,37,547,05036,49619.81679294268,92667775.28364165,ANDHRA PRADESH,Krishna,Mopidevi,5036,510,28,5546
5547,37,547,05037,49167.88678646357,81459408.314764,ANDHRA PRADESH,Krishna,Avanigadda,5037,510,28,5547
5548,37,547,05038,117871.05809469012,446574019.04312104,ANDHRA PRADESH,Krishna,Nagayalanka,5038,510,28,5548
5549,37,547,05039,77633.49354921687,235072109.1259046,ANDHRA PRADESH,Krishna,Koduru,5039,510,28,5549
5550,37,548,05040,107251.59475628,332106271.207751,ANDHRA PRADESH,Guntur,Macherla,5040,506,28,5550
5551,37,548,05041,165277.96598356141,565960166.3337188,ANDHRA PRADESH,Guntur,Veldurthi,5041,506,28,5551
5552,37,548,05042,183609.04230558866,500247085.28704786,ANDHRA PRADESH,Guntur,Durgi,5042,506,28,5552
5553,37,548,05043,76884.50909353471,217440162.490318,ANDHRA PRADESH,Guntur,Rentachintala,5043,506,28,5553
5554,37,548,05044,106350.91750504619,286663424.2976729,ANDHRA PRADESH,Guntur,Gurazala,5044,506,28,5554
5555,37,548,05045,95634.45121742034,314106496.79759735,ANDHRA PRADESH,Guntur,Dachepalle,5045,506,28,5555
5556,37,548,05046,92200.86103338422,242628126.78116772,ANDHRA PRADESH,Guntur,Karempudi,5046,506,28,5556
5557,37,548,05047,118555.34035263352,286362468.6889232,ANDHRA PRADESH,Guntur,Piduguralla,5047,506,28,5557
5558,37,548,05048,79211.19284950684,219285676.39469886,ANDHRA PRADESH,Guntur,Machavaram,5048,506,28,5558
5559,37,548,05049,192868.9578195078,393622763.0906543,ANDHRA PRADESH,Guntur,Bellamkonda,5049,506,28,5559
5560,37,548,05050,163273.59122275622,232256018.555581,ANDHRA PRADESH,Guntur,Atchampet,5050,506,28,5560
5561,37,548,05051,92871.67872753354,179301568.17285693,ANDHRA PRADESH,Guntur,Krosuru,5051,506,28,5561
5562,37,548,05052,108636.20784223867,233190744.4485814,ANDHRA PRADESH,Guntur,Amaravathi,5052,506,28,5562
5563,37,548,05053,63648.00002373811,203144615.7542034,ANDHRA PRADESH,Guntur,Thullur,5053,506,28,5563
5564,37,548,05054,41281.05587496832,80066362.39999662,ANDHRA PRADESH,Guntur,Tadepalle,5054,506,28,5564
5565,37,548,05055,71115.95629577176,154607502.6946768,ANDHRA PRADESH,Guntur,Mangalagiri,5055,506,28,5565
5566,37,548,05056,88236.65081014283,204657380.92779368,ANDHRA PRADESH,Guntur,Tadikonda,5056,506,28,5566
5567,37,548,05057,73119.46404869403,152900165.25360683,ANDHRA PRADESH,Guntur,Pedakurapadu,5057,506,28,5567
5568,37,548,05058,98564.16011591285,259734717.00166973,ANDHRA PRADESH,Guntur,Sattenapalle,5058,506,28,5568
5569,37,548,05059,90140.61758474314,180203808.35819224,ANDHRA PRADESH,Guntur,Rajupalem,5059,506,28,5569
5570,37,548,05060,123600.79518569556,287699365.5040129,ANDHRA PRADESH,Guntur,Nekarikallu,5060,506,28,5570
5571,37,548,05061,162818.0051571228,771746268.0989234,ANDHRA PRADESH,Guntur,Bollapalle,5061,506,28,5571
5572,37,548,05062,132877.93835283848,306340742.2406985,ANDHRA PRADESH,Guntur,Vinukonda,5062,506,28,5572
5573,37,548,05063,122062.02105689369,384338025.60984,ANDHRA PRADESH,Guntur,Nuzendla,5063,506,28,5573
5574,37,548,05064,73964.22551639004,160644229.67848265,ANDHRA PRADESH,Guntur,Savalyapuram H/O Kanamarlapudi,5064,506,28,5574
5575,37,548,05065,113116.82350834446,222620937.6321668,ANDHRA PRADESH,Guntur,Ipur,5065,506,28,5575
5576,37,548,05066,84296.23739588952,234934001.87596723,ANDHRA PRADESH,Guntur,Rompicherla,5066,506,28,5576
5577,37,548,05067,94119.23599490426,257392121.67815074,ANDHRA PRADESH,Guntur,Narasaraopet,5067,506,28,5577
5578,37,548,05068,58702.31217614604,144589416.66213357,ANDHRA PRADESH,Guntur,Muppalla,5068,506,28,5578
5579,37,548,05069,67223.65089599486,160983262.4732912,ANDHRA PRADESH,Guntur,Nadendla,5069,506,28,5579
5580,37,548,05070,86789.96444354863,249713177.45889837,ANDHRA PRADESH,Guntur,"Chilakaluripet
 H/O.Purushoth*",5070,506,28,5580
5581,37,548,05071,113374.7857617261,197854564.77034172,ANDHRA PRADESH,Guntur,Edlapadu,5071,506,28,5581
5582,37,548,05072,82657.31432164442,162202618.1614747,ANDHRA PRADESH,Guntur,Phirangipuram,5072,506,28,5582
5583,37,548,05073,75871.53750612224,148194282.80373174,ANDHRA PRADESH,Guntur,Medikonduru,5073,506,28,5583
5584,37,548,05074,90692.89820843539,211025576.99790972,ANDHRA PRADESH,Guntur,Guntur,5074,506,28,5584
5585,37,548,05075,59694.47023635096,130735892.05191891,ANDHRA PRADESH,Guntur,Pedakakani,5075,506,28,5585
5586,37,548,05076,62595.35268939431,160041253.46269998,ANDHRA PRADESH,Guntur,Duggirala,5076,506,28,5586
5587,37,548,05077,63375.589547738346,121156727.73699528,ANDHRA PRADESH,Guntur,Kollipara,5077,506,28,5587
5588,37,548,05078,67783.57820846728,126188530.59027189,ANDHRA PRADESH,Guntur,Tenali,5078,506,28,5588
5589,37,548,05079,61770.46318429092,142573733.78537664,ANDHRA PRADESH,Guntur,Chebrolu,5079,506,28,5589
5590,37,548,05080,65308.8234355711,127431868.89054556,ANDHRA PRADESH,Guntur,Vatticherukuru,5080,506,28,5590
5591,37,548,05081,76904.86983899654,134172121.7133249,ANDHRA PRADESH,Guntur,Prathipadu,5081,506,28,5591
5592,37,548,05082,93428.01216312315,153857397.1001157,ANDHRA PRADESH,Guntur,Pedanandipadu,5082,506,28,5592
5593,37,548,05083,94515.11133779038,195422671.30130708,ANDHRA PRADESH,Guntur,Kakumanu,5083,506,28,5593
5594,37,548,05084,83308.72005506906,187653342.16802663,ANDHRA PRADESH,Guntur,Ponnur,5084,506,28,5594
5595,37,548,05085,58997.54854545112,115084615.15460548,ANDHRA PRADESH,Guntur,Tsundur,5085,506,28,5595
5596,37,548,05086,62157.02920926674,135706174.6765693,ANDHRA PRADESH,Guntur,Amruthalur,5086,506,28,5596
5597,37,548,05087,55606.36138158981,110986578.51137821,ANDHRA PRADESH,Guntur,Vemuru,5087,506,28,5597
5598,37,548,05088,65013.277690414565,128630992.72793457,ANDHRA PRADESH,Guntur,Kollur,5088,506,28,5598
5599,37,548,05089,70031.87180449272,104151417.94951743,ANDHRA PRADESH,Guntur,Bhattiprolu,5089,506,28,5599
5600,37,548,05090,57167.462685424674,106142607.30381688,ANDHRA PRADESH,Guntur,Cherukupalle H/O Arumbaka,5090,506,28,5600
5601,37,548,05091,62743.51722803018,77708900.68723466,ANDHRA PRADESH,Guntur,Pittalavanipalem,5091,506,28,5601
5602,37,548,05092,64055.65966904792,114231680.85152805,ANDHRA PRADESH,Guntur,Karlapalem,5092,506,28,5602
5603,37,548,05093,127067.03496838875,288257464.764811,ANDHRA PRADESH,Guntur,Bapatla,5093,506,28,5603
5604,37,548,05094,110646.31059927063,202761880.8991,ANDHRA PRADESH,Guntur,Nizampatnam,5094,506,28,5604
5605,37,548,05095,104283.65370674137,155598771.3693578,ANDHRA PRADESH,Guntur,Nagaram,5095,506,28,5605
5606,37,548,05096,179591.97046532016,290503868.96391284,ANDHRA PRADESH,Guntur,Repalle,5096,506,28,5606
5607,37,549,05097,107848.37251252223,333105200.9783719,ANDHRA PRADESH,Prakasam,Yerragondapalem,5097,517,28,5607
5608,37,549,05098,152571.10418684233,756533544.6308869,ANDHRA PRADESH,Prakasam,Pullalacheruvu,5098,517,28,5608
5609,37,549,05099,113698.31887163849,298861473.7634151,ANDHRA PRADESH,Prakasam,Tripuranthakam,5099,517,28,5609
5610,37,549,05100,300649.73492543027,1881370835.5139937,ANDHRA PRADESH,Prakasam,Dornala,5100,517,28,5610
5611,37,549,05101,144114.5716305151,294473804.47172344,ANDHRA PRADESH,Prakasam,Peda  Araveedu,5101,517,28,5611
5612,37,549,05102,101087.53479154178,377774416.16540676,ANDHRA PRADESH,Prakasam,Donakonda,5102,517,28,5612
5613,37,549,05103,104622.27554708689,301778644.6483714,ANDHRA PRADESH,Prakasam,Kurichedu,5103,517,28,5613
5614,37,549,05104,99756.46140582279,227297037.02051702,ANDHRA PRADESH,Prakasam,Santhamaguluru,5104,517,28,5614
5615,37,549,05105,94606.58898200792,245331256.111198,ANDHRA PRADESH,Prakasam,Ballikurava,5105,517,28,5615
5616,37,549,05106,74751.4898605995,196763120.847002,ANDHRA PRADESH,Prakasam,Martur,5106,517,28,5616
5617,37,549,05107,59277.98088837631,114695579.96261846,ANDHRA PRADESH,Prakasam,Yeddana Pudi,5107,517,28,5617
5618,37,549,05108,99869.52938448006,242616031.0697179,ANDHRA PRADESH,Prakasam,Parchur,5108,517,28,5618
5619,37,549,05109,76529.25591309147,176398194.96918464,ANDHRA PRADESH,Prakasam,Karamchedu,5109,517,28,5619
5620,37,549,05110,85080.05073062876,157425290.49366128,ANDHRA PRADESH,Prakasam,Inkollu,5110,517,28,5620
5621,37,549,05111,75065.54381795283,183868969.08612034,ANDHRA PRADESH,Prakasam,Janakavarampanguluru,5111,517,28,5621
5622,37,549,05112,107269.32830600979,282377157.76407415,ANDHRA PRADESH,Prakasam,Addanki,5112,517,28,5622
5623,37,549,05113,110968.06221211572,358530056.61394143,ANDHRA PRADESH,Prakasam,Mundlamuru,5113,517,28,5623
5624,37,549,05114,138314.69240289042,397526569.13578147,ANDHRA PRADESH,Prakasam,Darsi,5114,517,28,5624
5625,37,549,05115,145874.46661084762,333266389.9506784,ANDHRA PRADESH,Prakasam,Markapur,5115,517,28,5625
5626,37,549,05116,183874.40948057792,766452694.735219,ANDHRA PRADESH,Prakasam,Ardhaveedu,5116,517,28,5626
5627,37,549,05117,92367.94306565713,148846043.33421052,ANDHRA PRADESH,Prakasam,Cumbum,5117,517,28,5627
5628,37,549,05118,94983.49282686545,289475773.60478103,ANDHRA PRADESH,Prakasam,Tarlupadu,5118,517,28,5628
5629,37,549,05119,147978.27704357845,505638119.1263548,ANDHRA PRADESH,Prakasam,Konakanamitla,5119,517,28,5629
5630,37,549,05120,157416.76346875748,359878454.71496755,ANDHRA PRADESH,Prakasam,Podili,5120,517,28,5630
5631,37,549,05121,90520.50101874964,212051883.06276444,ANDHRA PRADESH,Prakasam,Thallur,5121,517,28,5631
5632,37,549,05122,84167.55559636156,162418766.376278,ANDHRA PRADESH,Prakasam,Korisapadu,5122,517,28,5632
5633,37,549,05123,74091.00727014484,114245904.40175925,ANDHRA PRADESH,Prakasam,Chirala,5123,517,28,5633
5634,37,549,05124,48214.72574942522,99655609.1719106,ANDHRA PRADESH,Prakasam,Vetapalem,5124,517,28,5634
5635,37,549,05125,81183.52118166175,186041731.32287362,ANDHRA PRADESH,Prakasam,Chinaganjam,5125,517,28,5635
5636,37,549,05126,144990.4068971924,279759128.97375053,ANDHRA PRADESH,Prakasam,Naguluppala Padu,5126,517,28,5636
5637,37,549,05127,73799.8062940138,181276936.5101259,ANDHRA PRADESH,Prakasam,Maddipadu,5127,517,28,5637
5638,37,549,05128,103083.34927757813,311769563.49468046,ANDHRA PRADESH,Prakasam,Chimakurthi,5128,517,28,5638
5639,37,549,05129,129127.10118798858,423317223.5576808,ANDHRA PRADESH,Prakasam,Marripudi,5129,517,28,5639
5640,37,549,05130,110010.26536725358,439669335.4210329,ANDHRA PRADESH,Prakasam,Hanumanthuni Padu,5130,517,28,5640
5641,37,549,05131,180461.65092817586,635892603.5146078,ANDHRA PRADESH,Prakasam,Bestawaripeta,5131,517,28,5641
5642,37,549,05132,136583.7862933398,354422001.0151084,ANDHRA PRADESH,Prakasam,Racherla,5132,517,28,5642
5643,37,549,05133,183658.24532097884,818730061.9577478,ANDHRA PRADESH,Prakasam,Giddalur,5133,517,28,5643
5644,37,549,05134,128645.62799546281,276700278.92267543,ANDHRA PRADESH,Prakasam,Komarolu,5134,517,28,5644
5645,37,549,05135,117055.4279203954,421783190.47055745,ANDHRA PRADESH,Prakasam,Veligandla,5135,517,28,5645
5646,37,549,05136,211455.50685044835,554799081.685313,ANDHRA PRADESH,Prakasam,Kanigiri,5136,517,28,5646
5647,37,549,05137,86028.77434497772,231595579.923006,ANDHRA PRADESH,Prakasam,Kondapi,5137,517,28,5647
5648,37,549,05138,90264.5342732419,229040547.7116761,ANDHRA PRADESH,Prakasam,Santhanuthala Padu,5138,517,28,5648
5649,37,549,05139,100581.50523447631,223567078.08767486,ANDHRA PRADESH,Prakasam,Ongole,5139,517,28,5649
5650,37,549,05140,76237.9379542307,183731230.2603616,ANDHRA PRADESH,Prakasam,Kotha Patnam,5140,517,28,5650
5651,37,549,05141,114204.30601381604,219454121.49458554,ANDHRA PRADESH,Prakasam,Tangutur,5141,517,28,5651
5652,37,549,05142,140394.8650472044,198713058.88591856,ANDHRA PRADESH,Prakasam,Zarugumilli,5142,517,28,5652
5653,37,549,05143,91097.05181428764,315268482.06059796,ANDHRA PRADESH,Prakasam,Ponnaluru,5143,517,28,5653
5654,37,549,05144,115600.71651294509,385809978.83629185,ANDHRA PRADESH,Prakasam,Pedacherlo Palle,5144,517,28,5654
5655,37,549,05145,126057.15427681325,617187166.4678059,ANDHRA PRADESH,Prakasam,Chandra Sekhara Puram,5145,517,28,5655
5656,37,549,05146,144096.68736087575,446639631.1162782,ANDHRA PRADESH,Prakasam,Pamur,5146,517,28,5656
5657,37,549,05147,134063.32258171978,277086693.46733904,ANDHRA PRADESH,Prakasam,Voletivaripalem,5147,517,28,5657
5658,37,549,05148,88867.26326373755,238875735.88631597,ANDHRA PRADESH,Prakasam,Kandukur,5148,517,28,5658
5659,37,549,05149,54708.30768432545,121995550.76465274,ANDHRA PRADESH,Prakasam,Singarayakonda,5149,517,28,5659
5660,37,549,05150,123807.6948996522,252428719.28207582,ANDHRA PRADESH,Prakasam,Lingasamudram,5150,517,28,5660
5661,37,549,05151,95014.21635047648,266892624.83028132,ANDHRA PRADESH,Prakasam,Gudluru,5151,517,28,5661
5662,37,549,05152,83489.88955570379,202694462.57314333,ANDHRA PRADESH,Prakasam,Ulavapadu,5152,517,28,5662
5663,37,550,05153,105482.45343409305,376013253.7976031,ANDHRA PRADESH,Sri Potti Sriramulu Nellore,Seetharamapuram,5153,515,28,5663
5664,37,550,05154,144171.18824200702,404003126.329246,ANDHRA PRADESH,Sri Potti Sriramulu Nellore,Udayagiri,5154,515,28,5664
5665,37,550,05155,126794.92142317448,366769546.9335727,ANDHRA PRADESH,Sri Potti Sriramulu Nellore,Varikuntapadu,5155,515,28,5665
5666,37,550,05156,112371.71673460903,380325657.1477511,ANDHRA PRADESH,Sri Potti Sriramulu Nellore,Kondapuram,5156,515,28,5666
5667,37,550,05157,92308.54858441936,330045327.2149189,ANDHRA PRADESH,Sri Potti Sriramulu Nellore,Jaladanki,5157,515,28,5667
5668,37,550,05158,110855.8656273458,353901724.22551316,ANDHRA PRADESH,Sri Potti Sriramulu Nellore,Kavali,5158,515,28,5668
5669,37,550,05159,88095.81101564132,196159093.61793882,ANDHRA PRADESH,Sri Potti Sriramulu Nellore,Bogole,5159,515,28,5669
5670,37,550,05160,102103.24909944496,434384981.4332219,ANDHRA PRADESH,Sri Potti Sriramulu Nellore,Kaligiri,5160,515,28,5670
5671,37,550,05161,113306.30798145347,308026115.12363976,ANDHRA PRADESH,Sri Potti Sriramulu Nellore,Vinjamur,5161,515,28,5671
5672,37,550,05162,95316.9754388021,294361960.86993647,ANDHRA PRADESH,Sri Potti Sriramulu Nellore,Duttalur,5162,515,28,5672
5673,37,550,05163,155984.15398554679,672862559.5795393,ANDHRA PRADESH,Sri Potti Sriramulu Nellore,Marripadu,5163,515,28,5673
5674,37,550,05164,119140.85611652838,322226646.943999,ANDHRA PRADESH,Sri Potti Sriramulu Nellore,Atmakur,5164,515,28,5674
5675,37,550,05165,101108.91537845605,319708152.3366519,ANDHRA PRADESH,Sri Potti Sriramulu Nellore,Anumasamudrampeta,5165,515,28,5675
5676,37,550,05166,91366.44577385849,269918538.1232583,ANDHRA PRADESH,Sri Potti Sriramulu Nellore,Dagadarthi,5166,515,28,5676
5677,37,550,05167,65947.65095328442,203690453.26138207,ANDHRA PRADESH,Sri Potti Sriramulu Nellore,Allur,5167,515,28,5677
5678,37,550,05168,71787.57584147678,180748430.26780427,ANDHRA PRADESH,Sri Potti Sriramulu Nellore,Vidavalur,5168,515,28,5678
5679,37,550,05169,65258.05753403108,119117882.986134,ANDHRA PRADESH,Sri Potti Sriramulu Nellore,Kodavalur,5169,515,28,5679
5680,37,550,05170,60366.47641965808,126510580.8937452,ANDHRA PRADESH,Sri Potti Sriramulu Nellore,Buchireddipalem,5170,515,28,5680
5681,37,550,05171,90322.30040842526,226967866.54365942,ANDHRA PRADESH,Sri Potti Sriramulu Nellore,Sangam,5171,515,28,5681
5682,37,550,05172,119076.66662178033,332291928.219249,ANDHRA PRADESH,Sri Potti Sriramulu Nellore,Chejerla,5172,515,28,5682
5683,37,550,05173,95235.21278179412,330392213.76704705,ANDHRA PRADESH,Sri Potti Sriramulu Nellore,Ananthasagaram,5173,515,28,5683
5684,37,550,05174,132133.51549508842,407212632.76736903,ANDHRA PRADESH,Sri Potti Sriramulu Nellore,Kaluvoya,5174,515,28,5684
5685,37,550,05175,133743.56955051556,591567322.7233863,ANDHRA PRADESH,Sri Potti Sriramulu Nellore,Rapur,5175,515,28,5685
5686,37,550,05176,129969.91021794024,469843182.76918095,ANDHRA PRADESH,Sri Potti Sriramulu Nellore,Podalakur,5176,515,28,5686
5687,37,550,05177,129717.77933407197,380155607.74102503,ANDHRA PRADESH,Sri Potti Sriramulu Nellore,Nellore,5177,515,28,5687
5688,37,550,05178,60993.43055834332,93633988.08319996,ANDHRA PRADESH,Sri Potti Sriramulu Nellore,Kovur,5178,515,28,5688
5689,37,550,05179,63229.884915553404,152810020.7321899,ANDHRA PRADESH,Sri Potti Sriramulu Nellore,Indukurpet,5179,515,28,5689
5690,37,550,05180,60887.35122101575,167369543.67098606,ANDHRA PRADESH,Sri Potti Sriramulu Nellore,Thotapalligudur,5180,515,28,5690
5691,37,550,05181,80873.23740292688,193245845.11195377,ANDHRA PRADESH,Sri Potti Sriramulu Nellore,Muthukur,5181,515,28,5691
5692,37,550,05182,123641.99295428302,323914650.0634628,ANDHRA PRADESH,Sri Potti Sriramulu Nellore,Venkatachalam,5182,515,28,5692
5693,37,550,05183,95428.57302430806,238570854.70204052,ANDHRA PRADESH,Sri Potti Sriramulu Nellore,Manubolu,5183,515,28,5693
5694,37,550,05184,101029.76865040914,265578511.5405093,ANDHRA PRADESH,Sri Potti Sriramulu Nellore,Gudur,5184,515,28,5694
5695,37,550,05185,107058.10663942808,371769409.9333009,ANDHRA PRADESH,Sri Potti Sriramulu Nellore,Sydapuram,5185,515,28,5695
5696,37,550,05186,92928.27964503174,279039893.38740456,ANDHRA PRADESH,Sri Potti Sriramulu Nellore,Dakkili,5186,515,28,5696
5697,37,550,05187,160773.22856548717,417734813.8331031,ANDHRA PRADESH,Sri Potti Sriramulu Nellore,Venkatagiri,5187,515,28,5697
5698,37,550,05188,101661.38011482413,288541855.3282803,ANDHRA PRADESH,Sri Potti Sriramulu Nellore,Balayapalle,5188,515,28,5698
5699,37,550,05189,97577.3253806613,252280955.53331578,ANDHRA PRADESH,Sri Potti Sriramulu Nellore,Ojili,5189,515,28,5699
5700,37,550,05190,138986.39328064545,358107508.1211068,ANDHRA PRADESH,Sri Potti Sriramulu Nellore,Chillakur,5190,515,28,5700
5701,37,550,05191,97583.59177751913,198054556.56645826,ANDHRA PRADESH,Sri Potti Sriramulu Nellore,Kota,5191,515,28,5701
5702,37,550,05192,110126.15535413097,257461970.97874653,ANDHRA PRADESH,Sri Potti Sriramulu Nellore,Vakadu,5192,515,28,5702
5703,37,550,05193,110843.44222838941,283946537.70708036,ANDHRA PRADESH,Sri Potti Sriramulu Nellore,Chittamur,5193,515,28,5703
5704,37,550,05194,116331.19009408695,182189113.230507,ANDHRA PRADESH,Sri Potti Sriramulu Nellore,Naidupet,5194,515,28,5704
5705,37,550,05195,84676.3758733565,197528899.81381637,ANDHRA PRADESH,Sri Potti Sriramulu Nellore,Pellakur,5195,515,28,5705
5706,37,550,05196,118198.72783151545,296348628.36892736,ANDHRA PRADESH,Sri Potti Sriramulu Nellore,Doravarisatram,5196,515,28,5706
5707,37,550,05197,171870.80472524383,451024983.78931457,ANDHRA PRADESH,Sri Potti Sriramulu Nellore,Sullurpeta,5197,515,28,5707
5708,37,550,05198,120742.23989500383,511368182.4336604,ANDHRA PRADESH,Sri Potti Sriramulu Nellore,Tada,5198,515,28,5708
5709,37,551,05199,121290.65256681618,400514251.71401525,ANDHRA PRADESH,Y.S.R.,Kondapuram,5199,504,28,5709
5710,37,551,05200,121110.7260205901,448542336.7437894,ANDHRA PRADESH,Y.S.R.,Mylavaram,5200,504,28,5710
5711,37,551,05201,106243.1132677007,264906561.03093088,ANDHRA PRADESH,Y.S.R.,Peddamudium,5201,504,28,5711
5712,37,551,05202,81454.41286296432,212067722.50849512,ANDHRA PRADESH,Y.S.R.,Rajupalem,5202,504,28,5712
5713,37,551,05203,108286.2962408732,218273592.03714976,ANDHRA PRADESH,Y.S.R.,Duvvur,5203,504,28,5713
5714,37,551,05204,115879.32867843627,462311406.81887335,ANDHRA PRADESH,Y.S.R.,S.Mydukur,5204,504,28,5714
5715,37,551,05205,93228.16727967242,338996302.3997751,ANDHRA PRADESH,Y.S.R.,Brahmamgarimattam,5205,504,28,5715
5716,37,551,05206,102049.42009525109,421810317.6469856,ANDHRA PRADESH,Y.S.R.,Sri Avadhutha Kasinayana,5206,504,28,5716
5717,37,551,05207,112407.37323997224,375001549.11812294,ANDHRA PRADESH,Y.S.R.,Kalasapadu,5207,504,28,5717
5718,37,551,05208,128265.92030675226,394120534.8344582,ANDHRA PRADESH,Y.S.R.,Porumamilla,5208,504,28,5718
5719,37,551,05209,67064.20224042377,142766619.0822232,ANDHRA PRADESH,Y.S.R.,B.Kodur,5209,504,28,5719
5720,37,551,05210,110932.79227483651,257346116.70546383,ANDHRA PRADESH,Y.S.R.,Badvel,5210,504,28,5720
5721,37,551,05211,156102.81190054122,576786218.8299168,ANDHRA PRADESH,Y.S.R.,Gopavaram,5211,504,28,5721
5722,37,551,05212,89294.99787780257,255938801.8715889,ANDHRA PRADESH,Y.S.R.,Khajipet,5212,504,28,5722
5723,37,551,05213,74265.00737644413,139187648.97445306,ANDHRA PRADESH,Y.S.R.,Chapad,5213,504,28,5723
5724,37,551,05214,92053.46967969416,185260690.86483264,ANDHRA PRADESH,Y.S.R.,Proddatur,5214,504,28,5724
5725,37,551,05215,94416.7652818743,310168942.3909252,ANDHRA PRADESH,Y.S.R.,Jammalamadugu,5215,504,28,5725
5726,37,551,05216,111023.30128623622,352103428.52298975,ANDHRA PRADESH,Y.S.R.,Muddanur,5216,504,28,5726
5727,37,551,05217,106815.68076758976,320684564.5849055,ANDHRA PRADESH,Y.S.R.,Simhadripuram,5217,504,28,5727
5728,37,551,05218,113399.92088462411,317801718.6154958,ANDHRA PRADESH,Y.S.R.,Lingala,5218,504,28,5728
5729,37,551,05219,89249.5938052218,201179168.77083284,ANDHRA PRADESH,Y.S.R.,Pulivendla,5219,504,28,5729
5730,37,551,05220,93889.26915357276,241689434.70194376,ANDHRA PRADESH,Y.S.R.,Vemula,5220,504,28,5730
5731,37,551,05221,105012.84627260808,280028609.94514155,ANDHRA PRADESH,Y.S.R.,Thondur,5221,504,28,5731
5732,37,551,05222,103007.670067707,311279391.82112134,ANDHRA PRADESH,Y.S.R.,Veerapunayunipalle,5222,504,28,5732
5733,37,551,05223,86065.8825871713,263143675.0718783,ANDHRA PRADESH,Y.S.R.,Yerraguntla,5223,504,28,5733
5734,37,551,05224,78477.7127754135,190839650.69120312,ANDHRA PRADESH,Y.S.R.,Kamalapuram,5224,504,28,5734
5735,37,551,05225,77230.59021653855,155147081.79603744,ANDHRA PRADESH,Y.S.R.,Vallur,5225,504,28,5735
5736,37,551,05226,63606.779995465484,103864098.03107907,ANDHRA PRADESH,Y.S.R.,Chennur,5226,504,28,5736
5737,37,551,05227,84308.51383601992,191944339.79188722,ANDHRA PRADESH,Y.S.R.,Atlur,5227,504,28,5737
5738,37,551,05228,160942.27089044973,519603285.0187682,ANDHRA PRADESH,Y.S.R.,Vontimitta,5228,504,28,5738
5739,37,551,05229,126205.49255508902,443668725.2334375,ANDHRA PRADESH,Y.S.R.,Sidhout,5229,504,28,5739
5740,37,551,05230,55115.2316000638,96443694.01557335,ANDHRA PRADESH,Y.S.R.,Kadapa,5230,504,28,5740
5741,37,551,05231,92556.32014021499,355835087.7467956,ANDHRA PRADESH,Y.S.R.,Chinthakommadinne,5231,504,28,5741
5742,37,551,05232,171810.05736643585,611073945.9730319,ANDHRA PRADESH,Y.S.R.,Pendlimarri,5232,504,28,5742
5743,37,551,05233,108175.44631914249,233298005.02155983,ANDHRA PRADESH,Y.S.R.,Vempalle,5233,504,28,5743
5744,37,551,05234,82183.33967922679,282272780.0041791,ANDHRA PRADESH,Y.S.R.,Chakrayapet,5234,504,28,5744
5745,37,551,05235,120763.82897817854,405428254.4726554,ANDHRA PRADESH,Y.S.R.,Galiveedu,5235,504,28,5745
5746,37,551,05236,74792.63148297141,209743098.62442842,ANDHRA PRADESH,Y.S.R.,Chinnamandem,5236,504,28,5746
5747,37,551,05237,79119.80090396693,260456419.15592694,ANDHRA PRADESH,Y.S.R.,Sambepalle,5237,504,28,5747
5748,37,551,05238,134368.34415991162,419346545.9184527,ANDHRA PRADESH,Y.S.R.,T Sundupalle,5238,504,28,5748
5749,37,551,05239,111713.27412011447,234139680.75925016,ANDHRA PRADESH,Y.S.R.,Rayachoti,5239,504,28,5749
5750,37,551,05240,88007.63424708192,240061740.6534339,ANDHRA PRADESH,Y.S.R.,Lakkireddipalle,5240,504,28,5750
5751,37,551,05241,92855.83498322572,204523238.99184754,ANDHRA PRADESH,Y.S.R.,Ramapuram,5241,504,28,5751
5752,37,551,05242,158809.91115738626,635583444.550728,ANDHRA PRADESH,Y.S.R.,Veeraballe,5242,504,28,5752
5753,37,551,05243,104583.7832810465,237488337.2690988,ANDHRA PRADESH,Y.S.R.,Nandalur,5243,504,28,5753
5754,37,551,05244,127055.14758545606,365380100.37057364,ANDHRA PRADESH,Y.S.R.,Penagalur,5244,504,28,5754
5755,37,551,05245,195947.63339179545,529199223.88551915,ANDHRA PRADESH,Y.S.R.,Chitvel,5245,504,28,5755
5756,37,551,05246,125726.59913533865,320809301.79311717,ANDHRA PRADESH,Y.S.R.,Rajampet,5246,504,28,5756
5757,37,551,05247,254321.96251799876,1081078829.7175534,ANDHRA PRADESH,Y.S.R.,Pullampeta,5247,504,28,5757
5758,37,551,05248,102640.98438387769,235699906.55287093,ANDHRA PRADESH,Y.S.R.,Obulavaripalle,5248,504,28,5758
5759,37,551,05249,105364.4721564119,205563537.08953983,ANDHRA PRADESH,Y.S.R.,Kodur,5249,504,28,5759
5760,37,552,05250,85380.17086287882,198375914.90012997,ANDHRA PRADESH,Kurnool,Mantralayam,5250,511,28,5760
5761,37,552,05251,83606.48207596509,255464909.3504477,ANDHRA PRADESH,Kurnool,Kosigi,5251,511,28,5761
5762,37,552,05252,109447.80685245706,407024500.99575764,ANDHRA PRADESH,Kurnool,Kowthalam,5252,511,28,5762
5763,37,552,05253,119644.73851200436,252576627.18034446,ANDHRA PRADESH,Kurnool,Pedda Kadubur,5253,511,28,5763
5764,37,552,05254,104683.59192700256,332922998.13920915,ANDHRA PRADESH,Kurnool,Yemmiganur,5254,511,28,5764
5765,37,552,05255,90748.57978691268,280662748.10941,ANDHRA PRADESH,Kurnool,Nandavaram,5255,511,28,5765
5766,37,552,05256,93371.15859523539,232732320.71948966,ANDHRA PRADESH,Kurnool,C.Belagal,5256,511,28,5766
5767,37,552,05257,95703.23553544792,180069082.2424727,ANDHRA PRADESH,Kurnool,Gudur,5257,511,28,5767
5768,37,552,05258,120282.68021654518,358553654.8907407,ANDHRA PRADESH,Kurnool,Kallur,5258,511,28,5768
5769,37,552,05259,156521.77644552788,395360853.08223003,ANDHRA PRADESH,Kurnool,Kurnool,5259,511,28,5769
5770,37,552,05260,64929.01486543554,193698155.6487369,ANDHRA PRADESH,Kurnool,Nandikotkur,5260,511,28,5770
5771,37,552,05261,67321.9485021247,164030964.11814275,ANDHRA PRADESH,Kurnool,Pagidyala,5261,511,28,5771
5772,37,552,05262,96010.41513502947,244445503.25402522,ANDHRA PRADESH,Kurnool,Jupadu Bungalow,5262,511,28,5772
5773,37,552,05263,126242.07880158478,511594082.711449,ANDHRA PRADESH,Kurnool,Kothapalle,5263,511,28,5773
5774,37,552,05264,53896.95648564731,92512520.80930322,ANDHRA PRADESH,Kurnool,Srisailam,0,511,28,5774
5775,37,552,05265,156268.96492298628,922849934.8586117,ANDHRA PRADESH,Kurnool,Atmakur,5265,511,28,5775
5776,37,552,05266,106963.64429365826,212829575.86045843,ANDHRA PRADESH,Kurnool,Pamulapadu,5266,511,28,5776
5777,37,552,05267,101482.67554218043,331974691.5569343,ANDHRA PRADESH,Kurnool,Midthur,5267,511,28,5777
5778,37,552,05268,114203.36565327764,380204060.80940956,ANDHRA PRADESH,Kurnool,Orvakal,5268,511,28,5778
5779,37,552,05269,139644.24901602,261005759.5009061,ANDHRA PRADESH,Kurnool,Kodumur,5269,511,28,5779
5780,37,552,05270,128521.63927939556,305691310.7193126,ANDHRA PRADESH,Kurnool,Gonegandla,5270,511,28,5780
5781,37,552,05271,175203.17147564428,605690330.07454,ANDHRA PRADESH,Kurnool,Adoni,5271,511,28,5781
5782,37,552,05272,115799.18082299444,349565939.6749725,ANDHRA PRADESH,Kurnool,Holagunda,5272,511,28,5782
5783,37,552,05273,140863.85861238092,312881091.4465704,ANDHRA PRADESH,Kurnool,Halaharvi,5273,511,28,5783
5784,37,552,05274,124800.61253559528,390800731.263018,ANDHRA PRADESH,Kurnool,Alur,5274,511,28,5784
5785,37,552,05275,135771.38029860726,465799519.824017,ANDHRA PRADESH,Kurnool,Aspari,5275,511,28,5785
5786,37,552,05276,147826.47167839415,520761411.4608389,ANDHRA PRADESH,Kurnool,Devanakonda,5276,511,28,5786
5787,37,552,05277,163943.47499038363,436914302.9794483,ANDHRA PRADESH,Kurnool,Krishnagiri,5277,511,28,5787
5788,37,552,05278,116013.61864090517,384751088.7405284,ANDHRA PRADESH,Kurnool,Veldurthi,5278,511,28,5788
5789,37,552,05279,132769.86066131262,358549820.6860042,ANDHRA PRADESH,Kurnool,Bethamcherla,5279,511,28,5789
5790,37,552,05280,148671.7058370235,480453416.3546302,ANDHRA PRADESH,Kurnool,Panyam,5280,511,28,5790
5791,37,552,05281,107134.45444739088,313398137.20257,ANDHRA PRADESH,Kurnool,Gadivemula,5281,511,28,5791
5792,37,552,05282,120119.37114171332,394616882.28700995,ANDHRA PRADESH,Kurnool,Velgode,5282,511,28,5792
5793,37,552,05283,165921.07603091016,758378861.3846251,ANDHRA PRADESH,Kurnool,Bandi Atmakur,5283,511,28,5793
5794,37,552,05284,98361.9467697811,235723006.45794922,ANDHRA PRADESH,Kurnool,Nandyal,5284,511,28,5794
5795,37,552,05285,89587.75550850638,105221579.60516612,ANDHRA PRADESH,Kurnool,Mahanandi,5285,511,28,5795
5796,37,552,05286,89952.67348727168,186388826.95469627,ANDHRA PRADESH,Kurnool,Sirvel,5286,511,28,5796
5797,37,552,05287,69086.713323446,145873725.79727143,ANDHRA PRADESH,Kurnool,Gospadu,5287,511,28,5797
5798,37,552,05288,199853.40128956924,525351882.9496855,ANDHRA PRADESH,Kurnool,Banaganapalle,5288,511,28,5798
5799,37,552,05289,168371.7671908554,556375924.9404812,ANDHRA PRADESH,Kurnool,Dhone,5289,511,28,5799
5800,37,552,05290,105211.31620485049,317517267.5098986,ANDHRA PRADESH,Kurnool,Pattikonda,5290,511,28,5800
5801,37,552,05291,96651.2639037099,324066644.00917596,ANDHRA PRADESH,Kurnool,Chippagiri,5291,511,28,5801
5802,37,552,05292,80789.79007237127,256019452.72866392,ANDHRA PRADESH,Kurnool,Maddikera (East),5292,511,28,5802
5803,37,552,05293,127800.0837134749,404948349.69268775,ANDHRA PRADESH,Kurnool,Tuggali,5293,511,28,5803
5804,37,552,05294,151678.3826892139,562520274.3470291,ANDHRA PRADESH,Kurnool,Peapally,5294,511,28,5804
5805,37,552,05295,186151.45750967364,611680307.5745778,ANDHRA PRADESH,Kurnool,Owk,5295,511,28,5805
5806,37,552,05296,86929.08410538171,230737925.41875362,ANDHRA PRADESH,Kurnool,Koilkuntla,5296,511,28,5806
5807,37,552,05297,124654.10160786872,616765213.953292,ANDHRA PRADESH,Kurnool,Rudravaram,5297,511,28,5807
5808,37,552,05298,139232.56111850063,366010438.36819905,ANDHRA PRADESH,Kurnool,Allagadda,5298,511,28,5808
5809,37,552,05299,64637.86549892686,118358230.93789291,ANDHRA PRADESH,Kurnool,Dornipadu,5299,511,28,5809
5810,37,552,05300,98273.7884735755,273521294.80840683,ANDHRA PRADESH,Kurnool,Sanjamala,5300,511,28,5810
5811,37,552,05301,110692.60413112097,363487304.27773315,ANDHRA PRADESH,Kurnool,Kolimigundla,5301,511,28,5811
5812,37,552,05302,102409.97424443469,258559051.2347102,ANDHRA PRADESH,Kurnool,Uyyalawada,5302,511,28,5812
5813,37,552,05303,117710.89874907405,393602348.2403033,ANDHRA PRADESH,Kurnool,Chagalamarri,5303,511,28,5813
5814,37,553,05304,144350.84599185994,363374605.9161908,ANDHRA PRADESH,Anantapur,D.Hirehal,5304,502,28,5814
5815,37,553,05305,125020.97710809694,363610720.1439357,ANDHRA PRADESH,Anantapur,Rayadurg,5305,502,28,5815
5816,37,553,05306,114755.78868102696,449611654.4284079,ANDHRA PRADESH,Anantapur,Kanekal,5306,502,28,5816
5817,37,553,05307,119796.048883683,328034080.86835384,ANDHRA PRADESH,Anantapur,Bommanahal,5307,502,28,5817
5818,37,553,05308,117461.20220720483,407004911.90669864,ANDHRA PRADESH,Anantapur,Vidapanakal,5308,502,28,5818
5819,37,553,05309,115557.88180299825,407119529.9095371,ANDHRA PRADESH,Anantapur,Guntakal,5309,502,28,5819
5820,37,553,05310,104350.45984843768,316933345.90417564,ANDHRA PRADESH,Anantapur,Gooty,5310,502,28,5820
5821,37,553,05311,112377.51992845644,344463419.6465801,ANDHRA PRADESH,Anantapur,Peddavadugur,5311,502,28,5821
5822,37,553,05312,139265.0703985516,369448009.2850532,ANDHRA PRADESH,Anantapur,Yadiki,5312,502,28,5822
5823,37,553,05313,106175.83064886642,393631931.37524295,ANDHRA PRADESH,Anantapur,Tadpatri,5313,502,28,5823
5824,37,553,05314,93990.81521534933,238229638.38984996,ANDHRA PRADESH,Anantapur,Peddapappur,5314,502,28,5824
5825,37,553,05315,102012.03822179859,310926384.4502409,ANDHRA PRADESH,Anantapur,Pamidi,5315,502,28,5825
5826,37,553,05316,119383.94407852892,447616290.16088897,ANDHRA PRADESH,Anantapur,Vajrakarur,5316,502,28,5826
5827,37,553,05317,110138.40953841043,411012461.6689047,ANDHRA PRADESH,Anantapur,Uravakonda,5317,502,28,5827
5828,37,553,05318,101660.87343120901,364219897.75117576,ANDHRA PRADESH,Anantapur,Beluguppa,5318,502,28,5828
5829,37,553,05319,85053.7395207539,252396222.43007827,ANDHRA PRADESH,Anantapur,Gummagatta,5319,502,28,5829
5830,37,553,05320,85484.56782408805,306733779.75635666,ANDHRA PRADESH,Anantapur,Brahmasamudram,5320,502,28,5830
5831,37,553,05321,135515.31576087134,523431185.9706201,ANDHRA PRADESH,Anantapur,Kalyandurg,5321,502,28,5831
5832,37,553,05322,110986.49299550259,315177034.7925144,ANDHRA PRADESH,Anantapur,Atmakur,5322,502,28,5832
5833,37,553,05323,101256.04803633493,432715468.6181541,ANDHRA PRADESH,Anantapur,Kudair,5323,502,28,5833
5834,37,553,05324,96323.6681604743,327935872.47834176,ANDHRA PRADESH,Anantapur,Garladinne,5324,502,28,5834
5835,37,553,05325,108928.7855291003,354568540.9103907,ANDHRA PRADESH,Anantapur,Singanamala,5325,502,28,5835
5836,37,553,05326,113805.07175812758,368840171.9677996,ANDHRA PRADESH,Anantapur,Putlur,5326,502,28,5836
5837,37,553,05327,108738.14062887481,326930121.9959847,ANDHRA PRADESH,Anantapur,Yellanur,5327,502,28,5837
5838,37,553,05328,112879.03002371326,287777464.010908,ANDHRA PRADESH,Anantapur,Narpala,5328,502,28,5838
5839,37,553,05329,93138.2806914564,260109892.3506774,ANDHRA PRADESH,Anantapur,Bukkaraya Samudram,5329,502,28,5839
5840,37,553,05330,137178.9003427053,311554154.25785094,ANDHRA PRADESH,Anantapur,Anantapur,5330,502,28,5840
5841,37,553,05331,98897.47048598962,288880948.1313113,ANDHRA PRADESH,Anantapur,Raptadu,5331,502,28,5841
5842,37,553,05332,106897.42505025507,349906411.16783017,ANDHRA PRADESH,Anantapur,Settur,5332,502,28,5842
5843,37,553,05333,100190.97571659737,317801570.42719865,ANDHRA PRADESH,Anantapur,Kundurpi,5333,502,28,5843
5844,37,553,05334,133912.26103926625,419371957.06963253,ANDHRA PRADESH,Anantapur,Kambadur,5334,502,28,5844
5845,37,553,05335,148521.7476706523,480346246.8767298,ANDHRA PRADESH,Anantapur,Kanaganapalle,5335,502,28,5845
5846,37,553,05336,118279.7520044492,363773095.95119774,ANDHRA PRADESH,Anantapur,Dharmavaram,5336,502,28,5846
5847,37,553,05337,108324.00634940232,241887118.99959788,ANDHRA PRADESH,Anantapur,Bathalapalle,5337,502,28,5847
5848,37,553,05338,101689.45647799602,280643414.1886157,ANDHRA PRADESH,Anantapur,Tadimarri,5338,502,28,5848
5849,37,553,05339,153561.69113150382,550855783.6612747,ANDHRA PRADESH,Anantapur,Mudigubba,5339,502,28,5849
5850,37,553,05340,148799.72580635818,506105826.9737823,ANDHRA PRADESH,Anantapur,Talupula,5340,502,28,5850
5851,37,553,05341,128280.0303566312,392185436.63229805,ANDHRA PRADESH,Anantapur,Nambulipulikunta,5341,502,28,5851
5852,37,553,05342,104291.11361025821,180218828.65303874,ANDHRA PRADESH,Anantapur,Gandlapenta,5342,502,28,5852
5853,37,553,05343,146867.72470736783,258875419.5303087,ANDHRA PRADESH,Anantapur,Kadiri,5343,502,28,5853
5854,37,553,05344,94494.80593220313,289808829.1323053,ANDHRA PRADESH,Anantapur,Nallamada,5344,502,28,5854
5855,37,553,05345,110551.90647955514,364825868.5888392,ANDHRA PRADESH,Anantapur,Bukkapatnam,5345,502,28,5855
5856,37,553,05346,78743.89947018608,203461606.20813632,ANDHRA PRADESH,Anantapur,Kothacheruvu,5346,502,28,5856
5857,37,553,05347,124828.90648831875,392865955.4170029,ANDHRA PRADESH,Anantapur,Chennekothapalle,5347,502,28,5857
5858,37,553,05348,151318.69567797027,367257020.52472496,ANDHRA PRADESH,Anantapur,Ramagiri,5348,502,28,5858
5859,37,553,05349,121277.53002688498,399133829.0415583,ANDHRA PRADESH,Anantapur,Roddam,5349,502,28,5859
5860,37,553,05350,127216.5762960226,356398881.29541826,ANDHRA PRADESH,Anantapur,Madakasira,5350,502,28,5860
5861,37,553,05351,101209.78577314499,242275766.80529654,ANDHRA PRADESH,Anantapur,Amarapuram,5351,502,28,5861
5862,37,553,05352,89787.19839842552,248354977.85039875,ANDHRA PRADESH,Anantapur,Gudibanda,5352,502,28,5862
5863,37,553,05353,92448.1231032095,172789296.21634787,ANDHRA PRADESH,Anantapur,Rolla,5353,502,28,5863
5864,37,553,05354,67644.44321738125,131130018.83268107,ANDHRA PRADESH,Anantapur,Agali,5354,502,28,5864
5865,37,553,05355,71637.13909117371,167913942.82991216,ANDHRA PRADESH,Anantapur,Parigi,5355,502,28,5865
5866,37,553,05356,101797.32941274984,327135735.0659799,ANDHRA PRADESH,Anantapur,Penukonda,5356,502,28,5866
5867,37,553,05357,101556.81289109142,312784754.8651559,ANDHRA PRADESH,Anantapur,Puttaparthi,5357,502,28,5867
5868,37,553,05358,105668.38185009976,279839527.8264864,ANDHRA PRADESH,Anantapur,Obuladevaracheruvu,5358,502,28,5868
5869,37,553,05359,92477.01551899296,165874341.08859336,ANDHRA PRADESH,Anantapur,Nallacheruvu,5359,502,28,5869
5870,37,553,05360,125968.08216045088,374193106.9030979,ANDHRA PRADESH,Anantapur,Tanakal,5360,502,28,5870
5871,37,553,05361,134082.46128825608,276062229.8492404,ANDHRA PRADESH,Anantapur,Amadagur,5361,502,28,5871
5872,37,553,05362,111018.54763361377,371746917.40643865,ANDHRA PRADESH,Anantapur,Gorantla,5362,502,28,5872
5873,37,553,05363,85461.53801051344,232997849.97387812,ANDHRA PRADESH,Anantapur,Somandepalle,5363,502,28,5873
5874,37,553,05364,115830.99863300167,213515844.7143017,ANDHRA PRADESH,Anantapur,Hindupur,5364,502,28,5874
5875,37,553,05365,73907.29690382909,163696101.67616045,ANDHRA PRADESH,Anantapur,Lepakshi,5365,502,28,5875
5876,37,553,05366,92008.41384122941,257613460.17405403,ANDHRA PRADESH,Anantapur,Chilamathur,5366,502,28,5876
5877,37,554,05367,126785.29607507262,278481093.17808074,ANDHRA PRADESH,Chittoor,Mulakalacheruvu,5367,503,28,5877
5878,37,554,05368,139122.79967715105,402174837.2983758,ANDHRA PRADESH,Chittoor,Thamballapalle,5368,503,28,5878
5879,37,554,05369,95159.76078052002,280684866.0143341,ANDHRA PRADESH,Chittoor,Peddamandyam,5369,503,28,5879
5880,37,554,05370,104842.3365069026,275292929.79056686,ANDHRA PRADESH,Chittoor,Gurramkonda,5370,503,28,5880
5881,37,554,05371,107199.78495890209,241878805.84349996,ANDHRA PRADESH,Chittoor,Kalakada,5371,503,28,5881
5882,37,554,05372,118653.77972066315,397846188.7893372,ANDHRA PRADESH,Chittoor,Kambhamvaripalle,5372,503,28,5882
5883,37,554,05373,61707.45489058783,149583527.7679344,ANDHRA PRADESH,Chittoor,Rompicherla,5373,503,28,5883
5884,37,554,05374,116566.15121871882,318866958.5193,ANDHRA PRADESH,Chittoor,Yerravaripalem,5374,503,28,5884
5885,37,554,05375,67900.7336555015,95099242.52400962,ANDHRA PRADESH,Chittoor,Tirupati (Rural),5375,503,28,5885
5886,37,554,05376,88489.09930088378,194106183.22494566,ANDHRA PRADESH,Chittoor,Renigunta,5376,503,28,5886
5887,37,554,05377,100656.07325626077,242868412.46268615,ANDHRA PRADESH,Chittoor,Yerpedu,5377,503,28,5887
5888,37,554,05378,146966.87152089775,430684675.51629734,ANDHRA PRADESH,Chittoor,Srikalahasti,5378,503,28,5888
5889,37,554,05379,126253.60102374015,198461149.90915027,ANDHRA PRADESH,Chittoor,Thottambedu,5379,503,28,5889
5890,37,554,05380,84597.26550374432,135443987.33587238,ANDHRA PRADESH,Chittoor,Buchinaidu Kandriga,5380,503,28,5890
5891,37,554,05381,130299.96172495322,351850149.1920604,ANDHRA PRADESH,Chittoor,Varadaiahpalem,5381,503,28,5891
5892,37,554,05382,134142.61433080482,492105495.2337939,ANDHRA PRADESH,Chittoor,K.V.B.Puram,5382,503,28,5892
5893,37,554,05383,117181.06310758003,435977936.97410405,ANDHRA PRADESH,Chittoor,Tirupati (Urban),5383,503,28,5893
5894,37,554,05384,155204.68624079827,347872731.4334527,ANDHRA PRADESH,Chittoor,Chandragiri,5384,503,28,5894
5895,37,554,05385,68496.19517242881,184747475.2185698,ANDHRA PRADESH,Chittoor,Chinnagottigallu,5385,503,28,5895
5896,37,554,05386,129695.75704504826,244947217.44473574,ANDHRA PRADESH,Chittoor,Pileru,5386,503,28,5896
5897,37,554,05387,88758.41022696973,172555948.26189387,ANDHRA PRADESH,Chittoor,Kalikiri,5387,503,28,5897
5898,37,554,05388,84792.36087938145,221639064.07752007,ANDHRA PRADESH,Chittoor,Valmikipuram,5388,503,28,5898
5899,37,554,05389,79974.49523511555,175257012.95939946,ANDHRA PRADESH,Chittoor,Kurabalakota,5389,503,28,5899
5900,37,554,05390,113598.7202303441,292047185.3026577,ANDHRA PRADESH,Chittoor,Pedda Thippasamudram,5390,503,28,5900
5901,37,554,05391,113338.1505574917,275669391.8323836,ANDHRA PRADESH,Chittoor,B.Kothakota,5391,503,28,5901
5902,37,554,05392,112696.2693004324,368037185.02996314,ANDHRA PRADESH,Chittoor,Madanapalle,5392,503,28,5902
5903,37,554,05393,77297.45711211032,202347161.91689527,ANDHRA PRADESH,Chittoor,Nimmanapalle,5393,503,28,5903
5904,37,554,05394,105327.63279797207,211927491.01213294,ANDHRA PRADESH,Chittoor,Sodam,5394,503,28,5904
5905,37,554,05395,83426.25754319645,235749627.3863002,ANDHRA PRADESH,Chittoor,Pulicherla,5395,503,28,5905
5906,37,554,05396,107658.49698004678,189016232.1283179,ANDHRA PRADESH,Chittoor,Pakala,5396,503,28,5906
5907,37,554,05397,153934.4330799006,297195159.52836424,ANDHRA PRADESH,Chittoor,Vedurukuppam,5397,503,28,5907
5908,37,554,05398,82098.00738082506,157585276.2439186,ANDHRA PRADESH,Chittoor,Ramachandrapuram,5398,503,28,5908
5909,37,554,05399,73002.53149596963,93608222.63993816,ANDHRA PRADESH,Chittoor,Vadamalapeta,5399,503,28,5909
5910,37,554,05400,94399.48202867841,274075344.6209767,ANDHRA PRADESH,Chittoor,Narayanavanam,5400,503,28,5910
5911,37,554,05401,73420.205362015,109813243.45597468,ANDHRA PRADESH,Chittoor,Pichatur,5401,503,28,5911
5912,37,554,05402,116865.9917993377,239924774.42421037,ANDHRA PRADESH,Chittoor,Satyavedu,5402,503,28,5912
5913,37,554,05403,95896.03697944398,204688480.8733736,ANDHRA PRADESH,Chittoor,Nagalapuram,5403,503,28,5913
5914,37,554,05404,73191.72548636724,94928838.37818299,ANDHRA PRADESH,Chittoor,Nindra,5404,503,28,5914
5915,37,554,05405,98405.67970885932,114897409.53621303,ANDHRA PRADESH,Chittoor,Vijayapuram,5405,503,28,5915
5916,37,554,05406,59663.46263897037,110469129.20353374,ANDHRA PRADESH,Chittoor,Nagari,5406,503,28,5916
5917,37,554,05407,75136.88016701087,113399427.95819941,ANDHRA PRADESH,Chittoor,Puttur,5407,503,28,5917
5918,37,554,05408,84156.83439388116,192362654.38520253,ANDHRA PRADESH,Chittoor,Karvetinagar,5408,503,28,5918
5919,37,554,05409,80365.82203678814,164750719.8292626,ANDHRA PRADESH,Chittoor,Penumuru,5409,503,28,5919
5920,37,554,05410,82846.86252629386,189523730.50636652,ANDHRA PRADESH,Chittoor,Puthalapattu,5410,503,28,5920
5921,37,554,05411,82084.3133047641,226068377.9957433,ANDHRA PRADESH,Chittoor,Irala,5411,503,28,5921
5922,37,554,05412,172752.9623579959,519225084.575597,ANDHRA PRADESH,Chittoor,Somala,5412,503,28,5922
5923,37,554,05413,119335.89917876558,248922929.9567908,ANDHRA PRADESH,Chittoor,Chowdepalle,5413,503,28,5923
5924,37,554,05414,82941.45837004829,212883154.96146542,ANDHRA PRADESH,Chittoor,Ramasamudram,5414,503,28,5924
5925,37,554,05415,141280.93049697447,295741713.0604405,ANDHRA PRADESH,Chittoor,Punganur,5415,503,28,5925
5926,37,554,05416,111877.24991547268,236490621.13522163,ANDHRA PRADESH,Chittoor,Peddapanjani,5416,503,28,5926
5927,37,554,05417,137222.55220703536,246000788.45010063,ANDHRA PRADESH,Chittoor,Gangavaram,5417,503,28,5927
5928,37,554,05418,115878.94789980838,220592302.00202936,ANDHRA PRADESH,Chittoor,Thavanampalle,5418,503,28,5928
5929,37,554,05419,85673.38885099888,149703518.84723702,ANDHRA PRADESH,Chittoor,Srirangarajapuram,5419,503,28,5929
5930,37,554,05420,87023.72371499073,210230950.5147912,ANDHRA PRADESH,Chittoor,Gangadhara Nellore,5420,503,28,5930
5931,37,554,05421,114178.5920201638,200634158.26648822,ANDHRA PRADESH,Chittoor,Chittoor,5421,503,28,5931
5932,37,554,05422,106784.99333037052,272427599.59809947,ANDHRA PRADESH,Chittoor,Palamaner,5422,503,28,5932
5933,37,554,05423,96600.72440850672,240439044.3941441,ANDHRA PRADESH,Chittoor,Baireddipalle,5423,503,28,5933
5934,37,554,05424,98131.39800307676,280129145.8011451,ANDHRA PRADESH,Chittoor,Venkatagirikota,5424,503,28,5934
5935,37,554,05425,81334.2527942912,171091168.97461286,ANDHRA PRADESH,Chittoor,Santhipuram,5425,503,28,5935
5936,37,554,05426,75861.64414835232,147734241.17711258,ANDHRA PRADESH,Chittoor,Gudupalle,5426,503,28,5936
5937,37,554,05427,142303.36529539753,434026177.3710444,ANDHRA PRADESH,Chittoor,Kuppam,5427,503,28,5937
5938,37,554,05428,105615.90315632195,336689162.51688254,ANDHRA PRADESH,Chittoor,Ramakuppam,5428,503,28,5938
5939,37,554,05429,140057.95981846997,322126961.3303944,ANDHRA PRADESH,Chittoor,Bangarupalem,5429,503,28,5939
5940,37,554,05430,109896.37168200305,198383186.44800982,ANDHRA PRADESH,Chittoor,Yadamarri,5430,503,28,5940
5941,37,554,05431,82062.2884529041,184291200.45305473,ANDHRA PRADESH,Chittoor,Gudipala,5431,503,28,5941
5942,37,554,05432,117188.40346187289,205324464.08227167,ANDHRA PRADESH,Chittoor,Palasamudram,5432,503,28,5942
1550,12,245,01556,137001.6261947921,708063461.6552207,ARUNACHAL PRADESH,Tawang,Zemithang,1556,238,12,1550
1551,12,245,01557,53393.94592784001,133516293.69427845,ARUNACHAL PRADESH,Tawang,LUMLA,1557,238,12,1551
1552,12,245,01558,57617.92123822763,117499965.99013174,ARUNACHAL PRADESH,Tawang,DUDUNGHAR,0,238,12,1552
1553,12,245,01559,52030.34469754345,158402254.3937135,ARUNACHAL PRADESH,Tawang,TAWANG CIRCLE,1559,238,12,1553
1554,12,245,01560,43422.184526623016,63686291.32748389,ARUNACHAL PRADESH,Tawang,KITPI CIRCLE,1560,238,12,1554
1555,12,245,01561,44211.3495131154,96705853.86736074,ARUNACHAL PRADESH,Tawang,Jang,1561,238,12,1555
1556,12,245,01562,64443.58693695608,139459689.36339277,ARUNACHAL PRADESH,Tawang,Lhou,0,238,12,1556
1557,12,245,01563,53082.633501869095,161804323.98415193,ARUNACHAL PRADESH,Tawang,MUKTO CIRCLE,1563,238,12,1557
1558,12,245,01564,43281.164262251215,93113184.19902764,ARUNACHAL PRADESH,Tawang,Bongkhar,1563,238,12,1558
1559,12,245,01565,182351.25688657604,1343978974.6570532,ARUNACHAL PRADESH,Tawang,Thingbu,1561,238,12,1559
1560,12,246,01566,243571.12317336944,1617722052.5572674,ARUNACHAL PRADESH,West Kameng,Dirang,1566,242,12,1560
1561,12,246,01567,81685.37887490103,222969645.82677543,ARUNACHAL PRADESH,West Kameng,Thembang,0,242,12,1561
1562,12,246,01568,209453.4178151048,1384796218.1281893,ARUNACHAL PRADESH,West Kameng,Nafra,1568,242,12,1562
1563,12,246,01569,20786.445663357645,22402269.809471834,ARUNACHAL PRADESH,West Kameng,Bomdila,0,242,12,1563
1564,12,246,01570,130486.20608586037,530797311.44128853,ARUNACHAL PRADESH,West Kameng,Kalaktang,1570,242,12,1564
1565,12,246,01571,115678.47525400574,526902036.4913829,ARUNACHAL PRADESH,West Kameng,Shergaon,0,242,12,1565
1566,12,246,01572,72718.9975763245,232991555.0293818,ARUNACHAL PRADESH,West Kameng,Rupa,0,242,12,1566
1567,12,246,01573,143606.87243503577,510485103.3356415,ARUNACHAL PRADESH,West Kameng,Singchung,1573,242,12,1567
1568,12,246,01574,78227.8958615363,307723359.34177667,ARUNACHAL PRADESH,West Kameng,Jamiri,0,242,12,1568
1569,12,246,01575,106654.74409610708,349748314.13481045,ARUNACHAL PRADESH,West Kameng,Thrizino,1575,242,12,1569
1570,12,246,01576,85549.79932033175,304513719.5923404,ARUNACHAL PRADESH,West Kameng,Bhalukpong,0,242,12,1570
1571,12,246,01577,61468.15452083443,191664534.18139735,ARUNACHAL PRADESH,West Kameng,Kamengbari-Doimara,0,242,12,1571
1572,12,246,01578,62240.53770877492,192868280.84152272,ARUNACHAL PRADESH,West Kameng,Balemu,0,242,12,1572
1573,12,783,01579,176661.92828243008,1148511892.3688517,ARUNACHAL PRADESH,Pakke Kessang,Seijosa,6104,723,12,1573
1574,12,783,01580,91430.36715574266,215423701.55661756,ARUNACHAL PRADESH,Pakke Kessang,Dissing-Passo,0,723,12,1574
1575,12,783,01581,153543.79027372433,549557047.5416166,ARUNACHAL PRADESH,Pakke Kessang,Pakke-Kessang,1581,723,12,1575
1576,12,783,01582,147977.55736942994,498381048.78983235,ARUNACHAL PRADESH,Pakke Kessang,Pizirang(Veo),0,723,12,1576
1577,12,247,01583,113515.12774153503,334563340.1906337,ARUNACHAL PRADESH,East Kameng,Richukrong,0,231,12,1577
1578,12,247,01584,206724.3097150791,967624435.6343464,ARUNACHAL PRADESH,East Kameng,Seppa,1584,231,12,1578
1579,12,247,01585,137138.90670858166,744797629.9013913,ARUNACHAL PRADESH,East Kameng,Lada,0,231,12,1579
1580,12,247,01586,83628.58903426157,421416934.98809224,ARUNACHAL PRADESH,East Kameng,Bameng,1586,231,12,1580
1581,12,247,01587,105195.2566705071,385119453.8533014,ARUNACHAL PRADESH,East Kameng,Pipu-Dipu,1587,231,12,1581
1582,12,247,01588,83489.31063640502,310594265.9784365,ARUNACHAL PRADESH,East Kameng,Gyawe Purang,1588,231,12,1582
1583,12,247,01589,87933.9365866971,333223731.1352938,ARUNACHAL PRADESH,East Kameng,Khenewa,0,231,12,1583
1584,12,247,01590,94169.43215918112,398196114.1392668,ARUNACHAL PRADESH,East Kameng,Chayangtajo,1590,231,12,1584
1585,12,247,01591,227409.77907272297,1670815284.1678832,ARUNACHAL PRADESH,East Kameng,Sawa,1591,231,12,1585
1586,12,248,01592,65434.22438858257,187581564.91327566,ARUNACHAL PRADESH,Papum Pare,Balijan,6147,237,12,1586
1587,12,248,01593,77923.7795833525,154135351.0983579,ARUNACHAL PRADESH,Papum Pare,Banderdawa,0,237,12,1587
1588,12,248,01594,116494.7519517222,546862580.0405656,ARUNACHAL PRADESH,Papum Pare,Sangdupota (Besar Nello),0,237,12,1588
1589,12,248,01595,41271.844045968595,87241411.95243879,ARUNACHAL PRADESH,Papum Pare,Taraso,0,237,12,1589
1590,12,248,01596,68544.5597342895,213227509.06092265,ARUNACHAL PRADESH,Papum Pare,Itanagar,0,237,12,1590
1591,12,248,01597,75547.70657566715,191190078.10022095,ARUNACHAL PRADESH,Papum Pare,Naharlagun,0,237,12,1591
1592,12,248,01598,49075.34909109077,114295179.67203017,ARUNACHAL PRADESH,Papum Pare,Doimukh,6145,237,12,1592
1593,12,248,01599,44300.2986787769,70894160.10444741,ARUNACHAL PRADESH,Papum Pare,Gumto,0,237,12,1593
1594,12,248,01600,114861.44486017217,512693369.32271004,ARUNACHAL PRADESH,Papum Pare,Toru,6153,237,12,1594
1595,12,248,01601,94513.7001344259,422783822.5554752,ARUNACHAL PRADESH,Papum Pare,Sagalee,6150,237,12,1595
1596,12,248,01602,76742.02633242354,242079759.3733039,ARUNACHAL PRADESH,Papum Pare,Parang,0,237,12,1596
1597,12,248,01603,99170.81178989976,387028566.8906149,ARUNACHAL PRADESH,Papum Pare,Leporiang,6152,237,12,1597
1598,12,248,01604,141943.09649631428,904165866.1210884,ARUNACHAL PRADESH,Papum Pare,Mengio,6151,237,12,1598
1599,12,248,01605,107767.32517528457,464191237.17105013,ARUNACHAL PRADESH,Papum Pare,Kimin,6146,237,12,1599
1600,12,248,01606,93650.5579285166,299255701.29493207,ARUNACHAL PRADESH,Papum Pare,Kakoi,0,237,12,1600
1601,12,249,01607,136337.18377201346,675683107.0889173,ARUNACHAL PRADESH,Upper Subansiri,Taksing,0,241,12,1601
1602,12,249,01608,163363.56068964515,1229988929.63736,ARUNACHAL PRADESH,Upper Subansiri,Limeking,1608,241,12,1602
1603,12,249,01609,198158.89072086985,1668242609.0648968,ARUNACHAL PRADESH,Upper Subansiri,Nacho,1609,241,12,1603
1604,12,249,01610,159163.44382620242,853805448.2344565,ARUNACHAL PRADESH,Upper Subansiri,Siyum,1610,241,12,1604
1605,12,249,01611,168112.6102122168,770755720.3157132,ARUNACHAL PRADESH,Upper Subansiri,Taliha,1611,241,12,1605
1606,12,249,01612,89508.90993651205,368735622.69589126,ARUNACHAL PRADESH,Upper Subansiri,Payeng,1612,241,12,1606
1607,12,249,01613,94939.48198749067,445668456.58867395,ARUNACHAL PRADESH,Upper Subansiri,Giba,1613,241,12,1607
1608,12,249,01614,93440.95561776342,371693014.6087381,ARUNACHAL PRADESH,Upper Subansiri,Chetam (Peer Yapu),1614,241,12,1608
1609,12,249,01615,89227.06298785853,397956641.27947193,ARUNACHAL PRADESH,Upper Subansiri,Daporijo,1615,241,12,1609
1610,12,249,01616,72385.82775107461,266817098.65854105,ARUNACHAL PRADESH,Upper Subansiri,Puchi Geko,1616,241,12,1610
1611,12,249,01617,50762.682909850104,122246597.03611463,ARUNACHAL PRADESH,Upper Subansiri,Dumporijo,1617,241,12,1611
1612,12,249,01618,70454.83031777779,194862375.1727969,ARUNACHAL PRADESH,Upper Subansiri,Gussar,0,241,12,1612
1613,12,249,01619,55619.48713945687,184039517.33744705,ARUNACHAL PRADESH,Upper Subansiri,Gite-Ripa,0,241,12,1613
1614,12,249,01620,116048.14109017495,506052641.17435235,ARUNACHAL PRADESH,Upper Subansiri,Baririjo,1620,241,12,1614
1615,12,249,01621,84595.6706481717,232001321.81351918,ARUNACHAL PRADESH,Upper Subansiri,Maro,0,241,12,1615
1616,12,785,01622,137271.34774607245,783283239.210922,ARUNACHAL PRADESH,Shi Yomi,Mechuka,1622,725,12,1616
1617,12,785,01623,167794.24881280598,1559762008.0847204,ARUNACHAL PRADESH,Shi Yomi,Monigong,1623,725,12,1617
1618,12,785,01624,81919.42651973857,384866129.45524836,ARUNACHAL PRADESH,Shi Yomi,Pidi,0,725,12,1618
1619,12,785,01626,123510.30688781115,714512740.988761,ARUNACHAL PRADESH,Shi Yomi,Tato,0,725,12,1619
1620,12,250,01628,99033.2574701792,507178855.8202372,ARUNACHAL PRADESH,West Siang,Darak,1628,243,12,1620
1621,12,250,01632,80941.01011712584,293785387.75244755,ARUNACHAL PRADESH,West Siang,Liromoba,1632,243,12,1621
1622,12,250,01633,51987.888588261834,125061811.27792296,ARUNACHAL PRADESH,West Siang,Yomcha,1633,243,12,1622
1623,12,250,01634,133613.0933697958,595869569.051383,ARUNACHAL PRADESH,West Siang,Aalo,1634,243,12,1623
1624,12,784,01635,53252.27467955682,148451615.69002873,ARUNACHAL PRADESH,Lepa Rada,Tirbin,1635,724,12,1624
1625,12,784,01636,131483.69429793657,441941538.43602735,ARUNACHAL PRADESH,Lepa Rada,Basar,1636,724,12,1625
1626,12,784,01637,98295.87936943292,486088941.4805619,ARUNACHAL PRADESH,Lepa Rada,Daring,1637,724,12,1626
1627,12,779,01638,68498.07502458073,180003914.9386289,ARUNACHAL PRADESH,Lower Siang,Gensi,1638,719,12,1627
1628,12,779,01639,144362.56836418147,380007548.22628826,ARUNACHAL PRADESH,Lower Siang,Sibe,0,719,12,1628
1629,12,779,01640,104661.88811670175,407662865.8261638,ARUNACHAL PRADESH,Lower Siang,Likabali,1640,719,12,1629
1630,12,779,01641,143886.05301965497,591284310.193661,ARUNACHAL PRADESH,Lower Siang,Kangku,0,719,12,1630
1631,12,250,01642,71676.05966781918,227927572.1799736,ARUNACHAL PRADESH,West Siang,Bagra,0,243,12,1631
1632,12,779,01648,68591.21904733761,138782495.52699587,ARUNACHAL PRADESH,Lower Siang,Koyu,1648,719,12,1632
1633,12,779,01649,79861.21590192564,228062604.73821265,ARUNACHAL PRADESH,Lower Siang,Kora,0,719,12,1633
1634,12,779,01650,54255.85072994169,161488301.05953333,ARUNACHAL PRADESH,Lower Siang,Nari,1651,719,12,1634
1635,12,779,01651,58984.1663371305,157218967.54531488,ARUNACHAL PRADESH,Lower Siang,New Seren,1651,719,12,1635
1636,12,251,01652,80379.1521129182,364303399.03806925,ARUNACHAL PRADESH,East Siang,Bilat,1652,232,12,1636
1637,12,251,01653,49747.12092306867,143969253.42935494,ARUNACHAL PRADESH,East Siang,Ruksin,1653,232,12,1637
1638,12,251,01654,71498.21575782252,205064262.4531859,ARUNACHAL PRADESH,East Siang,Sille-Oyan,1654,232,12,1638
1639,12,251,01655,69790.78744405918,288582533.9785909,ARUNACHAL PRADESH,East Siang,Pasighat,0,232,12,1639
1640,12,251,01656,126232.34606493496,750746994.0250334,ARUNACHAL PRADESH,East Siang,Mebo,1656,232,12,1640
1641,12,251,01657,98889.4148690079,357574819.68757695,ARUNACHAL PRADESH,East Siang,Namsing,0,232,12,1641
1642,12,252,01658,345632.8599307125,3421493329.260192,ARUNACHAL PRADESH,Upper Siang,Tuting,1658,240,12,1642
1643,12,252,01659,166501.86763587655,646274465.3450913,ARUNACHAL PRADESH,Upper Siang,Migging,1659,240,12,1643
1644,12,252,01660,79035.05177908659,214672482.2219455,ARUNACHAL PRADESH,Upper Siang,Palling,1660,240,12,1644
1645,12,252,01661,110138.59844993563,518353185.47308445,ARUNACHAL PRADESH,Upper Siang,Gelling,1661,240,12,1645
1646,12,252,01662,154351.4006564947,1090782057.3849423,ARUNACHAL PRADESH,Upper Siang,Singa,1662,240,12,1646
1647,12,252,01663,134320.43256998877,668679112.7834401,ARUNACHAL PRADESH,Upper Siang,Yingkiong,1663,240,12,1647
1648,12,252,01664,136380.89870412063,665812936.3239965,ARUNACHAL PRADESH,Upper Siang,Jengging,1664,240,12,1648
1649,12,252,01665,81546.25906847646,265318957.21209383,ARUNACHAL PRADESH,Upper Siang,Geku,1665,240,12,1649
1650,12,252,01666,119225.34011936875,690305217.5490785,ARUNACHAL PRADESH,Upper Siang,Mariyang,1666,240,12,1650
1651,12,252,01667,66268.04953259043,193880213.03572696,ARUNACHAL PRADESH,Upper Siang,Mopom ( Adipasi ),1667,240,12,1651
1652,12,252,01668,91330.69782984405,487426369.49008906,ARUNACHAL PRADESH,Upper Siang,Katan,1668,240,12,1652
1653,12,253,01669,80317.77516608941,249623935.6661517,ARUNACHAL PRADESH,Changlang,Khimiyong,1669,229,12,1653
1654,12,253,01670,68786.50572682808,205502480.80856723,ARUNACHAL PRADESH,Changlang,Yatdam,0,229,12,1654
1655,12,253,01671,101312.74057668302,394240281.08965033,ARUNACHAL PRADESH,Changlang,Changlang,1671,229,12,1655
1656,12,253,01672,54038.08796668613,115916205.87233308,ARUNACHAL PRADESH,Changlang,Namtok,0,229,12,1656
1657,12,253,01673,99062.0917238999,297093867.5308201,ARUNACHAL PRADESH,Changlang,Manmao,1673,229,12,1657
1658,12,253,01674,45657.7851466663,92263266.10972852,ARUNACHAL PRADESH,Changlang,Renuk,170,229,12,1658
1659,12,253,01675,60515.40666424441,108207968.93224008,ARUNACHAL PRADESH,Changlang,Lyngok-Longtoi,0,229,12,1659
1660,12,253,01676,159307.20093615042,699408455.1979783,ARUNACHAL PRADESH,Changlang,Nampong,1676,229,12,1660
1661,12,253,01677,94916.7332232514,329419880.4594902,ARUNACHAL PRADESH,Changlang,Tikhak Rima Putok,0,229,12,1661
1662,12,253,01678,59975.044801515985,165314641.40505415,ARUNACHAL PRADESH,Changlang,Jairampur,0,229,12,1662
1663,12,253,01679,156882.7515652877,837065569.7161298,ARUNACHAL PRADESH,Changlang,Vijoynagar,1679,229,12,1663
1664,12,253,01680,288919.2658541743,2306740377.5068245,ARUNACHAL PRADESH,Changlang,Miao,1680,229,12,1664
1665,12,253,01681,41750.03962589749,84929431.03507718,ARUNACHAL PRADESH,Changlang,Kharsang,6262,229,12,1665
1666,12,253,01682,79075.72276502085,272056322.3250259,ARUNACHAL PRADESH,Changlang,Diyun,1682,229,12,1666
1667,12,253,01683,105175.25025190022,243886108.01265788,ARUNACHAL PRADESH,Changlang,Bordumsa,1683,229,12,1667
1668,12,254,01684,107202.57478333298,402955476.8051288,ARUNACHAL PRADESH,Tirap,Namsang,1831,239,12,1668
1669,12,254,01685,32643.495719063427,51134949.96819502,ARUNACHAL PRADESH,Tirap,Soha,6125,239,12,1669
1670,12,254,01686,134187.8769021501,546773741.5827706,ARUNACHAL PRADESH,Tirap,Khonsa,6126,239,12,1670
1671,12,254,01687,37646.5591981534,91506362.32142934,ARUNACHAL PRADESH,Tirap,Dadam,6128,239,12,1671
1672,12,254,01694,82501.4609605877,283552552.99937284,ARUNACHAL PRADESH,Tirap,Laju,0,239,12,1672
1673,12,255,01695,86970.39307098476,378028605.82511055,ARUNACHAL PRADESH,Lower Subansiri,Ziro (Sadar),0,236,12,1673
1674,12,255,01696,64214.81004334922,215071586.46210003,ARUNACHAL PRADESH,Lower Subansiri,Old Ziro,0,236,12,1674
1675,12,255,01697,138598.52181723915,423724169.3197463,ARUNACHAL PRADESH,Lower Subansiri,Yachuli,6114,236,12,1675
1676,12,255,01698,103205.95221375448,471321795.1954796,ARUNACHAL PRADESH,Lower Subansiri,Yazali,6113,236,12,1676
1677,12,255,01699,88234.07829039331,373917555.5286213,ARUNACHAL PRADESH,Lower Subansiri,Pistana,6119,236,12,1677
1678,12,778,01700,178709.8262341872,1036324062.5583096,ARUNACHAL PRADESH,Kamle,Kamporijo,1700,718,12,1678
1679,12,778,01701,165003.47916299116,466021717.594305,ARUNACHAL PRADESH,Kamle,Dollungmukh,1701,718,12,1679
1680,12,778,01702,62415.07280270046,170126973.9638529,ARUNACHAL PRADESH,Kamle,Raga,6129,718,12,1680
1681,12,256,01705,81615.15514196618,330077020.6879217,ARUNACHAL PRADESH,Kurung Kumey,Sangram,6137,233,12,1681
1682,12,256,01706,123499.48186283666,615780285.670646,ARUNACHAL PRADESH,Kurung Kumey,Nyapin,6138,233,12,1682
1683,12,256,01708,100740.49174474464,486216867.9386926,ARUNACHAL PRADESH,Kurung Kumey,Koloriang,6131,233,12,1683
1684,12,256,01712,203302.43543629244,1641171055.0707128,ARUNACHAL PRADESH,Kurung Kumey,Sarli,6141,233,12,1684
1685,12,256,01713,110031.67725429914,425222941.33446443,ARUNACHAL PRADESH,Kurung Kumey,Parsi-Parlo,6140,233,12,1685
1686,12,256,01714,219145.8316459236,2040344838.542094,ARUNACHAL PRADESH,Kurung Kumey,Damin,6139,233,12,1686
1687,12,257,01717,278949.25747656403,2927999904.540281,ARUNACHAL PRADESH,Dibang Valley,Mipi,1717,230,12,1687
1688,12,257,01718,351212.4766283552,2606634641.2146835,ARUNACHAL PRADESH,Dibang Valley,Anini,1718,230,12,1688
1689,12,257,01719,498080.55589735444,5422352481.73763,ARUNACHAL PRADESH,Dibang Valley,Etalin,1719,230,12,1689
1690,12,257,01720,168166.18027418197,876976867.7259886,ARUNACHAL PRADESH,Dibang Valley,Anelih,1720,230,12,1690
1691,12,257,01721,169620.4049897317,743216968.2703017,ARUNACHAL PRADESH,Dibang Valley,Kronli (Arzoo circle),1721,230,12,1691
1692,12,258,01722,136548.44067861713,623004123.5358083,ARUNACHAL PRADESH,Lower Dibang Valley,Hunli,6075,235,12,1692
1693,12,258,01723,167175.60440049728,1056099622.9059267,ARUNACHAL PRADESH,Lower Dibang Valley,Desali,0,235,12,1693
1694,12,258,01724,169163.1489141544,1090229644.1091993,ARUNACHAL PRADESH,Lower Dibang Valley,Roing,1724,235,12,1694
1695,12,258,01725,208090.6720455017,1263028504.4383216,ARUNACHAL PRADESH,Lower Dibang Valley,Dambuk,1725,235,12,1695
1696,12,258,01726,74223.48261652824,236647156.62461945,ARUNACHAL PRADESH,Lower Dibang Valley,Tinali ( Paglam ),1726,235,12,1696
1697,12,258,01727,91078.78249412325,346249377.5786096,ARUNACHAL PRADESH,Lower Dibang Valley,Koronu,1727,235,12,1697
1698,12,259,01728,179721.88208553387,699473080.2009089,ARUNACHAL PRADESH,Lohit,Sunpura,1728,234,12,1698
1699,12,259,01729,204207.09334650042,1142258182.6766844,ARUNACHAL PRADESH,Lohit,Tezu,1729,234,12,1699
1700,12,259,01730,186187.9632761003,1338477313.8841615,ARUNACHAL PRADESH,Lohit,Wakro,1730,234,12,1700
1701,12,260,01736,175306.05292733855,903806117.2353323,ARUNACHAL PRADESH,Anjaw,Hayuliang,1736,628,12,1701
1702,12,260,01737,167889.69747702536,880999155.7259153,ARUNACHAL PRADESH,Anjaw,Manchal,1737,628,12,1702
1703,12,260,01738,141101.82657540232,768671233.4864533,ARUNACHAL PRADESH,Anjaw,Goiliang,1738,628,12,1703
1704,12,260,01739,129545.92601916197,950729817.4958334,ARUNACHAL PRADESH,Anjaw,Chaglagam,1739,628,12,1704
1705,12,260,01740,80767.87285291738,341214655.5696618,ARUNACHAL PRADESH,Anjaw,Metengliang,1740,628,12,1705
1706,12,260,01741,156196.75048541903,739994010.4627889,ARUNACHAL PRADESH,Anjaw,Kibithoo,1741,628,12,1706
1707,12,260,01742,178412.6640449423,1435819748.4259381,ARUNACHAL PRADESH,Anjaw,Walong,1742,628,12,1707
1708,12,260,01743,319536.6128867618,2372571020.2389803,ARUNACHAL PRADESH,Anjaw,Hawai,1743,628,12,1708
1709,12,761,01688,79196.923955516,151906231.77420634,ARUNACHAL PRADESH,Tirap,Kanubari,1688,666,12,1709
1710,12,761,01689,50715.02428857796,110322891.39839846,ARUNACHAL PRADESH,Tirap,Lawnu,0,666,12,1710
1711,12,761,01690,81697.33704349902,247732062.17264903,ARUNACHAL PRADESH,Tirap,Longding,0,666,12,1711
1712,12,761,01691,65439.12972412076,130618212.68068388,ARUNACHAL PRADESH,Tirap,Pumao,0,666,12,1712
1713,12,761,01692,73791.70712997938,268687908.1246724,ARUNACHAL PRADESH,Tirap,Pangchao,1692,666,12,1713
1714,12,761,01693,79444.29473146592,272641084.2592169,ARUNACHAL PRADESH,Tirap,Wakka,6012,666,12,1714
1715,12,762,01731,147964.40551627008,1033393430.0045089,ARUNACHAL PRADESH,Lohit,Chongkham,1731,678,12,1715
1716,12,762,01732,72990.16972216894,129477372.60425821,ARUNACHAL PRADESH,Lohit,Namsai,1732,678,12,1716
1717,12,762,01733,61371.73929814045,118727859.60042445,ARUNACHAL PRADESH,Lohit,Lathao,0,678,12,1717
1718,12,762,01734,70484.05971022403,220931521.77277598,ARUNACHAL PRADESH,Lohit,Piyong,1734,678,12,1718
1719,12,762,01735,89301.51682383513,215071178.16118708,ARUNACHAL PRADESH,Lohit,Lekang (Mahadevpur),1735,678,12,1719
1720,12,763,01703,97598.50546801618,422880500.4892354,ARUNACHAL PRADESH,Kra Daadi,Palin,6133,677,12,1720
1721,12,763,01704,72626.7999830386,191318357.2981955,ARUNACHAL PRADESH,Kra Daadi,Yangte,6136,677,12,1721
1722,12,763,01709,79845.0516844038,307380713.43582726,ARUNACHAL PRADESH,Kra Daadi,Chambang,6135,677,12,1722
1723,12,763,01715,157117.71507089256,1184330227.5077827,ARUNACHAL PRADESH,Kra Daadi,Longding Koling (Pipsorang),0,677,12,1723
1724,12,763,01716,121874.02843394729,729190519.8749365,ARUNACHAL PRADESH,Kra Daadi,Tali,6142,677,12,1724
1725,12,764,01625,187267.7541980439,1258585114.0894632,ARUNACHAL PRADESH,Siang,Payum,1627,679,12,1725
1726,12,764,01627,103754.77182696878,341435679.51813024,ARUNACHAL PRADESH,Siang,Kaying,1627,679,12,1726
1727,12,764,01629,114291.98990559975,391685757.9807812,ARUNACHAL PRADESH,Siang,Kamba,0,679,12,1727
1728,12,764,01630,75935.3587883643,296527241.83552617,ARUNACHAL PRADESH,Siang,Rumgong,1630,679,12,1728
1729,12,764,01631,59165.16418350659,173270047.79104358,ARUNACHAL PRADESH,Siang,Jomlo Mobuk,0,679,12,1729
1730,12,764,01643,134875.31041848968,641108692.402101,ARUNACHAL PRADESH,Siang,Boleng,1643,679,12,1730
1731,12,764,01644,74052.7072742336,262879266.5473185,ARUNACHAL PRADESH,Siang,Riga,1644,679,12,1731
1732,12,764,01645,88181.6421608905,301983721.96525276,ARUNACHAL PRADESH,Siang,Pangin,1645,679,12,1732
1733,12,764,01646,115719.05271881357,553996327.8094596,ARUNACHAL PRADESH,Siang,Kebang,1646,679,12,1733
1734,12,764,01647,77795.87290869866,251457078.2500329,ARUNACHAL PRADESH,Siang,Rebo-Perging,1647,679,12,1734
1985,18,300,02001,191221.95424520047,1341144265.9810581,ASSAM,Kokrajhar,Gossaigaon (Pt),6017,294,18,1985
1986,18,300,02002,90034.61167711411,198778787.41736528,ASSAM,Kokrajhar,Bhowraguri,2002,294,18,1986
1987,18,300,02003,138663.39303147836,380960449.22499305,ASSAM,Kokrajhar,Dotoma,2003,294,18,1987
1988,18,300,02004,289488.0561585367,1243328457.4035795,ASSAM,Kokrajhar,Kokrajhar (Pt),2004,294,18,1988
1989,18,300,02005,134640.36961699175,350850959.9165223,ASSAM,Kokrajhar,Bagribari (Pt),2005,294,18,1989
1990,18,300,02007,92298.74244025763,128281050.55751239,ASSAM,Kokrajhar,Golokganj (Pt),6015,294,18,1990
1991,18,300,02008,58060.78233445486,154707590.2319683,ASSAM,Kokrajhar,Dhubri (Pt),6014,294,18,1991
1992,18,300,02010,93312.52796956805,126503564.82877299,ASSAM,Kokrajhar,Chapar (Pt),6019,294,18,1992
1993,18,301,02001,69153.21023736626,88791637.60687508,ASSAM,Dhubri,Gossaigaon (Pt),6017,285,18,1993
1994,18,301,02005,93067.4801305496,265120667.7678761,ASSAM,Dhubri,Bagribari (Pt),2005,285,18,1994
1995,18,301,02006,127342.13224704939,275679085.96468645,ASSAM,Dhubri,Agamoni,2006,285,18,1995
1996,18,301,02007,155225.25967332278,248112721.08345848,ASSAM,Dhubri,Golokganj (Pt),6015,285,18,1996
1997,18,301,02008,165039.51745075415,444273283.29853004,ASSAM,Dhubri,Dhubri (Pt),6014,285,18,1997
1998,18,301,02009,131578.75594023053,368144645.12030774,ASSAM,Dhubri,Bilasipara (Pt),6018,285,18,1998
1999,18,301,02010,121687.20912256092,243535650.9582556,ASSAM,Dhubri,Chapar (Pt),6019,285,18,1999
2000,18,302,02013,176107.39825802852,605397430.7977649,ASSAM,Goalpara,Lakhipur,2013,287,18,2000
2001,18,302,02014,173998.76114158565,673710724.6647065,ASSAM,Goalpara,Balijana,2014,287,18,2001
2002,18,302,02015,145235.1906255228,594251979.1236778,ASSAM,Goalpara,Matia,2015,287,18,2002
2003,18,302,02016,107582.94936215928,243895434.05939496,ASSAM,Goalpara,Dudhnai,2016,287,18,2003
2004,18,302,02017,93013.50605748281,344518386.33235735,ASSAM,Goalpara,Rangjuli,2017,287,18,2004
2005,18,303,02018,167534.7504788011,296517806.26314896,ASSAM,Barpeta,Barnagar (Pt),2018,280,18,2005
2006,18,303,02019,131199.1361760174,290130992.33970886,ASSAM,Barpeta,Kalgachia,2019,280,18,2006
2007,18,303,02020,191147.54305151987,652979745.257354,ASSAM,Barpeta,Baghbor,2020,280,18,2007
2008,18,303,02021,128405.61016595249,382798733.9521432,ASSAM,Barpeta,Chenga,2021,280,18,2008
2009,18,303,02022,146354.78313565638,394729366.9401397,ASSAM,Barpeta,Barpeta,2022,280,18,2009
2010,18,303,02023,123873.56596118226,327375838.432959,ASSAM,Barpeta,Sarthebari,2023,280,18,2010
2011,18,303,02024,98994.43890490201,209583195.10486773,ASSAM,Barpeta,Bajali (Pt),2024,280,18,2011
2012,18,303,02025,140290.23877384997,242071164.70419446,ASSAM,Barpeta,Sarupeta (Pt),2025,280,18,2012
2013,18,303,02139,51969.248726423604,51835071.88807085,ASSAM,Barpeta,Baganpara (Pt),2139,280,18,2013
2014,18,304,02026,178949.7127887783,604241380.6150982,ASSAM,Morigaon,Mayong,2026,296,18,2014
2015,18,304,02027,113125.00696748144,275930913.8725393,ASSAM,Morigaon,Bhuragaon,2027,296,18,2015
2016,18,304,02028,97410.77740420078,291130672.54674625,ASSAM,Morigaon,Laharighat,2028,296,18,2016
2017,18,304,02029,137976.41231002696,486088785.91494584,ASSAM,Morigaon,Marigaon,2029,296,18,2017
2018,18,304,02030,79315.56347166814,229746702.30665097,ASSAM,Morigaon,Mikirbheta,2030,296,18,2018
2019,18,305,02031,391243.2295936882,744777265.9182028,ASSAM,Nagaon,Kaliabor,2031,297,18,2019
2020,18,305,02032,188773.45590467507,428457245.85846204,ASSAM,Nagaon,Samaguri,2032,297,18,2020
2021,18,305,02033,131069.24665346152,382913554.9919272,ASSAM,Nagaon,Rupahi,2033,297,18,2021
2022,18,305,02034,90943.10970294279,310467732.5583051,ASSAM,Nagaon,Dhing,2034,297,18,2022
2023,18,305,02035,133221.80450741595,464874690.714206,ASSAM,Nagaon,Nagaon,2035,297,18,2023
2024,18,305,02036,134644.28317531475,425209823.4118494,ASSAM,Nagaon,Raha,2036,297,18,2024
2025,18,305,02037,147269.7401121202,467142462.97000384,ASSAM,Nagaon,Kampur,2037,297,18,2025
2026,18,306,02041,246263.18045028156,1549631945.9904943,ASSAM,Sonitpur,Dhekiajuli (Pt),2041,301,18,2026
2027,18,306,02042,179397.8362129315,1261227211.563734,ASSAM,Sonitpur,Chariduar,2042,301,18,2027
2028,18,306,02043,137978.9685070105,686079628.8071247,ASSAM,Sonitpur,Tezpur,2043,301,18,2028
2029,18,306,02044,141436.48378280562,841289233.7801113,ASSAM,Sonitpur,Na-Duar,2044,301,18,2029
2030,18,307,02048,133665.32631165176,480701522.6816484,ASSAM,Lakhimpur,Narayanpur,2048,295,18,2030
2031,18,307,02049,151598.95444417078,515210466.1733564,ASSAM,Lakhimpur,Bihpuria,2049,295,18,2031
2032,18,307,02050,140998.1935722645,418406382.6946471,ASSAM,Lakhimpur,Naobaicha,2050,295,18,2032
2033,18,307,02051,145930.61026218833,666039997.8743203,ASSAM,Lakhimpur,Kadam,2051,295,18,2033
2034,18,307,02052,189347.1473685761,780566903.3361515,ASSAM,Lakhimpur,North Lakhimpur,2052,295,18,2034
2035,18,307,02053,180570.14252557393,587189200.1686591,ASSAM,Lakhimpur,Dhakuakhana (Pt-I),2053,295,18,2035
2036,18,307,02054,167579.58722398014,354993515.7121874,ASSAM,Lakhimpur,Subansiri (Pt-I),2054,295,18,2036
2037,18,308,02053,17414.806123040173,11372132.617642988,ASSAM,Dhemaji,Dhakuakhana (Pt-I),2053,284,18,2037
2038,18,308,02054,85514.17167538493,198266678.91406035,ASSAM,Dhemaji,Subansiri (Pt-I),2054,284,18,2038
2039,18,308,02055,134880.49728655966,505206414.61627847,ASSAM,Dhemaji,Dhemaji,2055,284,18,2039
2040,18,308,02056,183921.4636556796,952621635.4748052,ASSAM,Dhemaji,Sissibargaon,2056,284,18,2040
2041,18,308,02057,205631.69138781563,1092830534.8754625,ASSAM,Dhemaji,Jonai,2057,284,18,2041
2042,18,308,02058,109703.03649891612,412630124.61201227,ASSAM,Dhemaji,Gogamukh,2058,284,18,2042
2043,18,309,02059,189109.3012945611,1093527614.7126687,ASSAM,Tinsukia,Sadiya,2059,302,18,2043
2044,18,309,02060,203111.57556108647,1198019381.6416907,ASSAM,Tinsukia,Doom Dooma,2060,302,18,2044
2045,18,309,02061,290400.3969302091,1135973904.583643,ASSAM,Tinsukia,Tinsukia,2061,302,18,2045
2046,18,309,02062,295498.6108511956,1441764418.6600144,ASSAM,Tinsukia,Margherita,2062,302,18,2046
2047,18,310,02063,215823.20029210648,920123472.966343,ASSAM,Dibrugarh,Dibrugarh West,2063,286,18,2047
2048,18,310,02064,141915.90564578236,500791052.4351861,ASSAM,Dibrugarh,Dibrugarh East,2064,286,18,2048
2049,18,310,02065,172383.54012590443,840770542.2090292,ASSAM,Dibrugarh,Chabua,2065,286,18,2049
2050,18,310,02066,190625.63176863102,452226451.1798733,ASSAM,Dibrugarh,Tengakhat,2066,286,18,2050
2051,18,310,02067,150937.4316895359,501303633.26961607,ASSAM,Dibrugarh,Moran,2067,286,18,2051
2052,18,310,02068,135544.0158679065,496757947.68370223,ASSAM,Dibrugarh,Tingkhong,2068,286,18,2052
2053,18,310,02069,182707.46593141352,589726836.1728095,ASSAM,Dibrugarh,Naharkatiya,2069,286,18,2053
2054,18,311,02070,162716.67681669287,606363398.396238,ASSAM,Sivasagar,Dimow,2070,300,18,2054
2055,18,311,02071,152114.92152813484,490627162.07490414,ASSAM,Sivasagar,Sibsagar,2071,300,18,2055
2056,18,311,02072,130434.33898735113,397097154.8454254,ASSAM,Sivasagar,Amguri,2072,300,18,2056
2057,18,311,02073,141984.33656272796,487218837.25957847,ASSAM,Sivasagar,Nazira,2073,300,18,2057
2058,18,312,02077,181262.17870066143,935747628.2269145,ASSAM,Jorhat,Jorhat West,2077,290,18,2058
2059,18,312,02078,159610.90106584103,566546365.6811509,ASSAM,Jorhat,Jorhat East,2078,290,18,2059
2060,18,312,02079,156291.77124779948,525969081.2324478,ASSAM,Jorhat,Teok,2079,290,18,2060
2061,18,312,02080,195903.6463190953,548471803.0551696,ASSAM,Jorhat,Titabor,2080,290,18,2061
2062,18,313,02081,227434.54556748588,1068971935.6028953,ASSAM,Golaghat,Mariani,2081,288,18,2062
2063,18,313,02082,168983.76971517707,595648567.8975272,ASSAM,Golaghat,Bokakhat,2082,288,18,2063
2064,18,313,02083,144880.1675713461,405690026.55316067,ASSAM,Golaghat,Khumtai,2083,288,18,2064
2065,18,313,02084,223867.88428153025,824280508.1844244,ASSAM,Golaghat,Dergaon,2084,288,18,2065
2066,18,313,02085,131979.33299350174,399490282.05721223,ASSAM,Golaghat,Golaghat,2085,288,18,2066
2067,18,313,02086,312270.08336105477,1121022287.5012007,ASSAM,Golaghat,Morangi,2086,288,18,2067
2068,18,314,02088,424238.1747871961,3060235387.690771,ASSAM,Karbi Anglong,Donka,2088,292,18,2068
2069,18,314,02089,608225.8416354238,4108418106.856379,ASSAM,Karbi Anglong,Diphu,2089,292,18,2069
2070,18,314,02090,306246.33763768803,1959468484.5537014,ASSAM,Karbi Anglong,Phuloni,2090,292,18,2070
2071,18,315,02091,262386.47571834445,1800749380.1011302,ASSAM,Dima Hasao,Silonijan,2091,299,18,2071
2072,18,315,02092,257588.24281433123,1255510757.669022,ASSAM,Dima Hasao,Umrangso,2092,299,18,2072
2073,18,315,02093,176137.61334338403,696293686.1311271,ASSAM,Dima Hasao,Haflong,2093,299,18,2073
2074,18,315,02094,262551.5052325306,2255498303.4616246,ASSAM,Dima Hasao,Mahur,2094,299,18,2074
2075,18,316,02095,202278.1970540824,909745644.7545811,ASSAM,Cachar,Maibong,2095,282,18,2075
2076,18,316,02096,261049.49371808706,1021565537.7860315,ASSAM,Cachar,Katigora,2096,282,18,2076
2077,18,316,02097,147151.78042585825,546394545.6120261,ASSAM,Cachar,Silchar,2097,282,18,2077
2078,18,316,02098,231038.99531880917,1213995040.2006338,ASSAM,Cachar,Udarbond,2098,282,18,2078
2079,18,316,02099,223363.27674042503,920277820.1390436,ASSAM,Cachar,Sonai,2099,282,18,2079
2080,18,317,02100,87626.36362953049,217302693.36565375,ASSAM,Karimganj,Lakhipur,2100,293,18,2080
2081,18,317,02101,69119.11986457759,163872321.52215117,ASSAM,Karimganj,Karimganj,2101,293,18,2081
2082,18,317,02102,116243.01329702201,341417947.2655815,ASSAM,Karimganj,Badarpur,2102,293,18,2082
2083,18,317,02103,166511.03074511993,814858571.7461914,ASSAM,Karimganj,Nilambazar,2103,293,18,2083
2084,18,317,02104,155240.30869902836,697407789.2969527,ASSAM,Karimganj,Patharkandi,2104,293,18,2084
2085,18,318,02105,80432.57957287313,190438759.1596663,ASSAM,Hailakandi,Ramkrishna Nagar,2105,289,18,2085
2086,18,318,02106,92749.82801064837,195850669.18822268,ASSAM,Hailakandi,Algapur,2106,289,18,2086
2087,18,318,02107,134674.51374181168,328003843.72313684,ASSAM,Hailakandi,Hailakandi,2107,289,18,2087
2088,18,318,02108,187075.31510178457,897914945.4849187,ASSAM,Hailakandi,Lala,2108,289,18,2088
2089,18,319,02109,99957.77603929353,237129931.1055116,ASSAM,Bongaigaon,Katlichara,2109,281,18,2089
2090,18,319,02110,136007.35099018685,370986669.22321415,ASSAM,Bongaigaon,Bongaigaon (Pt),2110,281,18,2090
2091,18,319,02111,167104.56906636307,434549771.1640266,ASSAM,Bongaigaon,Boitamari,2111,281,18,2091
2092,18,319,02113,108935.16179183548,106461916.05050898,ASSAM,Bongaigaon,Bengtol,2113,281,18,2092
2093,18,319,02114,146461.28816605083,211724934.29140136,ASSAM,Bongaigaon,Sidli (Pt),2114,281,18,2093
2094,18,320,02004,23677.698509460137,15710391.138420759,ASSAM,Chirang,Kokrajhar (Pt),2004,612,18,2094
2095,18,320,02018,45515.974825329075,43103767.75428361,ASSAM,Chirang,Barnagar (Pt),2018,612,18,2095
2096,18,320,02112,154328.0297968875,901232881.8542645,ASSAM,Chirang,Srijangram,2112,612,18,2096
2097,18,320,02113,123869.17458393176,287065624.8036067,ASSAM,Chirang,Bengtol,2113,612,18,2097
2098,18,320,02114,201867.77084806448,1173987785.5017276,ASSAM,Chirang,Sidli (Pt),2114,612,18,2098
2099,18,321,02115,136056.07863292922,233402197.69833454,ASSAM,Kamrup,Bijni (Pt),2115,291,18,2099
2100,18,321,02116,42881.89298087637,67063387.09332056,ASSAM,Kamrup,Rangia (Pt),2116,291,18,2100
2101,18,321,02117,123534.83693134518,312738503.8056327,ASSAM,Kamrup,Koya,2117,291,18,2101
2102,18,321,02118,111644.83313100055,515177256.28638995,ASSAM,Kamrup,Kamalpur,2118,291,18,2102
2103,18,321,02119,143860.67167297326,584676752.2176752,ASSAM,Kamrup,Hajo,2119,291,18,2103
2104,18,321,02120,92780.29444866983,219888318.1148763,ASSAM,Kamrup,Chhaygaon,2120,291,18,2104
2105,18,321,02121,100089.12381125036,174502876.24622858,ASSAM,Kamrup,Goroimari,2121,291,18,2105
2106,18,321,02122,68694.06644465016,142634054.33346632,ASSAM,Kamrup,Chamaria,2122,291,18,2106
2107,18,321,02123,171476.60780727066,637933055.12766,ASSAM,Kamrup,Nagarbera,2123,291,18,2107
2108,18,321,02124,258387.22759598377,793292369.0629925,ASSAM,Kamrup,Boko,2124,291,18,2108
2109,18,321,02125,64914.87593782807,113242492.22017018,ASSAM,Kamrup,Palasbari,2125,291,18,2109
2110,18,321,02140,53327.72612072797,69878803.40082438,ASSAM,Kamrup,Jalah (Pt),2140,291,18,2110
2111,18,322,02125,43979.85048867841,46624431.87495998,ASSAM,Kamrup Metropolitan,Palasbari,2125,618,18,2111
2112,18,322,02126,106034.08394737203,195909879.66697457,ASSAM,Kamrup Metropolitan,North Guwahati (Pt),2126,618,18,2112
2113,18,322,02127,66298.68823834551,96466170.75854906,ASSAM,Kamrup Metropolitan,Azara,2127,618,18,2113
2114,18,322,02128,75081.63940982541,126248925.40430814,ASSAM,Kamrup Metropolitan,Guwahati,2128,618,18,2114
2115,18,322,02129,150679.93278360058,614246488.1084251,ASSAM,Kamrup Metropolitan,Dispur,2129,618,18,2115
2116,18,322,02130,100333.97133622688,155419849.83721936,ASSAM,Kamrup Metropolitan,Sonapur,2130,618,18,2116
2117,18,323,02131,85402.46787785272,118953823.77004673,ASSAM,Nalbari,Chandrapur,2131,298,18,2117
2118,18,323,02132,126178.96573790871,185931131.9040535,ASSAM,Nalbari,Tihu (Pt),2132,298,18,2118
2119,18,323,02133,142292.38022545585,462566335.0193313,ASSAM,Nalbari,Pachim Nalbari,2133,298,18,2119
2120,18,323,02134,67967.34287337381,102912512.38089141,ASSAM,Nalbari,Barkhetri,2134,298,18,2120
2121,18,323,02135,81749.6420116432,160441613.6875131,ASSAM,Nalbari,Barbhag,2135,298,18,2121
2122,18,323,02136,73127.9849349091,76577239.38706873,ASSAM,Nalbari,Nalbari,2136,298,18,2122
2123,18,323,02137,90556.76504523744,164423231.31021893,ASSAM,Nalbari,Banekuchi,2137,298,18,2123
2124,18,323,02138,19699.663930989056,13606741.810902305,ASSAM,Nalbari,Ghograpar (Pt),2138,298,18,2124
2125,18,323,02141,28446.368713380496,23748092.731668394,ASSAM,Nalbari,Goreswar (Pt),2141,298,18,2125
2126,18,324,02018,206330.60828022368,624838698.6025846,ASSAM,Baksa,Barnagar (Pt),2018,616,18,2126
2127,18,324,02024,12837.357126620274,6263701.576095935,ASSAM,Baksa,Bajali (Pt),2024,616,18,2127
2128,18,324,02025,100887.82467459115,172115053.57765177,ASSAM,Baksa,Sarupeta (Pt),2025,616,18,2128
2129,18,324,02115,40441.416332108114,26771525.369286902,ASSAM,Baksa,Bijni (Pt),2115,616,18,2129
2130,18,324,02131,58260.49729019693,44461718.3801969,ASSAM,Baksa,Chandrapur,2131,616,18,2130
2131,18,324,02137,13881.683438992146,8813002.652159967,ASSAM,Baksa,Banekuchi,2137,616,18,2131
2132,18,324,02139,95736.89044025159,367035533.9534353,ASSAM,Baksa,Baganpara (Pt),2139,616,18,2132
2133,18,324,02140,181572.5155919467,351117605.8925265,ASSAM,Baksa,Jalah (Pt),2140,616,18,2133
2134,18,324,02141,64178.22365440058,119910899.79886828,ASSAM,Baksa,Goreswar (Pt),2141,616,18,2134
2135,18,324,02142,116730.32848060725,365280430.6615595,ASSAM,Baksa,Barama (Pt),2142,616,18,2135
2136,18,324,02143,115854.77882348915,243817217.05368367,ASSAM,Baksa,Baska,2143,616,18,2136
2137,18,324,02144,167144.4210295209,720545010.6058403,ASSAM,Baksa,Tamulpur,2144,616,18,2137
2138,18,324,02146,9315.852508167174,4705577.383215492,ASSAM,Baksa,Pathorighat (Pt),2146,616,18,2138
2139,18,325,02145,58796.864907050585,66152495.51997391,ASSAM,Darrang,Khoirabari (Pt),2145,283,18,2139
2140,18,325,02146,93586.64637330893,221115856.4390536,ASSAM,Darrang,Pathorighat (Pt),2146,283,18,2140
2141,18,325,02147,121745.14906543116,366131466.4748769,ASSAM,Darrang,Sipajhar,2147,283,18,2141
2142,18,325,02148,172874.15614150793,559455370.5639863,ASSAM,Darrang,Mangaldoi (Pt),2148,283,18,2142
2143,18,325,02149,225387.463041447,750387459.1819428,ASSAM,Darrang,Dalgaon (Pt),2149,283,18,2143
2144,18,325,02150,30070.37433705361,19977793.34095508,ASSAM,Darrang,Kalaigaon (Pt),2150,283,18,2144
2145,18,326,02041,54848.00751836132,51650390.699321434,ASSAM,Udalguri,Dhekiajuli (Pt),2041,617,18,2145
2146,18,326,02145,125772.65423392088,204403846.1826701,ASSAM,Udalguri,Khoirabari (Pt),2145,617,18,2146
2147,18,326,02146,7163.528231168269,2902163.369620372,ASSAM,Udalguri,Pathorighat (Pt),2146,617,18,2147
2148,18,326,02148,23587.559789238723,10536262.675845884,ASSAM,Udalguri,Mangaldoi (Pt),2148,617,18,2148
2149,18,326,02149,130213.84404983524,130889233.82336214,ASSAM,Udalguri,Dalgaon (Pt),2149,617,18,2149
2150,18,326,02150,129319.57698222714,221128476.52243453,ASSAM,Udalguri,Kalaigaon (Pt),2150,617,18,2150
2151,18,326,02151,122215.34877247266,788047797.4839377,ASSAM,Udalguri,Harisinga,2151,617,18,2151
2152,18,326,02152,150992.55209868163,717180176.9616636,ASSAM,Udalguri,Udalguri,2152,617,18,2152
2153,18,326,02153,142018.11121573907,409588968.57590175,ASSAM,Udalguri,Mazbat,2153,617,18,2153
2154,18,755,02074,262278.76596879965,985739923.700915,ASSAM,Sivasagar,Sonari,2074,708,18,2154
2155,18,755,02075,127598.45110161249,373129761.12739545,ASSAM,Sivasagar,Mahmora,2075,708,18,2155
2156,18,756,02045,173639.6235487384,1313710335.0355566,ASSAM,Sonitpur,Biswanath,2045,705,18,2156
2157,18,756,02046,130349.46581767288,538501850.2771664,ASSAM,Sonitpur,Helem,2046,705,18,2157
2158,18,756,02047,118737.2580498076,395872318.8096805,ASSAM,Sonitpur,Gohpur,2047,705,18,2158
2159,18,757,02038,123319.6611644993,328900701.2421701,ASSAM,Nagaon,Hojai,2038,709,18,2159
2160,18,757,02039,132006.81989286322,395855474.69331175,ASSAM,Nagaon,Doboka,2039,709,18,2160
2161,18,757,02040,200626.45702755434,1084093449.316519,ASSAM,Nagaon,Lanka,2040,709,18,2161
2162,18,759,02087,488925.47773237975,3809976223.777661,ASSAM,West Karbi Anglong,Sarupathar,2087,710,18,2162
2163,18,758,02011,159797.3179399577,540524789.1859139,ASSAM,South Salmara Mancachar,South Salmara,2011,707,18,2163
2164,18,758,02012,135492.27091795625,307331229.6369192,ASSAM,South Salmara Mancachar,Mankachar,2012,707,18,2164
2165,18,760,02076,214771.57127601412,995275739.1477295,ASSAM,Jorhat,Majuli,2076,706,18,2165
1007,10,203,01013,195414.22399177862,1087784424.5466833,BIHAR,Pashchim Champaran,Sidhaw,1013,211,10,1007
1008,10,203,01014,222641.44733000026,872440502.9838485,BIHAR,Pashchim Champaran,Ramnagar,1014,211,10,1008
1009,10,203,01015,132616.7304190458,607459020.0267322,BIHAR,Pashchim Champaran,Gaunaha,1015,211,10,1009
1010,10,203,01016,114111.49949894397,312453214.0952033,BIHAR,Pashchim Champaran,Mainatanr,1016,211,10,1010
1011,10,203,01017,148146.6605108047,438206907.74348384,BIHAR,Pashchim Champaran,Narkatiaganj,1017,211,10,1011
1012,10,203,01018,124641.26854859493,252128984.7940363,BIHAR,Pashchim Champaran,Lauriya,1018,211,10,1012
1013,10,203,01019,136531.54778088612,490259273.6069061,BIHAR,Pashchim Champaran,Bagaha,1019,211,10,1013
1015,10,203,01021,79513.24902075932,182453111.1381552,BIHAR,Pashchim Champaran,Madhubani,1021,211,10,1015
1016,10,203,01022,73479.83105842327,168032412.2265708,BIHAR,Pashchim Champaran,Bhitaha,1022,211,10,1016
1017,10,203,01023,75776.89914520456,173683257.63981685,BIHAR,Pashchim Champaran,Thakrahan,1023,211,10,1017
1018,10,203,01024,95776.69694716191,268314787.5168447,BIHAR,Pashchim Champaran,Jogapatti,1024,211,10,1018
1019,10,203,01025,115977.66021671086,322112376.24141157,BIHAR,Pashchim Champaran,Chanpatia,1025,211,10,1019
1020,10,203,01026,90566.06021026711,248107000.52220887,BIHAR,Pashchim Champaran,Sikta,1026,211,10,1020
1021,10,203,01027,123466.2155934791,372641538.9519019,BIHAR,Pashchim Champaran,Majhaulia,1027,211,10,1021
1022,10,203,01028,55007.2851908239,82960424.05926718,BIHAR,Pashchim Champaran,Bettiah,1028,211,10,1022
1023,10,203,01029,107742.45040318678,301644525.0224113,BIHAR,Pashchim Champaran,Bairia,1029,211,10,1023
1024,10,203,01030,122986.1986170879,242662060.10884932,BIHAR,Pashchim Champaran,Nautan,1030,211,10,1024
1025,10,204,01031,95190.17123544074,166407198.93325764,BIHAR,Purba Champaran,Raxaul,1031,213,10,1025
1026,10,204,01032,92033.03829003833,199660999.802913,BIHAR,Purba Champaran,Adapur,1032,213,10,1026
1027,10,204,01033,88560.09099168565,212490805.8794513,BIHAR,Purba Champaran,Ramgarhwa,1033,213,10,1027
1028,10,204,01034,84435.32867261341,208739436.0578899,BIHAR,Purba Champaran,Sugauli,1034,213,10,1028
1029,10,204,01035,102386.20985920497,176976600.62974855,BIHAR,Purba Champaran,Banjaria,1035,213,10,1029
1030,10,204,01036,105824.9435554342,167698004.54977888,BIHAR,Purba Champaran,Narkatia,1036,213,10,1030
1031,10,204,01037,98911.41952802795,115622773.69407016,BIHAR,Purba Champaran,Bankatwa,1037,213,10,1031
1032,10,204,01038,75304.34632023996,144214301.86941144,BIHAR,Purba Champaran,Ghorasahan,1038,213,10,1032
1033,10,204,01039,102420.48389913572,203701842.85754415,BIHAR,Purba Champaran,Dhaka,1039,213,10,1033
1034,10,204,01040,110911.51125125744,272529446.65133893,BIHAR,Purba Champaran,Chiraia,1040,213,10,1034
1035,10,204,01041,165016.3322550754,295756428.968301,BIHAR,Purba Champaran,Motihari,1041,213,10,1035
1036,10,204,01042,99476.1473573316,174735298.82403633,BIHAR,Purba Champaran,Turkaulia,1042,213,10,1036
1037,10,204,01043,135355.45381080898,240163695.5358295,BIHAR,Purba Champaran,Harsidhi,1043,213,10,1037
1038,10,204,01044,108980.19599301596,192311412.7768676,BIHAR,Purba Champaran,Paharpur,1044,213,10,1038
1039,10,204,01045,93072.78330039974,240784191.13139278,BIHAR,Purba Champaran,Areraj,1045,213,10,1039
1040,10,204,01046,78907.6549739912,186936581.56110138,BIHAR,Purba Champaran,Sangrampur,1046,213,10,1040
1041,10,204,01047,87514.37444016876,229558451.87805444,BIHAR,Purba Champaran,Kesaria,1047,213,10,1041
1042,10,204,01048,109545.76685400048,313147180.8634295,BIHAR,Purba Champaran,Kalyanpur,1048,213,10,1042
1043,10,204,01049,83802.70103614578,178833332.16966206,BIHAR,Purba Champaran,Kotwa,1049,213,10,1043
1044,10,204,01050,84786.09366072864,85243644.06873183,BIHAR,Purba Champaran,Piprakothi,1050,213,10,1044
1045,10,204,01051,129829.11660542566,214963125.84762493,BIHAR,Purba Champaran,Chakia(Pipra),1051,213,10,1045
1046,10,204,01052,90038.81676351318,148886667.51586685,BIHAR,Purba Champaran,Pakri Dayal,1052,213,10,1046
1047,10,204,01053,91400.93203092464,143172457.73517436,BIHAR,Purba Champaran,Patahi,1053,213,10,1047
1048,10,204,01054,44565.07140146313,67643062.94775632,BIHAR,Purba Champaran,Phenhara,1054,213,10,1048
1049,10,204,01055,107796.11988222085,154746385.17159513,BIHAR,Purba Champaran,Madhuban,1055,213,10,1049
1050,10,204,01056,76323.7542782535,102107873.80595918,BIHAR,Purba Champaran,Tetaria,1056,213,10,1050
1051,10,204,01057,124820.89459965356,149821297.12078643,BIHAR,Purba Champaran,Mehsi,1057,213,10,1051
1052,10,205,01058,58326.84900173614,79327431.43600322,BIHAR,Sheohar,Purnahiya,1058,220,10,1052
1053,10,205,01059,105590.41493948548,103395279.27637815,BIHAR,Sheohar,Piprarhi,1059,220,10,1053
1054,10,205,01060,80770.64628980152,115601785.8154271,BIHAR,Sheohar,Sheohar,1060,220,10,1054
1055,10,205,01061,65035.88022227079,84659445.83331609,BIHAR,Sheohar,Dumri Katsari,1061,220,10,1055
1056,10,205,01062,94954.9044865644,170979922.65280882,BIHAR,Sheohar,Tariani Chowk,1062,220,10,1056
1057,10,206,01063,53684.12121835361,83675459.60824575,BIHAR,Sitamarhi,Bairgania,1063,221,10,1057
1058,10,206,01064,71220.1497534132,103141292.62547411,BIHAR,Sitamarhi,Suppi,1064,221,10,1058
1059,10,206,01065,62790.14382574425,95987764.10850891,BIHAR,Sitamarhi,Majorganj,1065,221,10,1059
1060,10,206,01066,92269.1010699649,224474296.02269995,BIHAR,Sitamarhi,Sonbarsa,1066,221,10,1060
1061,10,206,01067,85936.69305059145,272715414.4252231,BIHAR,Sitamarhi,Parihar,1067,221,10,1061
1062,10,206,01068,90598.05272121527,181598200.25323677,BIHAR,Sitamarhi,Sursand,1068,221,10,1062
1063,10,206,01069,121027.48813030352,251076499.91986445,BIHAR,Sitamarhi,Bathnaha,1069,221,10,1063
1064,10,206,01070,130291.11986409835,165750852.5290662,BIHAR,Sitamarhi,Riga,1070,221,10,1064
1065,10,206,01071,63647.32788888726,73593639.5587709,BIHAR,Sitamarhi,Parsauni,1071,221,10,1065
1066,10,206,01072,63444.42201497686,97890392.59725358,BIHAR,Sitamarhi,Belsand,1072,221,10,1066
1067,10,206,01073,149364.4067683674,335216835.1210759,BIHAR,Sitamarhi,Runisaidpur,1073,221,10,1067
1068,10,206,01074,111174.6283772995,242372980.62882042,BIHAR,Sitamarhi,Dumra,1074,221,10,1068
1069,10,206,01075,90398.43233691483,174665396.05055842,BIHAR,Sitamarhi,Bajpatti,1075,221,10,1069
1070,10,206,01076,85500.76764423648,90924984.02501386,BIHAR,Sitamarhi,Charaut,1076,221,10,1070
1071,10,206,01077,74792.62503019755,114510871.28511347,BIHAR,Sitamarhi,Pupri,1077,221,10,1071
1072,10,206,01078,73339.83046825396,135923064.0965958,BIHAR,Sitamarhi,Nanpur,1078,221,10,1072
1073,10,206,01079,81968.11286991258,108553181.31532389,BIHAR,Sitamarhi,Bokhara,1079,221,10,1073
1074,10,207,01080,88801.87314411187,137353347.31844756,BIHAR,Madhubani,Madhwapur,1080,206,10,1074
1075,10,207,01081,87222.27438013979,185919357.73622292,BIHAR,Madhubani,Harlakhi,1081,206,10,1075
1076,10,207,01082,97297.50665080769,166031495.15215406,BIHAR,Madhubani,Basopatti,1082,206,10,1076
1077,10,207,01083,81270.73824718413,161522563.5213118,BIHAR,Madhubani,Jainagar,1083,206,10,1077
1078,10,207,01084,97206.3964345202,233378138.30545232,BIHAR,Madhubani,Ladania,1084,206,10,1078
1079,10,207,01085,101752.59507513719,266307384.7253671,BIHAR,Madhubani,Laukaha,1085,206,10,1079
1080,10,207,01086,107541.59208705577,328568231.40782297,BIHAR,Madhubani,Laukahi,1086,206,10,1080
1081,10,207,01087,117922.62388749624,199366573.43125686,BIHAR,Madhubani,Phulparas,1087,206,10,1081
1082,10,207,01088,118831.97445546005,237111405.68182075,BIHAR,Madhubani,Babubarhi,1088,206,10,1082
1083,10,207,01089,84868.13784316636,141144482.8196821,BIHAR,Madhubani,Khajauli,1089,206,10,1083
1084,10,207,01090,68903.28367169156,111618213.2127397,BIHAR,Madhubani,Kaluahi,1090,206,10,1084
1085,10,207,01091,129108.05841186635,329358022.4631626,BIHAR,Madhubani,Benipatti,1091,206,10,1085
1086,10,207,01092,100166.99474439945,226081102.0208436,BIHAR,Madhubani,Bisfi,1092,206,10,1086
1087,10,207,01093,109698.643138645,199846432.093651,BIHAR,Madhubani,Madhubani,1093,206,10,1087
1088,10,207,01094,104630.86315536532,207072956.94227663,BIHAR,Madhubani,Pandaul,1094,206,10,1088
1089,10,207,01095,81379.39764758834,222789373.21230385,BIHAR,Madhubani,Rajnagar,1095,206,10,1089
1090,10,207,01096,99049.80410743094,187080885.14615297,BIHAR,Madhubani,Andhratharhi,1096,206,10,1090
1091,10,207,01097,127006.52296074078,182694525.7671765,BIHAR,Madhubani,Jhanjharpur,1097,206,10,1091
1092,10,207,01098,114153.96368498006,211203509.94827965,BIHAR,Madhubani,Ghoghardiha,1098,206,10,1092
1093,10,207,01099,72912.07876656043,147375594.86057004,BIHAR,Madhubani,Lakhnaur,1099,206,10,1093
1094,10,207,01100,144245.08367449828,299992874.94625175,BIHAR,Madhubani,Madhepur,1100,206,10,1094
1095,10,208,01101,127180.65296923323,161874697.29550925,BIHAR,Supaul,Nirmali,1101,223,10,1095
1096,10,208,01102,134308.90451648718,314916797.851586,BIHAR,Supaul,Basantpur,1102,223,10,1096
1097,10,208,01103,140960.46721394747,400283538.704452,BIHAR,Supaul,Chhatapur,1103,223,10,1097
1098,10,208,01104,70351.57702617167,133394491.88166575,BIHAR,Supaul,Pratapganj,1104,223,10,1098
1099,10,208,01105,111505.25961769103,256117242.75363058,BIHAR,Supaul,Raghopur,1105,223,10,1099
1100,10,208,01106,106140.4906391581,255649131.39284444,BIHAR,Supaul,Saraigarh Bhaptiyahi,1106,223,10,1100
1101,10,208,01107,135968.803861533,250505561.6858306,BIHAR,Supaul,Kishanpur,1107,223,10,1101
1102,10,208,01108,115293.17719745378,206669710.75813648,BIHAR,Supaul,Marauna,1108,223,10,1102
1103,10,208,01109,123661.70348872268,391239151.5278657,BIHAR,Supaul,Supaul,1109,223,10,1103
1104,10,208,01110,112484.60296398074,247293095.7613951,BIHAR,Supaul,Pipra,1110,223,10,1104
1105,10,208,01111,136346.33090056924,402196495.43695647,BIHAR,Supaul,Tribeniganj,1111,223,10,1105
1106,10,209,01112,186282.0983200514,483017278.91224796,BIHAR,Araria,Narpatganj,1112,188,10,1106
1107,10,209,01113,162336.7976411781,546791960.38865,BIHAR,Araria,Forbesganj,1113,188,10,1107
1108,10,209,01114,142597.01169248176,292330435.44135106,BIHAR,Araria,Bhargama,1114,188,10,1108
1109,10,209,01115,158822.3327310555,576885459.1187367,BIHAR,Araria,Raniganj,1115,188,10,1109
1110,10,209,01116,190263.5329352047,506550894.5076052,BIHAR,Araria,Araria,1116,188,10,1110
1111,10,209,01117,95170.29377244272,201774685.31679073,BIHAR,Araria,Kursakatta,1117,188,10,1111
1112,10,209,01118,115723.95975753303,236791740.8358682,BIHAR,Araria,Sikti,1118,188,10,1112
1113,10,209,01119,130494.54728927973,305469412.82791126,BIHAR,Araria,Palasi,1119,188,10,1113
1114,10,209,01120,154256.87266692828,340692358.89032346,BIHAR,Araria,Jokihat,1120,188,10,1114
1115,10,210,01121,118994.18923932366,241523521.0825538,BIHAR,Kishanganj,Terhagachh,1121,203,10,1115
1116,10,210,01122,147387.29101705266,319144355.2600842,BIHAR,Kishanganj,Dighalbank,1122,203,10,1116
1117,10,210,01123,217333.0914983333,516333144.28119385,BIHAR,Kishanganj,Thakurganj,1123,203,10,1117
1118,10,210,01124,165345.35454423018,462010040.2780587,BIHAR,Kishanganj,Pothia,1124,203,10,1118
1119,10,210,01125,158624.6403901024,348184109.6010664,BIHAR,Kishanganj,Bahadurganj,1125,203,10,1119
1120,10,210,01126,135288.41821418045,358328889.9376639,BIHAR,Kishanganj,Kochadhamin,1126,203,10,1120
1121,10,210,01127,156830.82443340088,229090655.47550705,BIHAR,Kishanganj,Kishanganj,1127,203,10,1121
1122,10,211,01128,140366.10781365758,459664566.8173739,BIHAR,Purnia,Banmankhi,1128,214,10,1122
1123,10,211,01129,110743.56810113552,288259987.55433726,BIHAR,Purnia,Barhara,1129,214,10,1123
1124,10,211,01130,116594.25464570006,201994660.8472641,BIHAR,Purnia,Bhawanipur,1130,214,10,1124
1125,10,211,01131,113473.91332348967,308597231.9595904,BIHAR,Purnia,Rupauli,1131,214,10,1125
1126,10,211,01132,135303.49704944005,447125381.0696763,BIHAR,Purnia,Dhamdaha,1132,214,10,1126
1127,10,211,01133,148953.5450312253,364448209.43286914,BIHAR,Purnia,Krityanand Nagar,1133,214,10,1127
1128,10,211,01134,126661.63376997263,307904372.92481804,BIHAR,Purnia,Purnia East,1134,214,10,1128
1129,10,211,01135,129058.9754164253,214701870.1939966,BIHAR,Purnia,Kasba,1135,214,10,1129
1130,10,211,01136,105902.0707076726,172591887.01941213,BIHAR,Purnia,Srinagar,1136,214,10,1130
1131,10,211,01137,85968.10344379712,141891101.5366842,BIHAR,Purnia,Jalalgarh,1137,214,10,1131
1132,10,211,01138,143187.9321729471,307483722.54288286,BIHAR,Purnia,Amour,1138,214,10,1132
1133,10,211,01139,120892.1253097912,258226708.9334869,BIHAR,Purnia,Baisa,1139,214,10,1133
1134,10,211,01140,120942.12256771004,261205104.73685095,BIHAR,Purnia,Baisi,1140,214,10,1134
1135,10,211,01141,129534.34781748292,258687215.71024585,BIHAR,Purnia,Dagarua,1141,214,10,1135
1136,10,212,01142,100302.65385774497,208299358.78066555,BIHAR,Katihar,Falka,1142,201,10,1136
1137,10,212,01143,136985.7918692768,368975566.4260827,BIHAR,Katihar,Korha,1143,201,10,1137
1138,10,212,01144,78550.51907458837,86158341.84670551,BIHAR,Katihar,Hasanganj,1144,201,10,1138
1139,10,212,01145,155634.84584536962,418382237.3725457,BIHAR,Katihar,Kadwa,1145,201,10,1139
1140,10,212,01146,141615.6228170892,217706653.95748147,BIHAR,Katihar,Balrampur,1146,201,10,1140
1141,10,212,01147,168782.71036434005,358549497.7612595,BIHAR,Katihar,Barsoi,1147,201,10,1141
1142,10,212,01148,140313.785415898,351780905.00821906,BIHAR,Katihar,Azamnagar,1148,201,10,1142
1143,10,212,01149,109877.84960296213,188710443.79824173,BIHAR,Katihar,Pranpur,1149,201,10,1143
1144,10,212,01150,71348.52728140127,111123863.42091602,BIHAR,Katihar,Dandkhora,1150,201,10,1144
1145,10,212,01151,76846.30850620783,136829645.22669405,BIHAR,Katihar,Katihar,1151,201,10,1145
1146,10,212,01152,73157.54954195686,97425595.31791267,BIHAR,Katihar,Mansahi,1152,201,10,1146
1147,10,212,01153,109533.30971914515,406691825.38136464,BIHAR,Katihar,Barari,1153,201,10,1147
1148,10,212,01154,71696.56988647723,118904652.63376638,BIHAR,Katihar,Sameli,1154,201,10,1148
1149,10,212,01155,79067.49500767309,154636023.2628615,BIHAR,Katihar,Kursela,1155,201,10,1149
1150,10,212,01156,132519.4982281057,304518296.2815444,BIHAR,Katihar,Manihari,1156,201,10,1150
1151,10,212,01157,102058.35978140049,218975322.58142263,BIHAR,Katihar,Amdabad,1157,201,10,1151
1152,10,213,01158,79577.27556132119,125371414.49023166,BIHAR,Madhepura,Gamharia,1158,205,10,1152
1153,10,213,01159,107378.77329305997,109784722.06116477,BIHAR,Madhepura,Singheshwar,1159,205,10,1153
1154,10,213,01160,76868.27799928193,114754112.1661371,BIHAR,Madhepura,Ghailarh,1160,205,10,1154
1155,10,213,01161,109140.2550273614,240214708.79611894,BIHAR,Madhepura,Madhepura,1161,205,10,1155
1156,10,213,01162,63873.35970366721,128775409.3423739,BIHAR,Madhepura,Shankarpur,1162,205,10,1156
1157,10,213,01163,111536.02135142195,305991506.90604955,BIHAR,Madhepura,Kumarkhand,1163,205,10,1157
1158,10,213,01164,94840.73865880107,247170504.09582752,BIHAR,Madhepura,Murliganj,1164,205,10,1158
1159,10,213,01165,78466.41456189216,147230190.38261238,BIHAR,Madhepura,Gwalpara,1165,205,10,1159
1160,10,213,01166,78968.9546734815,133775275.18846986,BIHAR,Madhepura,Bihariganj,1166,205,10,1160
1161,10,213,01167,99633.33402356064,188138564.22788605,BIHAR,Madhepura,Kishanganj,1167,205,10,1161
1162,10,213,01168,63609.64009737462,102840474.99790455,BIHAR,Madhepura,Puraini,1168,205,10,1162
1163,10,213,01169,94313.82755044872,212223121.7181139,BIHAR,Madhepura,Alamnagar,1169,205,10,1163
1164,10,213,01170,86853.1181727428,172606872.62387586,BIHAR,Madhepura,Chausa,1170,205,10,1164
1165,10,214,01171,92871.50865344502,212612940.9474568,BIHAR,Saharsa,Nauhatta,1171,216,10,1165
1166,10,214,01172,77622.63842543778,177874154.00770554,BIHAR,Saharsa,Satar Kataiya,1172,216,10,1166
1167,10,214,01173,106289.04835153618,273096105.7724801,BIHAR,Saharsa,Mahishi,1173,216,10,1167
1168,10,214,01174,80998.77335757652,176982194.825357,BIHAR,Saharsa,Kahara,1174,216,10,1168
1169,10,214,01175,88134.95340122418,233119326.78933114,BIHAR,Saharsa,Saur Bazar,1175,216,10,1169
1170,10,214,01176,65927.8326722389,149817264.90058848,BIHAR,Saharsa,Patarghat,1176,216,10,1170
1171,10,214,01177,89596.26159415564,263604052.9853035,BIHAR,Saharsa,Sonbarsa,1177,216,10,1171
1172,10,214,01178,118034.89472757127,266553711.0986957,BIHAR,Saharsa,Simri Bakhtiarpur,1178,216,10,1172
1173,10,214,01179,81711.94630068407,221012748.3436472,BIHAR,Saharsa,Salkhua,1179,216,10,1173
1174,10,214,01180,52482.1084690022,92910371.51089199,BIHAR,Saharsa,Banma Itahri,1180,216,10,1174
1175,10,215,01181,112963.14503919716,234996019.62098837,BIHAR,Darbhanga,Jale,1181,195,10,1175
1176,10,215,01182,123390.21067210537,220909717.82615444,BIHAR,Darbhanga,Singhwara,1182,195,10,1176
1177,10,215,01183,89395.76501916682,181046480.41889915,BIHAR,Darbhanga,Keotiranway,1183,195,10,1177
1178,10,215,01184,132412.70812811248,239697574.43305197,BIHAR,Darbhanga,Darbhanga,1184,195,10,1178
1179,10,215,01185,97311.53739088606,161718180.13320002,BIHAR,Darbhanga,Manigachhi,1185,195,10,1179
1180,10,215,01186,92436.84217914609,109543352.59749767,BIHAR,Darbhanga,Tardih,1186,195,10,1180
1181,10,215,01187,99800.7207123343,146083416.8702682,BIHAR,Darbhanga,Alinagar,1187,195,10,1181
1182,10,215,01188,116827.85502809039,203613985.5799012,BIHAR,Darbhanga,Benipur,1188,195,10,1182
1183,10,215,01189,157056.4384938075,220940924.582062,BIHAR,Darbhanga,Bahadurpur,1189,195,10,1183
1184,10,215,01190,102826.45693358553,171830858.66270256,BIHAR,Darbhanga,Hanumannagar,1190,195,10,1184
1185,10,215,01191,65600.4769082684,108002895.52046633,BIHAR,Darbhanga,Hayaghat,1191,195,10,1185
1186,10,215,01192,125306.83645002371,270796605.2264873,BIHAR,Darbhanga,Baheri,1192,195,10,1186
1187,10,215,01193,135290.64025571695,230333803.29135317,BIHAR,Darbhanga,Biraul,1193,195,10,1187
1188,10,215,01194,76798.73025636247,103978017.55007854,BIHAR,Darbhanga,Ghanshyampur,1194,195,10,1188
1189,10,215,01195,78764.84596934282,78840013.52131909,BIHAR,Darbhanga,Kiratpur,1195,195,10,1189
1190,10,215,01196,99785.14439605562,145651749.9711785,BIHAR,Darbhanga,Gora Bauram,1196,195,10,1190
1191,10,215,01197,87395.21984654326,144320736.7254154,BIHAR,Darbhanga,Kusheshwar Asthan,1197,195,10,1191
1192,10,215,01198,92038.94193378148,150571189.83561978,BIHAR,Darbhanga,Kusheshwar Asthan Purbi,1198,195,10,1192
1193,10,216,01199,80696.39614118938,251341771.59265935,BIHAR,Muzaffarpur,Sahebganj,1199,208,10,1193
1194,10,216,01200,131536.45301635005,385626201.14813095,BIHAR,Muzaffarpur,Baruraj (Motipur),1200,208,10,1194
1195,10,216,01201,133309.25092331882,412216753.83707994,BIHAR,Muzaffarpur,Paroo,1201,208,10,1195
1196,10,216,01202,148650.87644941808,301561015.39504534,BIHAR,Muzaffarpur,Saraiya,1202,208,10,1196
1197,10,216,01203,85113.09293762478,145741435.39052036,BIHAR,Muzaffarpur,Marwan,1203,208,10,1197
1198,10,216,01204,103780.44248353103,214120802.5783667,BIHAR,Muzaffarpur,Kanti,1204,208,10,1198
1199,10,216,01205,155852.61861690934,296851575.7463604,BIHAR,Muzaffarpur,Minapur,1205,208,10,1199
1200,10,216,01206,123986.65142254787,227757438.44506863,BIHAR,Muzaffarpur,Bochaha,1206,208,10,1200
1201,10,216,01207,95774.04122313578,246855094.48822486,BIHAR,Muzaffarpur,Aurai,1207,208,10,1201
1202,10,216,01208,120156.23616052837,236344763.02200222,BIHAR,Muzaffarpur,Katra,1208,208,10,1202
1203,10,216,01209,115362.64226210205,260871189.12574998,BIHAR,Muzaffarpur,Gaighat,1209,208,10,1203
1204,10,216,01210,74286.88794700673,141997514.30740073,BIHAR,Muzaffarpur,Bandra,1210,208,10,1204
1205,10,216,01211,63024.910486000015,73237137.28118627,BIHAR,Muzaffarpur,Dholi (Moraul),1211,208,10,1205
1206,10,216,01212,120684.92150819323,222702470.45112857,BIHAR,Muzaffarpur,Musahri,1212,208,10,1206
1207,10,216,01213,112205.26404782245,327272181.3763533,BIHAR,Muzaffarpur,Kurhani,1213,208,10,1207
1208,10,216,01214,93390.7302801894,216684234.5697623,BIHAR,Muzaffarpur,Sakra,1214,208,10,1208
1209,10,217,01215,96308.15706916539,157909322.25338832,BIHAR,Gopalganj,Katiya,1215,197,10,1209
1210,10,217,01216,80977.70313254182,162774793.04771382,BIHAR,Gopalganj,Bijaipur,1216,197,10,1210
1211,10,217,01217,78703.5506197479,195797609.84046972,BIHAR,Gopalganj,Bhorey,1217,197,10,1211
1212,10,217,01218,54625.091992365684,117283515.20871589,BIHAR,Gopalganj,Pach Deuri,1218,197,10,1212
1213,10,217,01219,100714.91580056406,318026054.46861506,BIHAR,Gopalganj,Kuchaikote,1219,197,10,1213
1214,10,217,01220,81034.78773161123,118123913.10860601,BIHAR,Gopalganj,Phulwaria,1220,197,10,1214
1215,10,217,01221,91214.38074698942,183691530.20567325,BIHAR,Gopalganj,Hathua,1221,197,10,1215
1216,10,217,01222,79193.44401790664,141517518.68837473,BIHAR,Gopalganj,Uchkagaon,1222,197,10,1216
1217,10,217,01223,56231.22313090875,90133720.08113344,BIHAR,Gopalganj,Thawe,1223,197,10,1217
1218,10,217,01224,111010.36838511525,247347988.07116055,BIHAR,Gopalganj,Gopalganj,1224,197,10,1218
1219,10,217,01225,80285.08056245708,179402877.0921467,BIHAR,Gopalganj,Manjha,1225,197,10,1219
1220,10,217,01226,105820.64867545434,234004245.64529473,BIHAR,Gopalganj,Barauli,1226,197,10,1220
1221,10,217,01227,69577.09016156926,151805947.8648207,BIHAR,Gopalganj,Sidhwalia,1227,197,10,1221
1222,10,217,01228,98744.93433868128,256238463.99560806,BIHAR,Gopalganj,Baikunthpur,1228,197,10,1222
1223,10,218,01229,57893.2563252154,81558198.93452582,BIHAR,Siwan,Nautan,1229,222,10,1223
1224,10,218,01230,92593.19346892033,168880121.34973344,BIHAR,Siwan,Siwan,1230,222,10,1224
1225,10,218,01231,90329.35957003025,219654141.36291224,BIHAR,Siwan,Barharia,1231,222,10,1225
1226,10,218,01232,73253.55893413164,174921900.61249357,BIHAR,Siwan,Goriakothi,1232,222,10,1226
1227,10,218,01233,78674.2925533404,119137997.63115078,BIHAR,Siwan,Lakri Nabiganj,1233,222,10,1227
1228,10,218,01234,57871.37978919757,76675572.07195067,BIHAR,Siwan,Basantpur,1234,222,10,1228
1229,10,218,01235,85167.89563999788,187072918.13851258,BIHAR,Siwan,Bhagwanpur Hat,1235,222,10,1229
1230,10,218,01236,115244.02100523651,145246459.17165908,BIHAR,Siwan,Maharajganj,1236,222,10,1230
1231,10,218,01237,99192.03953189896,160707440.1462951,BIHAR,Siwan,Pachrukhi,1237,222,10,1231
1232,10,218,01238,68784.89967231186,105976113.08745217,BIHAR,Siwan,Hussainganj,1238,222,10,1232
1233,10,218,01239,98820.58628967465,152221481.2630585,BIHAR,Siwan,Ziradei,1239,222,10,1233
1234,10,218,01240,65215.783547668194,88871975.2281668,BIHAR,Siwan,Mairwa,1240,222,10,1234
1235,10,218,01241,76646.08697392725,116967043.12927154,BIHAR,Siwan,Guthani,1241,222,10,1235
1236,10,218,01242,90268.15483716532,214586024.72721183,BIHAR,Siwan,Darauli,1242,222,10,1236
1237,10,218,01243,83374.49507232707,125612484.1084097,BIHAR,Siwan,Andar,1243,222,10,1237
1238,10,218,01244,87886.78810796936,193515307.8584661,BIHAR,Siwan,Raghunathpur,1244,222,10,1238
1239,10,218,01245,74207.3796795728,120029929.13788496,BIHAR,Siwan,Hasanpura,1245,222,10,1239
1240,10,218,01246,99706.1296262257,155764018.90630096,BIHAR,Siwan,Daraundha,1246,222,10,1240
1241,10,218,01247,98242.8718274308,152990540.45335394,BIHAR,Siwan,Siswan,1247,222,10,1241
1242,10,219,01248,82204.50906889382,170646218.81096226,BIHAR,Saran,Mashrakh,1248,218,10,1242
1243,10,219,01249,71124.11260885793,177991942.6353959,BIHAR,Saran,Panapur,1249,218,10,1243
1244,10,219,01250,58430.7653435262,100157361.74052404,BIHAR,Saran,Taraiya,1250,218,10,1244
1245,10,219,01251,63120.519916756944,109889890.7187311,BIHAR,Saran,Ishupur,1251,218,10,1245
1246,10,219,01252,89714.59529719893,218736632.05055347,BIHAR,Saran,Baniapur,1252,218,10,1246
1247,10,219,01253,49554.56951025729,70284021.75197604,BIHAR,Saran,Lahladpur,1253,218,10,1247
1248,10,219,01254,92452.25393296828,180857901.77584296,BIHAR,Saran,Ekma,1254,218,10,1248
1249,10,219,01255,119084.83061763327,244256643.66749308,BIHAR,Saran,Manjhi,1255,218,10,1249
1250,10,219,01256,65101.7843294857,147534299.7747089,BIHAR,Saran,Jalalpur,1256,218,10,1250
1251,10,219,01257,85437.61913907828,177497476.28500605,BIHAR,Saran,Revelganj,1257,218,10,1251
1252,10,219,01258,121935.2810020354,240924140.10694882,BIHAR,Saran,Chapra,1258,218,10,1252
1253,10,219,01259,43504.07889798257,66177081.98683732,BIHAR,Saran,Nagra,1259,218,10,1253
1254,10,219,01260,86726.83109753781,189110471.1767634,BIHAR,Saran,Marhaura,1260,218,10,1254
1255,10,219,01261,94066.24557310688,157833371.06936452,BIHAR,Saran,Amnour,1261,218,10,1255
1256,10,219,01262,61592.90461531964,101162636.85789554,BIHAR,Saran,Maker,1262,218,10,1256
1257,10,219,01263,87901.13097186518,128192031.27745286,BIHAR,Saran,Parsa,1263,218,10,1257
1258,10,219,01264,117459.01652919638,283386469.0403597,BIHAR,Saran,Dariapur,1264,218,10,1258
1259,10,219,01265,90427.54890750532,208584630.52829328,BIHAR,Saran,Garkha,1265,218,10,1259
1260,10,219,01266,87624.16954078511,121636749.03894545,BIHAR,Saran,Dighwara,1266,218,10,1260
1261,10,219,01267,89357.20908893297,231766930.14843506,BIHAR,Saran,Sonepur,1267,218,10,1261
1262,10,220,01268,71906.19909034825,158278830.2572804,BIHAR,Vaishali,Vaishali,1268,224,10,1262
1263,10,220,01269,54813.69838502699,91926247.21600981,BIHAR,Vaishali,Paterhi Belsar,1269,224,10,1263
1264,10,220,01270,88156.7124637093,183901203.44681948,BIHAR,Vaishali,Lalganj,1270,224,10,1264
1265,10,220,01271,93995.28895805942,139647812.57982165,BIHAR,Vaishali,Bhagwanpur,1271,224,10,1265
1266,10,220,01272,104943.29025120434,124300372.39612281,BIHAR,Vaishali,Goraul,1272,224,10,1266
1267,10,220,01273,63058.808915686495,89437510.83222523,BIHAR,Vaishali,Chehra Kalan,1273,224,10,1267
1268,10,220,01274,114731.15404328311,315633061.02126575,BIHAR,Vaishali,Patepur,1274,224,10,1268
1269,10,220,01275,85383.74190260784,173372597.0044617,BIHAR,Vaishali,Mahua,1275,224,10,1269
1270,10,220,01276,98111.5939718763,179502448.8214328,BIHAR,Vaishali,Jandaha,1276,224,10,1270
1271,10,220,01277,59854.561930022035,93349094.77028811,BIHAR,Vaishali,Raja Pakar,1277,224,10,1271
1272,10,220,01278,78704.50702869221,194227066.7023377,BIHAR,Vaishali,Hajipur,1278,224,10,1272
1273,10,220,01279,107631.15780767082,283861683.3489476,BIHAR,Vaishali,Raghopur,1279,224,10,1273
1274,10,220,01280,87450.9559985461,139005486.6094636,BIHAR,Vaishali,Bidupur,1280,224,10,1274
1275,10,220,01281,50183.00094718345,56623643.6332906,BIHAR,Vaishali,Desri,1281,224,10,1275
1276,10,220,01282,74785.36399967676,114273381.27149807,BIHAR,Vaishali,Sahdai Buzurg,1282,224,10,1276
1277,10,220,01283,79495.26574599766,125518434.4096192,BIHAR,Vaishali,Mahnar,1283,224,10,1277
1278,10,221,01284,142594.77056878584,304543779.0104056,BIHAR,Samastipur,Kalyanpur,1284,217,10,1278
1279,10,221,01285,86553.51656322912,164680698.35185045,BIHAR,Samastipur,Warisnagar,1285,217,10,1279
1280,10,221,01286,96967.92218889254,170714034.8327167,BIHAR,Samastipur,Shivaji Nagar,1286,217,10,1280
1281,10,221,01287,93339.53002715122,174854528.14308733,BIHAR,Samastipur,Khanpur,1287,217,10,1281
1282,10,221,01288,110873.4666869804,170264721.93178535,BIHAR,Samastipur,Samastipur,1288,217,10,1282
1283,10,221,01289,63624.29112582031,95586418.24077567,BIHAR,Samastipur,Pusa,1289,217,10,1283
1284,10,221,01290,56302.02345715363,84650340.93942373,BIHAR,Samastipur,Tajpur,1290,217,10,1284
1285,10,221,01291,106804.9310222928,155753312.73098978,BIHAR,Samastipur,Morwa,1291,217,10,1285
1286,10,221,01292,79004.41195795574,133095335.17421007,BIHAR,Samastipur,Patori,1292,217,10,1286
1287,10,221,01293,74164.2327347204,164689985.67341426,BIHAR,Samastipur,Mohanpur,1293,217,10,1287
1288,10,221,01294,80576.90045431479,174040084.67298228,BIHAR,Samastipur,Mohiuddinagar,1294,217,10,1288
1289,10,221,01295,98703.49904283186,184417746.82019132,BIHAR,Samastipur,Sarairanjan,1295,217,10,1289
1290,10,221,01296,66413.22649882709,109569909.75812204,BIHAR,Samastipur,Vidyapati Nagar,1296,217,10,1290
1291,10,221,01297,79064.02126249656,117714606.02758254,BIHAR,Samastipur,Dalsinghsarai,1297,217,10,1291
1292,10,221,01298,81700.0675360386,209496273.76571855,BIHAR,Samastipur,Ujiarpur,1298,217,10,1292
1293,10,221,01299,100080.215961343,259556823.91157642,BIHAR,Samastipur,Bibhutpur,1299,217,10,1293
1294,10,221,01300,82617.16091294671,137214806.2883171,BIHAR,Samastipur,Rosera,1300,217,10,1294
1295,10,221,01301,76173.00303913416,178526734.34206566,BIHAR,Samastipur,Singhia,1301,217,10,1295
1296,10,221,01302,122504.94045401704,188464070.3497389,BIHAR,Samastipur,Hasanpur,1302,217,10,1296
1297,10,221,01303,72626.22122788972,149173678.140249,BIHAR,Samastipur,Bithan,1303,217,10,1297
1298,10,222,01304,49445.37281786951,59295173.55754393,BIHAR,Begusarai,Khudabandpur,1304,191,10,1298
1299,10,222,01305,96625.06228274241,128301134.65776323,BIHAR,Begusarai,Chhorahi,1305,191,10,1299
1300,10,222,01306,68870.18062717053,88392846.41562226,BIHAR,Begusarai,Garhpura,1306,191,10,1300
1301,10,222,01307,80030.63392460231,128123227.56149518,BIHAR,Begusarai,Cheria Bariarpur,1307,191,10,1301
1302,10,222,01308,102555.59266252817,147304449.95085424,BIHAR,Begusarai,Bhagwanpur,1308,191,10,1302
1303,10,222,01309,53529.33867472967,42318665.42561859,BIHAR,Begusarai,Mansurchak,1309,191,10,1303
1304,10,222,01310,111318.4716431019,186542226.93852073,BIHAR,Begusarai,Bachhwara,1310,191,10,1304
1305,10,222,01311,100588.81555783108,167046196.0743141,BIHAR,Begusarai,Teghra,1311,191,10,1305
1306,10,222,01312,98469.99198711064,154050653.09653434,BIHAR,Begusarai,Barauni,1312,191,10,1306
1307,10,222,01313,68788.86973075505,64587291.888224296,BIHAR,Begusarai,Birpur,1313,191,10,1307
1308,10,222,01314,115486.96063752058,274279515.44899887,BIHAR,Begusarai,Begusarai,1314,191,10,1308
1309,10,222,01315,63382.938258051545,90790812.22878756,BIHAR,Begusarai,Naokothi,1315,191,10,1309
1310,10,222,01316,74434.53578953944,94842828.29596436,BIHAR,Begusarai,Bakhri,1316,191,10,1310
1311,10,222,01317,78127.11399533102,85805110.1585132,BIHAR,Begusarai,Dandari,1317,191,10,1311
1312,10,222,01318,97065.92976510964,179125018.54312053,BIHAR,Begusarai,Sahebpur Kamal,1318,191,10,1312
1313,10,222,01319,95357.36419009458,181275112.9681944,BIHAR,Begusarai,Balia,1319,191,10,1313
1314,10,222,01320,103888.79148073168,214086554.54614648,BIHAR,Begusarai,Matihani,1320,191,10,1314
1315,10,222,01321,47636.211660367466,82131182.90008424,BIHAR,Begusarai,Shamho Akha Kurha,1321,191,10,1315
1316,10,223,01322,115346.6458627944,337814493.9855964,BIHAR,Khagaria,Alauli,1322,202,10,1316
1317,10,223,01323,163017.0994797437,325839841.0874287,BIHAR,Khagaria,Khagaria,1323,202,10,1317
1318,10,223,01324,70974.04079337546,86060128.10626945,BIHAR,Khagaria,Mansi,1324,202,10,1318
1319,10,223,01325,88677.98597164222,205332154.14921016,BIHAR,Khagaria,Chautham,1325,202,10,1319
1320,10,223,01326,99843.59807154824,276507367.27464646,BIHAR,Khagaria,Beldaur,1326,202,10,1320
1321,10,223,01327,109941.92753751672,322212102.9771645,BIHAR,Khagaria,Gogri,1327,202,10,1321
1322,10,223,01328,89936.10349648775,287004195.7839702,BIHAR,Khagaria,Parbatta,1328,202,10,1322
1323,10,224,01329,96953.67395263074,173715448.674288,BIHAR,Bhagalpur,Narayanpur,1329,192,10,1323
1324,10,224,01330,98959.29366958747,189436468.07270038,BIHAR,Bhagalpur,Bihpur,1330,192,10,1324
1325,10,224,01331,99011.03733164023,165859471.202279,BIHAR,Bhagalpur,Kharik,1331,192,10,1325
1326,10,224,01332,91363.6896652748,133626474.58860184,BIHAR,Bhagalpur,Naugachhia,1332,192,10,1326
1327,10,224,01333,54345.46307610713,97034167.07070698,BIHAR,Bhagalpur,Rangra Chowk,1333,192,10,1327
1328,10,224,01334,101584.9547467846,209757083.71532708,BIHAR,Bhagalpur,Gopalpur,1334,192,10,1328
1329,10,224,01335,138174.7862368162,410869794.5228094,BIHAR,Bhagalpur,Pirpainti,1335,192,10,1329
1330,10,224,01336,129994.60953524086,352193668.10089475,BIHAR,Bhagalpur,Colgong,1336,192,10,1330
1331,10,224,01337,71196.1841803196,103322101.22796692,BIHAR,Bhagalpur,Ismailpur,1337,192,10,1331
1332,10,224,01338,87707.53638853852,143086031.74649867,BIHAR,Bhagalpur,Sabour,1338,192,10,1332
1333,10,224,01339,105075.10171922458,163449724.9776713,BIHAR,Bhagalpur,Nathnagar,1339,192,10,1333
1334,10,224,01340,140935.91176098303,266304450.33994943,BIHAR,Bhagalpur,Sultanganj,1340,192,10,1334
1335,10,224,01341,92925.63759699948,208746068.13001868,BIHAR,Bhagalpur,Shahkund,1341,192,10,1335
1336,10,224,01342,107223.96895766282,178295317.82859877,BIHAR,Bhagalpur,Goradih,1342,192,10,1336
1337,10,224,01343,106820.14827319307,127513338.20389633,BIHAR,Bhagalpur,Jagdishpur,1343,192,10,1337
1338,10,224,01344,86784.34543242578,214102326.0876152,BIHAR,Bhagalpur,Sonhaula,1344,192,10,1338
1339,10,225,01345,84956.4835021749,219520238.77094334,BIHAR,Banka,Shambhuganj,1345,190,10,1339
1340,10,225,01346,87535.43697111825,224805435.32977438,BIHAR,Banka,Amarpur,1346,190,10,1340
1341,10,225,01347,88333.56305508898,242943884.42399958,BIHAR,Banka,Rajaun,1347,190,10,1341
1342,10,225,01348,107411.06564765406,290151733.9790122,BIHAR,Banka,Dhuraiya,1348,190,10,1342
1343,10,225,01349,123706.74912194238,183101204.41450536,BIHAR,Banka,Barahat,1349,190,10,1343
1344,10,225,01350,137083.80822438758,365152222.06655407,BIHAR,Banka,Banka,1350,190,10,1344
1345,10,225,01351,105721.52745999413,257690654.03504035,BIHAR,Banka,Phulidumar,1351,190,10,1345
1346,10,225,01352,118120.96969159263,290710397.07809114,BIHAR,Banka,Belhar,1352,190,10,1346
1347,10,225,01353,169403.37821619454,549423746.7292647,BIHAR,Banka,Chanan,1353,190,10,1347
1348,10,225,01354,178855.58822772143,688166455.3144473,BIHAR,Banka,Katoria,1354,190,10,1348
1349,10,225,01355,110441.60861080706,385370970.0907774,BIHAR,Banka,Bausi,1355,190,10,1349
1350,10,226,01356,161855.15413513206,307177083.56085306,BIHAR,Munger,Munger,1356,207,10,1350
1351,10,226,01357,122575.85260288595,196956725.5807397,BIHAR,Munger,Bariarpur,1357,207,10,1351
1352,10,226,01358,72964.92253621295,113089040.84369352,BIHAR,Munger,Jamalpur,1358,207,10,1352
1353,10,226,01359,105315.91066381488,355442780.7521166,BIHAR,Munger,Dharhara,1359,207,10,1353
1354,10,226,01360,168015.34702839248,399042835.58741677,BIHAR,Munger,Kharagpur,1360,207,10,1354
1355,10,226,01361,62539.90312094681,72378298.03281754,BIHAR,Munger,Asarganj,1361,207,10,1355
1356,10,226,01362,53945.133481763885,86292811.44946903,BIHAR,Munger,Tarapur,1362,207,10,1356
1357,10,226,01363,73335.37081618818,95147021.28627625,BIHAR,Munger,Tetiha Bambor,1363,207,10,1357
1358,10,226,01364,70946.34746865186,105685331.65789953,BIHAR,Munger,Sangrampur,1364,207,10,1358
1359,10,227,01365,95703.74781741331,248903316.51690805,BIHAR,Lakhisarai,Barahiya,1365,204,10,1359
1360,10,227,01366,87805.09413271365,106469699.87236625,BIHAR,Lakhisarai,Pipariya,1366,204,10,1360
1361,10,227,01367,138697.97794911917,461861927.8035237,BIHAR,Lakhisarai,Surajgarha,1367,204,10,1361
1362,10,227,01368,116767.89716736991,182365334.72818068,BIHAR,Lakhisarai,Lakhisarai,1368,204,10,1362
1363,10,227,01369,86083.13309914285,177514917.15492606,BIHAR,Lakhisarai,Chanan*,1369,204,10,1363
1364,10,227,01370,98980.22829414949,128554437.61361188,BIHAR,Lakhisarai,Ramgarh Chowk,1370,204,10,1364
1365,10,227,01371,81349.78624676105,185843862.9294448,BIHAR,Lakhisarai,Halsi,1371,204,10,1365
1366,10,228,01372,81527.99260127124,116954361.17617963,BIHAR,Sheikhpura,Barbigha,1372,219,10,1366
1367,10,228,01373,56448.123069174675,67302495.45666826,BIHAR,Sheikhpura,Shekhopur Sarai,1373,219,10,1367
1368,10,228,01374,118815.40685357984,225564641.4870745,BIHAR,Sheikhpura,Sheikhpura,1374,219,10,1368
1369,10,228,01375,79150.51935820725,112934482.134088,BIHAR,Sheikhpura,Ghat Kusumbha,1375,219,10,1369
1370,10,228,01376,77234.19580018941,140433357.309282,BIHAR,Sheikhpura,Chewara,1376,219,10,1370
1371,10,228,01377,86189.80884185461,182640923.37866306,BIHAR,Sheikhpura,Ariari,1377,219,10,1371
1372,10,229,01378,56353.52788399891,78562511.38100824,BIHAR,Nalanda,Karai Parsurai,1378,209,10,1372
1373,10,229,01379,81747.69032435137,107902883.5635939,BIHAR,Nalanda,Nagar Nausa,1379,209,10,1373
1374,10,229,01380,121910.66245049181,224192882.9776473,BIHAR,Nalanda,Harnaut,1380,209,10,1374
1375,10,229,01381,71731.56218885996,146791762.31332162,BIHAR,Nalanda,Chandi,1381,209,10,1375
1376,10,229,01382,77312.70341282905,152819054.97388276,BIHAR,Nalanda,Rahui,1382,209,10,1376
1377,10,229,01383,69508.03581590478,89615333.04295808,BIHAR,Nalanda,Bind,1383,209,10,1377
1378,10,229,01384,82064.0660153687,151526452.48702618,BIHAR,Nalanda,Sarmera,1384,209,10,1378
1379,10,229,01385,92073.7150231733,167248060.99816492,BIHAR,Nalanda,Asthawan,1385,209,10,1379
1380,10,229,01386,98619.62675130539,215664844.76721886,BIHAR,Nalanda,Bihar,1386,209,10,1380
1381,10,229,01387,78980.00703212924,153428996.78724223,BIHAR,Nalanda,Noorsarai,1387,209,10,1381
1382,10,229,01388,71991.84318381405,77263197.8086839,BIHAR,Nalanda,Tharthari,1388,209,10,1382
1383,10,229,01389,52123.73479902878,75710525.24844736,BIHAR,Nalanda,Parbalpur,1389,209,10,1383
1384,10,229,01390,93194.52943893125,175884611.44772688,BIHAR,Nalanda,Hilsa,1390,209,10,1384
1385,10,229,01391,86333.05628167646,166692448.30685854,BIHAR,Nalanda,Ekangarsarai,1391,209,10,1385
1386,10,229,01392,108833.9926060577,273561104.84394705,BIHAR,Nalanda,Islampur,1392,209,10,1386
1387,10,229,01393,65664.7978662906,126671544.8349464,BIHAR,Nalanda,Ben,1393,209,10,1387
1388,10,229,01394,88239.34234492738,199275419.73778585,BIHAR,Nalanda,Rajgir,1394,209,10,1388
1389,10,229,01395,79218.99816003075,153629029.24843743,BIHAR,Nalanda,Silao,1395,209,10,1389
1390,10,229,01396,88609.98257519749,101067027.8835374,BIHAR,Nalanda,Giriak,1396,209,10,1390
1391,10,229,01397,40318.60335134577,51027697.286898494,BIHAR,Nalanda,Katrisarai,1397,209,10,1391
1392,10,230,01398,93743.11768951183,213024605.81821606,BIHAR,Patna,Maner,1398,212,10,1392
1393,10,230,01399,83595.39841910797,155845429.50787616,BIHAR,Patna,Dinapur-Cum-Khagaul,1399,212,10,1393
1394,10,230,01400,90340.24129135291,188088737.05898556,BIHAR,Patna,Patna Rural,1400,212,10,1394
1395,10,230,01401,50416.197150938366,81643524.32055032,BIHAR,Patna,Sampatchak,1401,212,10,1395
1396,10,230,01402,69106.25307966949,136228879.5356121,BIHAR,Patna,Phulwari,1402,212,10,1396
1397,10,230,01403,120167.84117013114,244237992.83176664,BIHAR,Patna,Bihta,1403,212,10,1397
1398,10,230,01404,113232.28561177455,208507490.02220538,BIHAR,Patna,Naubatpur,1404,212,10,1398
1399,10,230,01405,86992.12601573135,185384731.6895601,BIHAR,Patna,Bikram,1405,212,10,1399
1400,10,230,01406,77888.68297325914,136764421.20750156,BIHAR,Patna,Dulhin Bazar,1406,212,10,1400
1401,10,230,01407,128732.20920487707,293946633.07224894,BIHAR,Patna,Paliganj,1407,212,10,1401
1402,10,230,01408,110632.68235349703,246702901.55750787,BIHAR,Patna,Masaurhi,1408,212,10,1402
1403,10,230,01409,100437.18367567161,228618325.4530254,BIHAR,Patna,Dhanarua,1409,212,10,1403
1404,10,230,01410,81742.26784352206,159902391.11854276,BIHAR,Patna,Punpun,1410,212,10,1404
1405,10,230,01411,98544.76124907046,155188797.84345496,BIHAR,Patna,Fatwah,1411,212,10,1405
1406,10,230,01412,69178.07279338843,80831563.10505621,BIHAR,Patna,Daniawan,1412,212,10,1406
1407,10,230,01413,47527.20410430541,78152891.97869249,BIHAR,Patna,Khusrupur,1413,212,10,1407
1408,10,230,01414,109246.5016470923,199102233.29499468,BIHAR,Patna,Bakhtiarpur,1414,212,10,1408
1409,10,230,01415,48461.854765005046,68744222.82940002,BIHAR,Patna,Athmalgola,1415,212,10,1409
1410,10,230,01416,82035.26612390489,86549909.63368852,BIHAR,Patna,Belchhi,1416,212,10,1410
1411,10,230,01417,88393.52500695047,145657437.82116473,BIHAR,Patna,Barh,1417,212,10,1411
1412,10,230,01418,104948.9269220279,253137497.22309548,BIHAR,Patna,Pandarak,1418,212,10,1412
1413,10,230,01419,65845.55253713527,170570381.43465903,BIHAR,Patna,Ghoswari,1419,212,10,1413
1414,10,230,01420,126670.12684603417,239373258.3060604,BIHAR,Patna,Mokameh,1420,212,10,1414
1415,10,231,01421,112766.50836042762,216228904.8296857,BIHAR,Bhojpur,Shahpur,1421,193,10,1415
1416,10,231,01422,123085.83033705843,228550883.83463293,BIHAR,Bhojpur,Arrah,1422,193,10,1416
1417,10,231,01423,123840.08013202513,252983439.13530993,BIHAR,Bhojpur,Barhara,1423,193,10,1417
1418,10,231,01424,92240.9905914237,204320436.3797857,BIHAR,Bhojpur,Koilwar,1424,193,10,1418
1419,10,231,01425,60690.28787195148,164533491.92197853,BIHAR,Bhojpur,Sandesh,1425,193,10,1419
1420,10,231,01426,92812.0432009409,216843690.80480176,BIHAR,Bhojpur,Udwant Nagar,1426,193,10,1420
1421,10,231,01427,106566.38429923385,196750384.51474923,BIHAR,Bhojpur,Behea,1427,193,10,1421
1422,10,231,01428,106680.4392413878,332434373.1209984,BIHAR,Bhojpur,Jagdishpur,1428,193,10,1422
1423,10,231,01429,99837.86288169217,266723166.09132385,BIHAR,Bhojpur,Piro,1429,193,10,1423
1424,10,231,01430,87650.3254022764,135091298.65201116,BIHAR,Bhojpur,Charpokhari,1430,193,10,1424
1425,10,231,01431,93200.30408553917,136528496.2293723,BIHAR,Bhojpur,Garhani,1431,193,10,1425
1426,10,231,01432,86693.44243857505,191533247.07078177,BIHAR,Bhojpur,Agiaon,1432,193,10,1426
1427,10,231,01433,94134.50218087602,247185375.6757053,BIHAR,Bhojpur,Tarari,1433,193,10,1427
1428,10,231,01434,61074.69698134545,157246747.30094662,BIHAR,Bhojpur,Sahar,1434,193,10,1428
1429,10,232,01435,87979.34690606459,221795871.6207571,BIHAR,Buxar,Simri,1435,194,10,1429
1430,10,232,01436,44376.89952117498,57830896.07351438,BIHAR,Buxar,Chakki,1436,194,10,1430
1431,10,232,01437,130323.39603205003,255665881.68026727,BIHAR,Buxar,Barhampur,1437,194,10,1431
1432,10,232,01438,52848.892713438334,66787380.30617914,BIHAR,Buxar,Chaugain,1438,194,10,1432
1433,10,232,01439,34661.82176076006,38236041.04193255,BIHAR,Buxar,Kesath,1439,194,10,1433
1434,10,232,01440,114295.77745867042,238340841.87757832,BIHAR,Buxar,Dumraon,1440,194,10,1434
1435,10,232,01441,88954.23313446117,215624646.73715675,BIHAR,Buxar,Buxar,1441,194,10,1435
1436,10,232,01442,101381.35848478272,144270165.83490247,BIHAR,Buxar,Chausa,1442,194,10,1436
1437,10,232,01443,117343.81996903502,340368469.9743533,BIHAR,Buxar,Rajpur,1443,194,10,1437
1438,10,232,01444,98493.6838854669,285243796.67867875,BIHAR,Buxar,Itarhi,1444,194,10,1438
1439,10,232,01445,124585.82159241564,229571826.77624065,BIHAR,Buxar,Nawanagar,1445,194,10,1439
1440,10,233,01446,125104.69372880584,206542844.33446017,BIHAR,Kaimur (Bhabua),Ramgarh,1446,200,10,1440
1441,10,233,01447,118959.52234864507,235736479.84785572,BIHAR,Kaimur (Bhabua),Nuaon,1447,200,10,1441
1442,10,233,01448,130046.05081615601,257259320.41014314,BIHAR,Kaimur (Bhabua),Kudra,1448,200,10,1442
1443,10,233,01449,142585.33382712665,349179186.19319624,BIHAR,Kaimur (Bhabua),Mohania,1449,200,10,1443
1444,10,233,01450,108538.37135945095,212189428.9623086,BIHAR,Kaimur (Bhabua),Durgawati,1450,200,10,1444
1445,10,233,01451,96157.65603003807,258762558.91917485,BIHAR,Kaimur (Bhabua),Chand,1451,200,10,1445
1446,10,233,01452,169763.52548008456,554857998.5695102,BIHAR,Kaimur (Bhabua),Chainpur,1452,200,10,1446
1447,10,233,01453,143047.10800609735,407806757.36244607,BIHAR,Kaimur (Bhabua),Bhabua,1453,200,10,1447
1448,10,233,01454,126499.41105577619,210623352.0688326,BIHAR,Kaimur (Bhabua),Rampur,1454,200,10,1448
1449,10,233,01455,135331.5055031339,291667934.8405673,BIHAR,Kaimur (Bhabua),Bhagwanpur,1455,200,10,1449
1450,10,233,01456,270880.0535524759,1133478889.1024609,BIHAR,Kaimur (Bhabua),Adhaura,1456,200,10,1450
1451,10,234,01457,101041.72607219723,267914660.84412166,BIHAR,Rohtas,Kochas,1457,215,10,1451
1452,10,234,01458,118294.54879534757,379938275.43181866,BIHAR,Rohtas,Dinara,1458,215,10,1452
1453,10,234,01459,77676.03684821582,130171508.58434433,BIHAR,Rohtas,Dawath,1459,215,10,1453
1454,10,234,01460,55225.46133350712,69379569.10561906,BIHAR,Rohtas,Suryapura,1460,215,10,1454
1455,10,234,01461,87590.47595620585,169615373.03365797,BIHAR,Rohtas,Bikramganj,1461,215,10,1455
1456,10,234,01462,101693.54780086972,250972287.33144397,BIHAR,Rohtas,Karakat,1462,215,10,1456
1457,10,234,01463,88727.9211244112,167783282.13772827,BIHAR,Rohtas,Nasriganj,1463,215,10,1457
1458,10,234,01464,68188.39035028357,85504186.36698367,BIHAR,Rohtas,Rajpur,1464,215,10,1458
1459,10,234,01465,56163.93211456167,83385717.30813095,BIHAR,Rohtas,Sanjhauli,1465,215,10,1459
1460,10,234,01466,81009.50349345889,208976448.29655278,BIHAR,Rohtas,Nokha,1466,215,10,1460
1461,10,234,01467,129238.18514383028,405309824.2233717,BIHAR,Rohtas,Kargahar,1467,215,10,1461
1462,10,234,01468,120523.9117373211,292502524.21345145,BIHAR,Rohtas,Chenari,1468,215,10,1462
1463,10,234,01469,175538.88467271242,480146051.6006797,BIHAR,Rohtas,Nauhatta,1469,215,10,1463
1464,10,234,01470,135543.80223467614,406507343.6463206,BIHAR,Rohtas,Sheosagar,1470,215,10,1464
1465,10,234,01471,133967.46448680566,394718979.1480667,BIHAR,Rohtas,Sasaram,1471,215,10,1465
1466,10,234,01472,69116.30617059724,124301594.8001244,BIHAR,Rohtas,Akorhi Gola,1472,215,10,1466
1467,10,234,01473,96170.77992509348,198559928.11457545,BIHAR,Rohtas,Dehri,1473,215,10,1467
1468,10,234,01474,73641.96377534038,193488521.56066495,BIHAR,Rohtas,Tilouthu,1474,215,10,1468
1469,10,234,01475,88252.3270798539,389075571.3649397,BIHAR,Rohtas,Rohtas,1475,215,10,1469
1470,10,235,01476,90881.19478245662,238158832.6331078,BIHAR,Aurangabad,Daudnagar,1476,189,10,1470
1471,10,235,01477,85050.3462664906,160409903.43801442,BIHAR,Aurangabad,Haspura,1477,189,10,1471
1472,10,235,01478,120606.32360250689,374314693.56811744,BIHAR,Aurangabad,Goh,1478,189,10,1472
1473,10,235,01479,167278.5021042746,466065058.334625,BIHAR,Aurangabad,Rafiganj,1479,189,10,1473
1474,10,235,01480,130374.05835319856,312652747.22794086,BIHAR,Aurangabad,Obra,1480,189,10,1474
1475,10,235,01481,129244.61289713063,345695288.9965597,BIHAR,Aurangabad,Aurangabad,1481,189,10,1475
1476,10,235,01482,120618.39608459613,396062428.9204264,BIHAR,Aurangabad,Barun,1482,189,10,1476
1477,10,235,01483,175455.92532565864,657399950.406692,BIHAR,Aurangabad,Nabinagar,1483,189,10,1477
1478,10,235,01484,106378.4433322715,322104017.05422956,BIHAR,Aurangabad,Kutumba,1484,189,10,1478
1479,10,235,01485,153251.004199218,333809443.7292317,BIHAR,Aurangabad,Deo,1485,189,10,1479
1480,10,235,01486,151547.63494928644,418632865.4870826,BIHAR,Aurangabad,Madanpur,1486,189,10,1480
1481,10,236,01487,152277.9575735314,319558205.80127424,BIHAR,Gaya,Konch,1487,196,10,1481
1482,10,236,01488,122914.78608927115,288005458.68113714,BIHAR,Gaya,Tikari,1488,196,10,1482
1483,10,236,01489,112827.1360287387,243155947.40739632,BIHAR,Gaya,Belaganj,1489,196,10,1483
1484,10,236,01490,103265.12303606697,222976769.2667216,BIHAR,Gaya,Khizirsarai,1490,196,10,1484
1485,10,236,01491,78539.07580931076,145615661.11661726,BIHAR,Gaya,Neem Chak Bathani,1491,196,10,1485
1486,10,236,01492,93696.43778938687,181170047.6012924,BIHAR,Gaya,Muhra,1492,196,10,1486
1487,10,236,01493,103267.23011407426,161416428.59662145,BIHAR,Gaya,Atri,1493,196,10,1487
1488,10,236,01494,77393.67018835057,161239991.36806145,BIHAR,Gaya,Manpur,1494,196,10,1488
1489,10,236,01495,91800.72685901691,224253786.21169803,BIHAR,Gaya,Gaya Town C.D.Block,1495,196,10,1489
1490,10,236,01496,75539.07646251001,167203019.1385818,BIHAR,Gaya,Paraiya,1496,196,10,1490
1491,10,236,01497,81108.73934363545,199708003.1968651,BIHAR,Gaya,Guraru,1497,196,10,1491
1492,10,236,01498,117480.32543512863,237695068.93493745,BIHAR,Gaya,Gurua,1498,196,10,1492
1493,10,236,01499,99981.42791096229,128636974.38601135,BIHAR,Gaya,Amas,1499,196,10,1493
1494,10,236,01500,84171.96585576933,256294979.9303323,BIHAR,Gaya,Banke Bazar,1500,196,10,1494
1495,10,236,01501,135542.00142778672,316828877.84736395,BIHAR,Gaya,Imamganj,1501,196,10,1495
1496,10,236,01502,118381.80568267265,391129272.09156394,BIHAR,Gaya,Dumaria,1502,196,10,1496
1497,10,236,01503,100225.84497284332,167952736.9469201,BIHAR,Gaya,Sherghati,1503,196,10,1497
1498,10,236,01504,103917.72902787014,216306926.4149431,BIHAR,Gaya,Dobhi,1504,196,10,1498
1499,10,236,01505,123353.9953945769,310140858.0662506,BIHAR,Gaya,Bodh Gaya,1505,196,10,1499
1500,10,236,01506,107931.13409216667,189951546.78411987,BIHAR,Gaya,Tan Kuppa,1506,196,10,1500
1501,10,236,01507,105622.82437975545,323041475.7552148,BIHAR,Gaya,Wazirganj,1507,196,10,1501
1502,10,236,01508,154385.24763255156,409218619.47244704,BIHAR,Gaya,Fatehpur,1508,196,10,1502
1503,10,236,01509,122300.06589732868,418602237.0237843,BIHAR,Gaya,Mohanpur,1509,196,10,1503
1504,10,236,01510,139414.0056880139,365769112.2975055,BIHAR,Gaya,Barachatti,1510,196,10,1504
1505,10,237,01511,60168.12690653857,129660013.75143495,BIHAR,Nawada,Nardiganj,1511,210,10,1505
1506,10,237,01512,87307.31012625108,211196247.62191018,BIHAR,Nawada,Nawada,1512,210,10,1506
1507,10,237,01513,106209.3606578674,201261296.19272885,BIHAR,Nawada,Warisaliganj,1513,210,10,1507
1508,10,237,01514,71937.97736862316,99016309.72550076,BIHAR,Nawada,Kashi Chak,1514,210,10,1508
1509,10,237,01515,102717.44421243115,252152453.12284133,BIHAR,Nawada,Pakribarawan,1515,210,10,1509
1510,10,237,01516,120365.81988994333,364086007.9607161,BIHAR,Nawada,Kawakol,1516,210,10,1510
1511,10,237,01517,77646.6727113861,201981807.0677014,BIHAR,Nawada,Roh,1517,210,10,1511
1512,10,237,01518,73191.06944146275,188050240.76411927,BIHAR,Nawada,Gobindpur,1518,210,10,1512
1513,10,237,01519,91271.26965263867,249555056.12224835,BIHAR,Nawada,Akbarpur,1519,210,10,1513
1514,10,237,01520,85112.94195537794,144080511.5119639,BIHAR,Nawada,Hisua,1520,210,10,1514
1515,10,237,01521,62859.62911898124,99631061.29286994,BIHAR,Nawada,Narhat,1521,210,10,1515
1516,10,237,01522,74957.49200445921,145267234.09226507,BIHAR,Nawada,Meskaur,1522,210,10,1516
1517,10,237,01523,111277.14335332163,301739745.6852331,BIHAR,Nawada,Sirdala,1523,210,10,1517
1518,10,237,01524,132321.02152715673,450497730.8396105,BIHAR,Nawada,Rajauli,1524,210,10,1518
1519,10,238,01525,94068.17606542105,213758383.43287614,BIHAR,Jamui,Islamnagar Aliganj,1525,198,10,1519
1520,10,238,01526,86565.18605340371,228221948.79934373,BIHAR,Jamui,Sikandra,1526,198,10,1520
1521,10,238,01527,90091.24695324914,211781919.72033024,BIHAR,Jamui,Jamui,1527,198,10,1521
1522,10,238,01528,112084.03316006286,271211592.7997456,BIHAR,Jamui,Barhat,1528,198,10,1522
1523,10,238,01529,109269.08102644363,307176842.92102975,BIHAR,Jamui,Lakshmipur,1529,198,10,1523
1524,10,238,01530,147536.670079624,507174419.20232445,BIHAR,Jamui,Jhajha,1530,198,10,1524
1525,10,238,01531,55211.50229861298,100392075.062545,BIHAR,Jamui,Gidhaur,1531,198,10,1525
1526,10,238,01532,143054.40644958065,513759122.298774,BIHAR,Jamui,Khaira,1532,198,10,1526
1527,10,238,01533,117433.25832486953,479095802.0023901,BIHAR,Jamui,Sono,1533,198,10,1527
1528,10,238,01534,250105.7729380667,945207491.7234565,BIHAR,Jamui,Chakai,1534,198,10,1528
1529,10,239,01535,84173.68750360122,156079686.80780482,BIHAR,Jehanabad,Ratni Faridpur,1535,199,10,1529
1530,10,239,01536,96869.09962043552,201752667.4535911,BIHAR,Jehanabad,Jehanabad,1536,199,10,1530
1531,10,239,01537,83540.61995381175,162544734.2391039,BIHAR,Jehanabad,Kako,1537,199,10,1531
1532,10,239,01538,65327.30446404448,97567466.88262764,BIHAR,Jehanabad,Modanganj,1538,199,10,1532
1533,10,239,01539,82748.60235965486,112066474.8836689,BIHAR,Jehanabad,Ghoshi,1539,199,10,1533
1534,10,239,01540,126725.11425906952,301156085.8742629,BIHAR,Jehanabad,Makhdumpur,1540,199,10,1534
1535,10,239,01541,85998.96061653552,119900836.43989506,BIHAR,Jehanabad,Hulasganj,1541,199,10,1535
1536,10,240,01542,73635.81142101866,147491071.79236436,BIHAR,Arwal,Arwal,1542,611,10,1536
1537,10,240,01543,67569.2356808216,175508246.31381238,BIHAR,Arwal,Kaler,1543,611,10,1537
1538,10,240,01544,153576.2966949705,238745427.60167363,BIHAR,Arwal,Karpi,1544,611,10,1538
1539,10,240,01545,62497.752495992456,116781527.66914394,BIHAR,Arwal,Sonbhadra Banshi Suryapur,1545,611,10,1539
1540,10,240,01546,73213.70873328975,105283408.4341184,BIHAR,Arwal,Kurtha,1546,611,10,1540
5957,10,203,01020,96314.59430487578,203633668.270404,BIHAR,Pashchim Champaran,Piprasi,1020,211,10,5957
277,04,055,00277,73471.9928449498,155610321.48594764,CHANDIGARH,Chandigarh,Chandigarh,277,44,4,277
3251,22,400,03231,351831.4026187496,2815245994.5493464,CHATTISGARH,Koriya,Bharatpur,3231,384,22,3251
3252,22,400,03232,169520.71750565484,823227894.1150408,CHATTISGARH,Koriya,Baikunthpur,3232,384,22,3252
3253,22,400,03233,252147.50834206457,1722797299.6031215,CHATTISGARH,Koriya,Sonhat,3233,384,22,3253
3254,22,400,03234,287386.4567174117,1287797111.9296463,CHATTISGARH,Koriya,Manendragarh,3234,384,22,3254
3255,22,400,03235,205169.3581572382,1243560971.983937,CHATTISGARH,Koriya,Khadganva,3235,384,22,3255
3256,22,401,03247,197423.99949919755,711904889.4179635,CHATTISGARH,Surguja,Ambikapur,3247,389,22,3256
3257,22,401,03248,215108.59151364988,717919003.2274882,CHATTISGARH,Surguja,Lakhanpur,3248,389,22,3257
3258,22,401,03249,226496.70862943874,1074604167.835899,CHATTISGARH,Surguja,Udaypur,3249,389,22,3258
3259,22,401,03251,141203.02558128795,697494575.1337297,CHATTISGARH,Surguja,Lundra,3251,389,22,3259
3260,22,401,03252,140760.04343986508,477390175.070938,CHATTISGARH,Surguja,Sitapur,3252,389,22,3260
3261,22,401,03253,135517.79362906405,425926151.25446135,CHATTISGARH,Surguja,Batouli,3253,389,22,3261
3262,22,401,03254,180238.78980721525,641434315.0179286,CHATTISGARH,Surguja,Mainpat,3254,389,22,3262
3263,22,402,03255,259685.73480962394,1881646351.6652722,CHATTISGARH,Jashpur,Bagicha,3255,380,22,3263
3264,22,402,03256,152260.9045503831,548735047.5378485,CHATTISGARH,Jashpur,Kansabel,3256,380,22,3264
3265,22,402,03257,176768.04480255645,646017930.1842527,CHATTISGARH,Jashpur,Jashpur,3257,380,22,3265
3266,22,402,03258,210663.36919920327,989841836.8283243,CHATTISGARH,Jashpur,Manora,3258,380,22,3266
3267,22,402,03259,171038.88342597106,545103261.4713091,CHATTISGARH,Jashpur,Kunkuri,3259,380,22,3267
3268,22,402,03260,151891.29221933382,581635380.8299546,CHATTISGARH,Jashpur,Duldula,3260,380,22,3268
3269,22,402,03261,150074.1215586757,774629724.3571963,CHATTISGARH,Jashpur,Farsabahar,3261,380,22,3269
3270,22,402,03262,167485.05892240602,948065810.8435123,CHATTISGARH,Jashpur,Pathalgaon,3262,380,22,3270
3271,22,403,03263,324046.8970406239,2266982780.3149223,CHATTISGARH,Raigarh,Udaipur (Dharamjaigarh),3263,386,22,3271
3272,22,403,03264,193228.20314426546,929909499.2444465,CHATTISGARH,Raigarh,Lailunga,3264,386,22,3272
3273,22,403,03265,214226.17146444976,718549414.75694,CHATTISGARH,Raigarh,Gharghoda,3265,386,22,3273
3274,22,403,03266,256740.8632809604,692530573.7089537,CHATTISGARH,Raigarh,Tamnar,3266,386,22,3274
3275,22,403,03267,220256.8177490391,820383292.4416326,CHATTISGARH,Raigarh,Raigarh,3267,386,22,3275
3276,22,403,03268,109620.72362445662,484145191.58143497,CHATTISGARH,Raigarh,Pusour,3268,386,22,3276
3277,22,403,03269,171414.6280643214,598174384.9969866,CHATTISGARH,Raigarh,Kharsia,3269,386,22,3277
3278,22,403,03270,190215.23666015285,1073331464.8218857,CHATTISGARH,Raigarh,Sarangarh,3270,386,22,3278
3279,22,403,03271,177332.10994307772,663442718.6904888,CHATTISGARH,Raigarh,Baramkela,3271,386,22,3279
3280,22,404,03272,137387.21562279307,564549821.0861846,CHATTISGARH,Korba,Katghora,3272,383,22,3280
3281,22,404,03273,338541.23973733134,2559418484.0127077,CHATTISGARH,Korba,Poundi-Uproda,3273,383,22,3281
3282,22,404,03274,265254.5969579326,1521577366.940905,CHATTISGARH,Korba,Pali,3274,383,22,3282
3283,22,404,03275,293488.5436060453,2349703500.941482,CHATTISGARH,Korba,Korba,3275,383,22,3283
3284,22,404,03276,237795.4399553225,775296433.9166934,CHATTISGARH,Korba,Kartala,3276,383,22,3284
3285,22,405,03277,91639.42728449088,320816967.5168511,CHATTISGARH,Janjgir - Champa,Janjgir,3277,379,22,3285
3286,22,405,03278,123638.27444861778,464574889.8128371,CHATTISGARH,Janjgir - Champa,Akaltara,3278,379,22,3286
3287,22,405,03279,119668.69459518566,403031984.0254414,CHATTISGARH,Janjgir - Champa,Baloda,3279,379,22,3287
3288,22,405,03280,110772.84485286665,441404787.481402,CHATTISGARH,Janjgir - Champa,Nawagarh,3280,379,22,3288
3289,22,405,03281,167407.98006215805,453825792.4000606,CHATTISGARH,Janjgir - Champa,Champa,3281,379,22,3289
3290,22,405,03282,149480.579815724,473841301.3031564,CHATTISGARH,Janjgir - Champa,Sakti,3282,379,22,3290
3291,22,405,03283,130417.47391234916,516958192.68342817,CHATTISGARH,Janjgir - Champa,Pamgarh,3283,379,22,3291
3292,22,405,03284,138042.78801312012,510185555.9506132,CHATTISGARH,Janjgir - Champa,Dabhra,3284,379,22,3292
3293,22,405,03285,145938.1394334095,398918229.2482514,CHATTISGARH,Janjgir - Champa,Malkharoda,3285,379,22,3293
3294,22,405,03286,135455.17381296656,526746791.12111455,CHATTISGARH,Janjgir - Champa,Jaijaipur,3286,379,22,3294
3295,22,406,03287,291906.6050945859,1094630155.0124447,CHATTISGARH,Bilaspur,Pendra Road Gorella,3287,375,22,3295
3296,22,406,03288,154486.9960893096,839428695.8534052,CHATTISGARH,Bilaspur,Marwahi,3288,375,22,3296
3297,22,406,03289,151784.87736072647,418439427.99851614,CHATTISGARH,Bilaspur,Pendra,3289,375,22,3297
3298,22,406,03291,279810.9220449416,1366336109.2683477,CHATTISGARH,Bilaspur,Kota,3291,375,22,3298
3299,22,406,03294,205945.05193308118,841077948.1670796,CHATTISGARH,Bilaspur,Takhatpur,3294,375,22,3299
3300,22,406,03295,181137.26144226704,528112532.4335348,CHATTISGARH,Bilaspur,Bilaspur,3295,375,22,3300
3301,22,406,03296,258822.465789322,1003105651.6990837,CHATTISGARH,Bilaspur,Masturi,3296,375,22,3301
3302,22,406,03297,101446.83152780768,426841494.1278657,CHATTISGARH,Bilaspur,Bilha,3297,375,22,3302
3303,22,407,03298,168345.14463609856,622340836.4587792,CHATTISGARH,Kabeerdham,Kawardha,3298,382,22,3303
3304,22,407,03299,440817.32066246186,2255831392.0267653,CHATTISGARH,Kabeerdham,Bodla,3299,382,22,3304
3305,22,407,03300,234788.6858508289,701509950.5931528,CHATTISGARH,Kabeerdham,Sahaspur Lohara,3300,382,22,3305
3306,22,407,03301,274224.0809581791,1332307753.8522832,CHATTISGARH,Kabeerdham,Pandariya,3301,382,22,3306
3307,22,408,03302,250641.27594121292,1562033858.3655164,CHATTISGARH,Rajnandgaon,Chhuikhadan,3302,388,22,3307
3308,22,408,03303,246532.1824539185,1149950367.6460059,CHATTISGARH,Rajnandgaon,Khairagarh,3303,388,22,3308
3309,22,408,03304,218070.19152603755,1208122768.6394393,CHATTISGARH,Rajnandgaon,Dongargarh,3304,388,22,3309
3310,22,408,03305,215352.42994390964,861630683.2186686,CHATTISGARH,Rajnandgaon,Rajnandgaon,3305,388,22,3310
3311,22,408,03306,256965.21096629265,1177145679.4114788,CHATTISGARH,Rajnandgaon,Chhuriya,3306,388,22,3311
3312,22,408,03307,170692.80787070614,500479283.7444828,CHATTISGARH,Rajnandgaon,Dongargaon,3307,388,22,3312
3313,22,408,03308,212741.69066118647,914429560.8455986,CHATTISGARH,Rajnandgaon,Mohla,3308,388,22,3313
3314,22,408,03309,255894.6172597891,1302132407.22491,CHATTISGARH,Rajnandgaon,Manpur,3309,388,22,3314
3315,22,408,03310,120983.20620089793,634117035.6575654,CHATTISGARH,Rajnandgaon,Ambagarh,3310,388,22,3315
3316,22,409,03316,241412.59356227375,1029656320.1580439,CHATTISGARH,Durg,Dhamdha,3316,378,22,3316
3317,22,409,03317,183092.41925783106,738775918.3260753,CHATTISGARH,Durg,Durg,3317,378,22,3317
3318,22,409,03318,170118.6803183243,888693644.9027066,CHATTISGARH,Durg,Patan,3318,378,22,3318
3319,22,410,03330,220134.65222172113,1047268060.5403484,CHATTISGARH,Raipur,Arang,3330,387,22,3319
3320,22,410,03331,163654.6410366552,694658364.5517399,CHATTISGARH,Raipur,Abhanpur,3331,387,22,3320
3321,22,410,03332,172299.8081402655,758435226.4872588,CHATTISGARH,Raipur,Raipur,3332,387,22,3321
3322,22,410,03334,197315.71390675256,861669807.5215312,CHATTISGARH,Raipur,Tilda,3334,387,22,3322
3323,22,411,03339,208077.05450040053,787791051.6909213,CHATTISGARH,Mahasamund,Basna,3339,385,22,3323
3324,22,411,03340,234233.51662723417,1141705952.2485313,CHATTISGARH,Mahasamund,Saraipali,3340,385,22,3324
3325,22,411,03341,252211.83890473083,1218280027.1030345,CHATTISGARH,Mahasamund,Mahasamund,3341,385,22,3325
3326,22,411,03342,280599.4539782524,1166111617.9853725,CHATTISGARH,Mahasamund,Pithora,3342,385,22,3326
3327,22,411,03343,231952.85675356758,1187028854.8384078,CHATTISGARH,Mahasamund,Bagbahra,3343,385,22,3327
3328,22,412,03344,160692.6181127086,682252327.3247771,CHATTISGARH,Dhamtari,Kurud,3344,377,22,3328
3329,22,412,03345,193755.22638379538,851576615.7081155,CHATTISGARH,Dhamtari,Magarlod,3345,377,22,3329
3330,22,412,03346,236330.79567640994,783168738.094568,CHATTISGARH,Dhamtari,Dhamtari,3346,377,22,3330
3331,22,412,03347,336940.1463006369,2368019378.436055,CHATTISGARH,Dhamtari,Nagri,3347,377,22,3331
3332,22,413,03348,144587.8310271323,599192042.2424518,CHATTISGARH,Uttar Bastar Kanker,Charama,3348,381,22,3332
3333,22,413,03349,175927.61179141887,890683753.5198258,CHATTISGARH,Uttar Bastar Kanker,Bhanupratappur,3349,381,22,3333
3334,22,413,03350,197591.56735651745,940700099.5848775,CHATTISGARH,Uttar Bastar Kanker,Durgkondal,3350,381,22,3334
3335,22,413,03351,143730.74213172356,726368783.8107369,CHATTISGARH,Uttar Bastar Kanker,Kanker,3351,381,22,3335
3336,22,413,03352,184945.86781722994,1029628996.4907267,CHATTISGARH,Uttar Bastar Kanker,Narharpur,3352,381,22,3336
3337,22,413,03353,280574.60666675906,1830689119.8126843,CHATTISGARH,Uttar Bastar Kanker,Antagarh,3353,381,22,3337
3338,22,413,03354,381223.20092448033,2180829681.4207067,CHATTISGARH,Uttar Bastar Kanker,Pakhanjur,3354,381,22,3338
3339,22,414,03360,185228.49116679258,967367029.6558559,CHATTISGARH,Bastar,Jagdalpur,3360,374,22,3339
3340,22,414,03361,244055.5606706067,774103678.6488888,CHATTISGARH,Bastar,Lohandiguda,3361,374,22,3340
3341,22,414,03362,183255.42128433066,558895343.0185634,CHATTISGARH,Bastar,Bastanar,3362,374,22,3341
3342,22,414,03363,291078.1049537838,1133063787.6698587,CHATTISGARH,Bastar,Bastar,3363,374,22,3342
3343,22,414,03364,280084.4671256859,1024775720.8163298,CHATTISGARH,Bastar,Bakavand,3364,374,22,3343
3344,22,414,03365,141819.80305002813,392197408.58469135,CHATTISGARH,Bastar,Tokapal,3365,374,22,3344
3345,22,414,03366,321010.1853079993,1223343609.5146956,CHATTISGARH,Bastar,Darbha,3366,374,22,3345
3346,22,415,03367,279330.220644555,1204030033.7976725,CHATTISGARH,Narayanpur,Narayanpur,3367,637,22,3346
3347,22,415,03368,382376.07196418196,3202086907.737365,CHATTISGARH,Narayanpur,Orchha,3368,637,22,3347
3348,22,416,03369,185107.26058126707,918891754.5019305,CHATTISGARH,Dakshin Bastar Dantewada,Dantewada,3369,376,22,3348
3349,22,416,03370,242772.24255515466,1354405623.4604828,CHATTISGARH,Dakshin Bastar Dantewada,Gidam,3370,376,22,3349
3350,22,416,03371,206312.60950010963,630489230.6679643,CHATTISGARH,Dakshin Bastar Dantewada,Katekalyan,3371,376,22,3350
3351,22,416,03372,230234.5062809101,764381022.1558568,CHATTISGARH,Dakshin Bastar Dantewada,Kuakonda,3372,376,22,3351
3352,22,417,03376,296271.5810471203,2359411167.623543,CHATTISGARH,Bijapur,Bhopalpattnam,3376,636,22,3352
3353,22,417,03377,332569.6378434419,2752668756.2739434,CHATTISGARH,Bijapur,Usur,3377,636,22,3353
3354,22,417,03378,297988.46572996024,1649440359.687118,CHATTISGARH,Bijapur,Bijapur,3378,636,22,3354
3355,22,417,03379,384152.0344027485,3118546175.491959,CHATTISGARH,Bijapur,Bhairamgarh,3379,636,22,3355
3356,22,715,03239,353799.1867020235,1623248995.722569,CHATTISGARH,Surajpur,Pratappur,3239,648,22,3356
3357,22,715,03242,244994.92484496415,832658022.2406087,CHATTISGARH,Surajpur,Surajpur,3242,648,22,3357
3358,22,715,03243,338040.95729400864,2175054377.492947,CHATTISGARH,Surajpur,Oudgi,3243,648,22,3358
3359,22,715,03244,215898.80990083163,536067532.5422233,CHATTISGARH,Surajpur,Bhaiyathan,3244,648,22,3359
3360,22,715,03245,174993.19326625677,525242276.74970883,CHATTISGARH,Surajpur,Ramanujnagar,3245,648,22,3360
3361,22,715,03246,195126.73510010462,813345062.8090478,CHATTISGARH,Surajpur,Premnagar,3246,648,22,3361
3362,22,716,03236,247888.06325376255,1603997274.531948,CHATTISGARH,Balrampur,Ramanujganj,3236,649,22,3362
3363,22,716,03237,241168.3047523351,1241232186.3981826,CHATTISGARH,Balrampur,Balrampur,3237,649,22,3363
3364,22,716,03238,308258.1900250581,1568261871.4388063,CHATTISGARH,Balrampur,Wadrafnagar,3238,649,22,3364
3365,22,716,03240,242205.3035227752,1350147583.8314588,CHATTISGARH,Balrampur,Samri(kusmi),3240,649,22,3365
3366,22,716,03241,176280.16384739618,835870363.7629917,CHATTISGARH,Balrampur,Shankargarh,3241,649,22,3366
3367,22,716,03250,262590.7047209247,892206467.7780675,CHATTISGARH,Balrampur,Rajpur,3250,649,22,3367
3368,22,717,03290,337973.06920232944,1940957890.6114907,CHATTISGARH,Mungeli,Lormi,3290,647,22,3368
3369,22,717,03292,210789.6895667769,713980176.8759187,CHATTISGARH,Mungeli,Mungeli,3292,647,22,3369
3370,22,717,03293,164002.78611620012,596542980.0617486,CHATTISGARH,Mungeli,Pathariya,3293,647,22,3370
3371,22,718,03311,184963.91542569813,729807287.3012313,CHATTISGARH,Bametara,Nawagarh,3311,650,22,3371
3372,22,718,03312,246714.61504529585,854664994.782198,CHATTISGARH,Bametara,Bemetara,3312,650,22,3372
3373,22,718,03313,211744.05515122312,529717049.6762365,CHATTISGARH,Bametara,Saja,3313,650,22,3373
3374,22,718,03314,155896.51880561002,317929154.01610994,CHATTISGARH,Bametara,Thanakhamria,3314,650,22,3374
3375,22,718,03315,215642.4911991948,903177644.946926,CHATTISGARH,Bametara,Berla,3315,650,22,3375
3376,22,719,03319,201024.31532603226,789207529.0303276,CHATTISGARH,Balod,Gunderdehi,3319,646,22,3376
3377,22,719,03320,251297.35254989806,1095980267.7622726,CHATTISGARH,Balod,Dondi Luhara,3320,646,22,3377
3378,22,719,03321,144858.1473483262,313127174.2961909,CHATTISGARH,Balod,Balod,3321,646,22,3378
3379,22,719,03322,170292.0778153921,1043322572.4710929,CHATTISGARH,Balod,Dondi,3322,646,22,3379
3380,22,719,03323,209079.07688917403,630004202.1342769,CHATTISGARH,Balod,Gurur,3323,646,22,3380
3381,22,720,03333,137254.1908766148,574136794.3744795,CHATTISGARH,Gariaband,Rajim,3333,645,22,3381
3382,22,720,03335,275791.9667538564,1474498995.1697605,CHATTISGARH,Gariaband,Bindranavagarh(Gariyaband),3335,645,22,3382
3383,22,720,03336,257920.00283218772,1205277310.5001552,CHATTISGARH,Gariaband,Chhura,3336,645,22,3383
3384,22,720,03337,317658.4138496103,1929704671.482875,CHATTISGARH,Gariaband,Mainpur,3337,645,22,3384
3385,22,720,03338,109723.99363051819,355989994.7039737,CHATTISGARH,Gariaband,Deobhog,3338,645,22,3385
3386,22,721,03324,209144.6136537868,710255186.6054895,CHATTISGARH,Baloda Bazar,Simga,3324,644,22,3386
3387,22,721,03325,138569.32110049573,546690415.0446368,CHATTISGARH,Baloda Bazar,Bhatapara,3325,644,22,3387
3388,22,721,03326,154294.3595051078,720687284.2242506,CHATTISGARH,Baloda Bazar,Baloda Bazar,3326,644,22,3388
3389,22,721,03327,149234.5480993808,691013761.5260364,CHATTISGARH,Baloda Bazar,Palari,3327,644,22,3389
3390,22,721,03328,245208.0093441792,1938653601.9094033,CHATTISGARH,Baloda Bazar,Kasdol,3328,644,22,3390
3391,22,721,03329,163951.84270925866,817054940.5327199,CHATTISGARH,Baloda Bazar,Bilaigarh,3329,644,22,3391
3392,22,722,03355,184898.95898056737,905384987.7260368,CHATTISGARH,Kondagaon,Keskal,3355,643,22,3392
3393,22,722,03356,164734.57670547333,716430715.3205429,CHATTISGARH,Kondagaon,Bade Rajpur,3356,643,22,3393
3394,22,722,03357,335735.29582735815,2209057365.2760253,CHATTISGARH,Kondagaon,Kondagaon,3357,643,22,3394
3395,22,722,03358,224196.1001417984,939291425.6393079,CHATTISGARH,Kondagaon,Makdi,3358,643,22,3395
3396,22,722,03359,186355.92841981887,991918944.6896844,CHATTISGARH,Kondagaon,Farasgaon,3359,643,22,3396
3397,22,723,03373,344550.2062041806,4095500093.22606,CHATTISGARH,Sukma,Konta,3373,642,22,3397
3398,22,723,03374,310553.7792110818,885296444.2562704,CHATTISGARH,Sukma,Chhindgarh,3374,642,22,3398
3399,22,723,03375,241844.28285280036,1117899045.6397822,CHATTISGARH,Sukma,Sukma,3375,642,22,3399
3968,26,496,03949,232531.67975455665,573897328.6696186,DADAR & NAGAR HAVELI,Dadra & Nagar Haveli,Dadra & Nagar Haveli,3949,465,26,3968
3966,25,494,03947,44132.05062847808,38410723.08519304,DAMAN & DIU,Diu,Diu,3947,464,25,3966
3967,25,495,03948,49988.2328110019,66722339.55378421,DAMAN & DIU,Daman,Daman,3948,463,25,3967
429,07,091,00430,106187.54058115995,346081730.75232524,DELHI,NORTH,Narela,430,80,7,429
430,07,090,00431,107706.63225163253,199520680.70346165,DELHI,North West,Saraswati Vihar,431,82,7,430
431,07,091,00432,32501.541097357243,31543309.319494497,DELHI,NORTH,Model Town,432,80,7,431
432,07,095,00433,69629.85382362141,75884931.68006986,DELHI,CENTRAL,Civil Lines,433,77,7,432
433,07,095,00434,20356.303712447097,9725719.413654787,DELHI,CENTRAL,Sadar Bazar,0,77,7,433
434,07,095,00435,12727.469958249738,5652679.415693277,DELHI,CENTRAL,Kotwali,435,77,7,434
435,07,093,00441,33620.65020253696,44288699.655219786,DELHI,East,Preet Vihar,441,78,7,435
436,07,094,00442,17366.02325905412,9207148.852200022,DELHI,New Delhi,Connaught Place,0,79,7,436
437,07,094,00443,24926.794906879026,27616013.31027807,DELHI,New Delhi,Chanakya Puri,443,79,7,437
438,07,094,00444,15393.544828220038,9677512.81056181,DELHI,New Delhi,Parliament Street,0,79,7,438
439,07,095,00445,20235.20181460128,16725585.733875697,DELHI,Central,Darya Ganj,0,77,7,439
440,07,095,00446,16188.045484070995,7717542.051819161,DELHI,Central,Pahar Ganj,0,77,7,440
441,07,095,00447,10314.205722480012,5965162.498526188,DELHI,Central,Karol Bagh,447,77,7,441
442,07,096,00448,64943.70237660714,55705084.19247612,DELHI,West,Patel Nagar,448,85,7,442
443,07,096,00449,27087.942806446415,21247541.936544083,DELHI,West,Rajouri Garden,449,85,7,443
444,07,096,00450,65533.697776451154,97967688.51058218,DELHI,West,Punjabi Bagh,450,85,7,444
445,07,097,00451,120375.67251485918,324017621.1294862,DELHI,South West,Najafgarh,451,84,7,445
446,07,094,00452,50527.98223096704,66993345.87446471,DELHI,NEW DELHI,Delhi Cantonment,452,79,7,446
447,07,094,00453,88070.29481564181,132332167.84472655,DELHI,NEW DELHI,Vasant Vihar,453,79,7,447
448,07,098,00454,80742.68848441061,216432627.21268377,DELHI,South,Hauz Khas,454,83,7,448
449,07,092,00436,45076.27013125436,47303270.96748175,DELHI,NORTH EAST,Seelam Pur,436,81,7,449
450,07,702,00437,12332.5140894655,5733203.026954239,DELHI,Shahdara,Shahdara,437,671,7,450
451,07,702,00438,19853.4408265418,15985837.656983772,DELHI,Shahdara,Seema Puri,438,671,7,451
452,07,093,00439,25863.51340944409,20056086.661875688,DELHI,EAST,Gandhi Nagar,439,78,7,452
453,07,702,00440,18472.447340065755,14460161.254060293,DELHI,Shahdara,Vivek Vihar,440,671,7,453
454,07,703,00455,50498.57483045657,68937830.58667137,DELHI,South East,Defence Colony,455,670,7,454
455,07,703,00456,41649.58746928548,58475406.07739959,DELHI,South East,Kalkaji,456,670,7,455
4500,30,585,05609,105538.21279339846,263285908.65507847,GOA,North Goa,Pernem,5609,551,30,4500
4501,30,585,05610,97326.5464519605,273995336.384101,GOA,North Goa,Bardez,5610,551,30,4501
4502,30,585,05611,77327.15422017232,180576982.94399518,GOA,North Goa,Tiswadi,5611,551,30,4502
4503,30,585,05612,141823.76605536675,264927295.76380107,GOA,North Goa,Bicholim,5612,551,30,4503
4504,30,585,05613,140487.79288998956,566842258.1822921,GOA,North Goa,Satari,5613,551,30,4504
4505,30,586,05614,109815.66166565282,282404092.596872,GOA,South Goa,Ponda,5614,552,30,4505
4506,30,586,05615,66152.13314700389,82669497.14210412,GOA,South Goa,Mormugao,5615,552,30,4506
4507,30,586,05616,92534.37488463469,318292758.40619594,GOA,South Goa,Salcete,5616,552,30,4507
4508,30,586,05617,157286.9719004309,347253030.04101306,GOA,South Goa,Quepem,5617,552,30,4508
4509,30,586,05618,175531.9824330098,551136918.5752821,GOA,South Goa,Sanguem,5618,552,30,4509
4510,30,586,05619,146986.4069463441,385738107.14870995,GOA,South Goa,Canacona,5619,552,30,4510
5958,30,586,05931,125212.29142992855,400418804.2800209,GOA,South Goa,Dharbandora,5931,552,30,5958
3741,24,468, ,3151807.256927677,26072145200.77487,GUJARAT,KACHCHH, ,,449,24,3741
3742,24,468,03722,456769.22769889474,2394484062.7607584,GUJARAT,Kachchh,Lakhpat,3722,449,24,3742
3743,24,468,03723,409270.4508085686,3535519637.8863463,GUJARAT,Kachchh,Rapar,3723,449,24,3743
3744,24,468,03724,422234.01498574583,2180144095.209754,GUJARAT,Kachchh,Bhachau,3724,449,24,3744
3745,24,468,03725,352858.0182166321,1421478705.2429152,GUJARAT,Kachchh,Anjar,3725,449,24,3745
3746,24,468,03726,895718.9775211307,6493792656.839481,GUJARAT,Kachchh,Bhuj,3726,449,24,3746
3747,24,468,03727,345264.6592491312,2330212918.5883985,GUJARAT,Kachchh,Nakhatrana,3727,449,24,3747
3748,24,468,03728,431984.4460239186,2762037526.121751,GUJARAT,Kachchh,Abdasa,3728,449,24,3748
3749,24,468,03729,302890.2049552781,1705914965.2649527,GUJARAT,Kachchh,Mandvi,3729,449,24,3749
3750,24,468,03730,219033.75163600527,1052939102.7256842,GUJARAT,Kachchh,Mundra,3730,449,24,3750
3751,24,468,03731,184485.88700826574,236156950.79492667,GUJARAT,Kachchh,Gandhidham,3731,449,24,3751
3752,24,469,03732,430096.97826628166,2131383012.8663945,GUJARAT,Banas Kantha,Vav,3732,441,24,3752
3753,24,469,03733,237993.23013190326,1665551877.6983752,GUJARAT,Banas Kantha,Tharad,3733,441,24,3753
3754,24,469,03734,209853.9151134691,1012049068.485011,GUJARAT,Banas Kantha,Dhanera,3734,441,24,3754
3755,24,469,03735,171761.25768451023,549432141.9995955,GUJARAT,Banas Kantha,Dantiwada,3735,441,24,3755
3756,24,469,03736,171646.1381710351,835603266.6430876,GUJARAT,Banas Kantha,Amirgadh,3736,441,24,3756
3757,24,469,03737,181341.8880437684,1088405432.3120494,GUJARAT,Banas Kantha,Danta,3737,441,24,3757
3758,24,469,03738,199806.88752301675,705147072.2562752,GUJARAT,Banas Kantha,Vadgam,3738,441,24,3758
3759,24,469,03739,222695.7099818693,949270290.299015,GUJARAT,Banas Kantha,Palanpur,3739,441,24,3759
3760,24,469,03740,292939.23971657536,1786133969.6964254,GUJARAT,Banas Kantha,Deesa,3740,441,24,3760
3761,24,469,03741,145593.97014640766,711761699.2207787,GUJARAT,Banas Kantha,Deodar,3741,441,24,3761
3762,24,469,03742,138921.26527967272,541168270.3167201,GUJARAT,Banas Kantha,Bhabhar,3742,441,24,3762
3763,24,469,03743,225812.46458196494,1002025989.0956779,GUJARAT,Banas Kantha,Kankrej,3743,441,24,3763
3764,24,470,03744,351852.1086977728,1590450746.5969548,GUJARAT,Patan,Santalpur,3744,455,24,3764
3765,24,470,03745,207830.07908723337,722305251.2165619,GUJARAT,Patan,Radhanpur,3745,455,24,3765
3766,24,470,03746,145756.88514018865,458461104.8359061,GUJARAT,Patan,Sidhpur,3746,455,24,3766
3767,24,470,03747,316207.94376351987,1228962332.953963,GUJARAT,Patan,Patan,3747,455,24,3767
3768,24,470,03748,140750.89762857548,483751957.64904666,GUJARAT,Patan,Harij,3748,455,24,3768
3769,24,470,03749,319093.11400091986,1903203138.46546,GUJARAT,Patan,Sami,3749,455,24,3769
3770,24,470,03750,160768.48216965047,546744656.9560324,GUJARAT,Patan,Chanasma,3750,455,24,3770
3771,24,471,03751,101337.97323586605,372924958.032551,GUJARAT,Mahesana,Satlasana,3751,451,24,3771
3772,24,471,03752,131929.66000778758,385875433.15339595,GUJARAT,Mahesana,Kheralu,3752,451,24,3772
3773,24,471,03753,135075.53614967666,375844715.1674722,GUJARAT,Mahesana,Unjha,3753,451,24,3773
3774,24,471,03754,177329.18827294148,578902137.3835118,GUJARAT,Mahesana,Visnagar,3754,451,24,3774
3775,24,471,03755,130413.24248257733,386389840.04011494,GUJARAT,Mahesana,Vadnagar,3755,451,24,3775
3776,24,471,03756,177872.98724778384,664265117.0262403,GUJARAT,Mahesana,Vijapur,3756,451,24,3776
3777,24,471,03757,227534.62985538156,1004902641.3328942,GUJARAT,Mahesana,Mahesana,3757,451,24,3777
3778,24,471,03758,157719.90492115275,498526565.4127997,GUJARAT,Mahesana,Becharaji,3758,451,24,3778
3779,24,471,03759,223288.56542156168,987143693.5204942,GUJARAT,Mahesana,Kadi,3759,451,24,3779
3780,24,472,03760,255219.727006008,1065380639.4355428,GUJARAT,Sabar Kantha,Khedbrahma,3760,458,24,3780
3781,24,472,03761,154316.22109570113,575024039.8775712,GUJARAT,Sabar Kantha,Vijaynagar,3761,458,24,3781
3782,24,472,03762,144457.7804173973,451158453.5215055,GUJARAT,Sabar Kantha,Vadali,3762,458,24,3782
3783,24,472,03763,220567.67650610846,946903856.5100183,GUJARAT,Sabar Kantha,Idar,3763,458,24,3783
3784,24,472,03766,205948.379931289,923049327.0992963,GUJARAT,Sabar Kantha,Himatnagar,3766,458,24,3784
3785,24,472,03767,168497.79913907062,490678151.4539967,GUJARAT,Sabar Kantha,Prantij,3767,458,24,3785
3786,24,472,03768,208053.44996172623,519584309.2065749,GUJARAT,Sabar Kantha,Talod,3768,458,24,3786
3787,24,473,03773,265186.4471200628,579604771.5874509,GUJARAT,Gandhinagar,Kalol,3773,446,24,3787
3788,24,473,03774,135687.83726182976,439997026.9938425,GUJARAT,Gandhinagar,Mansa,3774,446,24,3788
3789,24,473,03775,172287.4321884079,797943185.9786544,GUJARAT,Gandhinagar,Gandhinagar,3775,446,24,3789
3790,24,473,03776,209162.17111140175,727136519.1199365,GUJARAT,Gandhinagar,Dehgam,3776,446,24,3790
3791,24,474,03777,158171.45269164373,568707549.3992442,GUJARAT,Ahmadabad,Mandal,3777,438,24,3791
3792,24,474,03778,178171.06747975587,522330149.9132348,GUJARAT,Ahmadabad,Detroj-Rampura,3778,438,24,3792
3793,24,474,03779,223680.347880361,974555909.4841017,GUJARAT,Ahmadabad,Viramgam,3779,438,24,3793
3794,24,474,03780,208726.66307319724,948627995.6531483,GUJARAT,Ahmadabad,Sanand,3780,438,24,3794
3795,24,474,03781,123962.74819439401,325069259.959935,GUJARAT,Ahmadabad,Ahmadabad City,3781,438,24,3795
3796,24,474,03782,286688.0016031914,822475691.3261731,GUJARAT,Ahmadabad,Daskroi,3782,438,24,3796
3797,24,474,03783,240545.17527733085,1132038419.4902287,GUJARAT,Ahmadabad,Dholka,3783,438,24,3797
3798,24,474,03784,220989.69445564825,941934526.0081373,GUJARAT,Ahmadabad,Bavla,3784,438,24,3798
3799,24,474,03787,320668.1911082046,2000950954.9926536,GUJARAT,Ahmadabad,Dhandhuka,3787,438,24,3799
3800,24,475,03789,250274.83614401013,1634518589.894112,GUJARAT,Surendranagar,Dhrangadhra,3789,460,24,3800
3801,24,475,03790,421452.24524879165,1850121994.5572398,GUJARAT,Surendranagar,Dasada,3790,460,24,3801
3802,24,475,03791,193794.0997383126,896840515.2895336,GUJARAT,Surendranagar,Lakhtar,3791,460,24,3802
3803,24,475,03792,235670.10926080635,943279766.4331384,GUJARAT,Surendranagar,Wadhwan,3792,460,24,3803
3804,24,475,03793,216889.09363196522,1110086401.7514427,GUJARAT,Surendranagar,Muli,3793,460,24,3804
3805,24,475,03794,290473.49117655214,1255605178.2701755,GUJARAT,Surendranagar,Chotila,3794,460,24,3805
3806,24,475,03795,231807.18302969114,1140909450.5523098,GUJARAT,Surendranagar,Sayla,3795,460,24,3806
3807,24,475,03796,176252.07185032085,604704972.3252293,GUJARAT,Surendranagar,Chuda,3796,460,24,3807
3808,24,475,03797,298364.69761865254,1377410040.2314837,GUJARAT,Surendranagar,Limbdi,3797,460,24,3808
3809,24,476,03802,286990.8982635593,732464918.9454802,GUJARAT,Rajkot,Paddhari,3802,457,24,3809
3810,24,476,03803,257450.9673397505,1310349822.1093159,GUJARAT,Rajkot,Rajkot,3803,457,24,3810
3811,24,476,03804,155275.25863224376,470469712.73113173,GUJARAT,Rajkot,Lodhika,3804,457,24,3811
3812,24,476,03805,199451.3321224533,529396948.484664,GUJARAT,Rajkot,Kotda Sangani,3805,457,24,3812
3813,24,476,03806,390631.5571178411,1470602988.5862758,GUJARAT,Rajkot,Jasdan,3806,457,24,3813
3814,24,476,03808,148576.26440274928,646687840.5128958,GUJARAT,Rajkot,Jamkandorna,3808,457,24,3814
3815,24,476,03809,204332.39478682965,930522127.6449653,GUJARAT,Rajkot,Upleta,3809,457,24,3815
3816,24,476,03810,184058.3631294059,586069115.5565656,GUJARAT,Rajkot,Dhoraji,3810,457,24,3816
3817,24,476,03811,340901.85779373744,2235801519.578052,GUJARAT,Rajkot,Jetpur,3811,457,24,3817
3818,24,477,03814,495949.39225206693,1784482318.8265321,GUJARAT,Jamnagar,Jamnagar,3814,447,24,3818
3819,24,477,03815,418652.9065724564,1322116496.4586356,GUJARAT,Jamnagar,Jodiya,3815,447,24,3819
3820,24,477,03816,229795.1726844489,601650533.2087502,GUJARAT,Jamnagar,Dhrol,3816,447,24,3820
3821,24,477,03817,279345.7653244125,1459430434.4203844,GUJARAT,Jamnagar,Kalavad,3817,447,24,3821
3822,24,477,03818,272015.18388481735,1307357607.8188684,GUJARAT,Jamnagar,Lalpur,3818,447,24,3822
3823,24,477,03821,296414.5425994066,1287376927.8492188,GUJARAT,Jamnagar,Jamjodhpur,3821,447,24,3823
3824,24,478,03822,362909.10809002264,1336256555.6938117,GUJARAT,Porbandar,Porbandar,3822,456,24,3824
3825,24,478,03823,145775.88660069014,679246504.4926256,GUJARAT,Porbandar,Ranavav,3823,456,24,3825
3826,24,478,03824,226736.7462900942,680646367.5278594,GUJARAT,Porbandar,Kutiyana,3824,456,24,3826
3827,24,479,03825,186211.1562458081,691614249.5713123,GUJARAT,Junagadh,Manavadar,3825,448,24,3827
3828,24,479,03826,154892.12056890343,456618374.911768,GUJARAT,Junagadh,Vanthali,3826,448,24,3828
3829,24,479,03827,210492.90395082394,789183955.7076943,GUJARAT,Junagadh,Junagadh,3827,448,24,3829
3830,24,479,03828,126773.0530837548,510454739.1252971,GUJARAT,Junagadh,Bhesan,3828,448,24,3830
3831,24,479,03829,260344.23984335418,1034760881.7275159,GUJARAT,Junagadh,Visavadar,3829,448,24,3831
3832,24,479,03830,122708.48791417443,424213606.168288,GUJARAT,Junagadh,Mendarda,3830,448,24,3832
3833,24,479,03831,154123.1459763914,655138128.3154595,GUJARAT,Junagadh,Keshod,3831,448,24,3833
3834,24,479,03832,185146.95307041466,684478959.7297498,GUJARAT,Junagadh,Mangrol,3832,448,24,3834
3835,24,479,03833,158014.18887477284,605736661.4782658,GUJARAT,Junagadh,Malia,3833,448,24,3835
3836,24,480,03839,220845.05208216506,639815400.6772913,GUJARAT,Amreli,Kunkavav Vadia,3839,439,24,3836
3837,24,480,03840,220138.45075767266,931868960.6704624,GUJARAT,Amreli,Babra,3840,439,24,3837
3838,24,480,03841,177154.255491634,752925012.6997161,GUJARAT,Amreli,Lathi,3841,439,24,3838
3839,24,480,03842,114448.29312371435,447557610.47653604,GUJARAT,Amreli,Lilia,3842,439,24,3839
3840,24,480,03843,204184.7493099911,966546981.6396425,GUJARAT,Amreli,Amreli,3843,439,24,3840
3841,24,480,03844,153556.55579091806,401180632.7487694,GUJARAT,Amreli,Bagasara,3844,439,24,3841
3842,24,480,03845,212125.2047287421,1212568980.4606426,GUJARAT,Amreli,Dhari,3845,439,24,3842
3843,24,480,03846,200405.1020099332,1352177917.7001097,GUJARAT,Amreli,Savar Kundla,3846,439,24,3843
3844,24,480,03847,182376.63218932357,696282538.0580629,GUJARAT,Amreli,Khambha,3847,439,24,3844
3845,24,480,03848,145283.00500870752,410975013.8474492,GUJARAT,Amreli,Jafrabad,3848,439,24,3845
3846,24,480,03849,179853.90429910502,749729070.3609201,GUJARAT,Amreli,Rajula,3849,439,24,3846
3847,24,481,03851,189031.9449541139,713606869.3048937,GUJARAT,Bhavnagar,Vallabhipur,3851,443,24,3847
3848,24,481,03853,158139.6377453075,484845634.1485438,GUJARAT,Bhavnagar,Umrala,3853,443,24,3848
3849,24,481,03854,209386.71891981893,1048891984.3474098,GUJARAT,Bhavnagar,Bhavnagar,3854,443,24,3849
3850,24,481,03855,250869.76677130585,1007985989.3488863,GUJARAT,Bhavnagar,Ghogha,3855,443,24,3850
3851,24,481,03856,218362.13947110984,835990842.9242927,GUJARAT,Bhavnagar,Sihor,3856,443,24,3851
3852,24,481,03857,159698.5223429252,561450192.1293839,GUJARAT,Bhavnagar,Gariadhar,3857,443,24,3852
3853,24,481,03858,198525.36945011572,850919156.1556079,GUJARAT,Bhavnagar,Palitana,3858,443,24,3853
3854,24,481,03859,266381.67891182535,1021271779.1202232,GUJARAT,Bhavnagar,Talaja,3859,443,24,3854
3855,24,481,03860,282581.9894914593,1444045728.9009628,GUJARAT,Bhavnagar,Mahuva,3860,443,24,3855
3856,24,482,03861,118098.5375463369,394359416.7449041,GUJARAT,Anand,Tarapur,3861,440,24,3856
3857,24,482,03862,80246.66660430752,198801212.76084375,GUJARAT,Anand,Sojitra,3862,440,24,3857
3858,24,482,03863,120147.66963643073,275798148.3964942,GUJARAT,Anand,Umreth,3863,440,24,3858
3859,24,482,03864,144030.12512807042,525096875.69618386,GUJARAT,Anand,Anand,3864,440,24,3859
3860,24,482,03865,144314.18602730273,358919056.9988507,GUJARAT,Anand,Petlad,3865,440,24,3860
3861,24,482,03866,196073.49175619672,807694516.5461596,GUJARAT,Anand,Khambhat,3866,440,24,3861
3862,24,482,03867,140528.1815825516,476636153.9242261,GUJARAT,Anand,Borsad,3867,440,24,3862
3863,24,482,03868,89301.2965826036,215163176.6414055,GUJARAT,Anand,Anklav,3868,440,24,3863
3864,24,483,03869,172947.00082725377,753033105.3394096,GUJARAT,Kheda,Kapadvanj,3869,450,24,3864
3865,24,483,03872,196419.18207987293,419626478.3936986,GUJARAT,Kheda,Kathlal,3872,450,24,3865
3866,24,483,03873,144585.355096875,462263876.6846792,GUJARAT,Kheda,Mehmedabad,3873,450,24,3866
3867,24,483,03874,149430.23519605218,358905989.89313567,GUJARAT,Kheda,Kheda,3874,450,24,3867
3868,24,483,03875,166223.75711418438,455443629.92861557,GUJARAT,Kheda,Matar,3875,450,24,3868
3869,24,483,03876,140180.73002430913,476952523.772143,GUJARAT,Kheda,Nadiad,3876,450,24,3869
3870,24,483,03877,134041.4939635171,292974443.4561701,GUJARAT,Kheda,Mahudha,3877,450,24,3870
3871,24,483,03878,178052.59195245375,793308325.1312271,GUJARAT,Kheda,Thasra,3878,450,24,3871
3872,24,484,03883,210310.13182473418,746642133.4908689,GUJARAT,Panch Mahals,Shehera,3883,454,24,3872
3873,24,484,03884,129132.05086348933,384704009.4009708,GUJARAT,Panch Mahals,Morwa (Hadaf),3884,454,24,3873
3874,24,484,03885,245807.86558962794,905436150.5947807,GUJARAT,Panch Mahals,Godhra,3885,454,24,3874
3875,24,484,03886,149663.6365062865,472333526.28877556,GUJARAT,Panch Mahals,Kalol,3886,454,24,3875
3876,24,484,03887,159259.51623969284,589568465.0169566,GUJARAT,Panch Mahals,Ghoghamba,3887,454,24,3876
3877,24,484,03888,139205.41264616375,610849990.5877594,GUJARAT,Panch Mahals,Halol,3888,454,24,3877
3878,24,484,03889,90622.77308966826,172738087.68124756,GUJARAT,Panch Mahals,Jambughoda,3889,454,24,3878
3879,24,485,03890,110107.82283377244,388956175.39449316,GUJARAT,Dohad,Fatepura,3890,445,24,3879
3880,24,485,03891,190178.2628058158,958567509.6571051,GUJARAT,Dohad,Jhalod,3891,445,24,3880
3881,24,485,03892,173090.77419660724,707185972.7592157,GUJARAT,Dohad,Limkheda,3892,445,24,3881
3882,24,485,03893,152529.44175520944,732059866.2748296,GUJARAT,Dohad,Dohad,3893,445,24,3882
3883,24,485,03894,117306.8492570352,306353572.10472846,GUJARAT,Dohad,Garbada,3894,445,24,3883
3884,24,485,03895,170827.73302785473,680938070.7445258,GUJARAT,Dohad,Devgadbaria,3895,445,24,3884
3885,24,485,03896,124313.41141162257,555094512.3079365,GUJARAT,Dohad,Dhanpur,3896,445,24,3885
3886,24,486,03897,204276.58250160445,937177275.5304595,GUJARAT,Vadodara,Savli,3897,461,24,3886
3887,24,486,03898,205127.90258762013,787221090.7637262,GUJARAT,Vadodara,Vadodara,3898,461,24,3887
3888,24,486,03899,179888.36918967037,665484349.8023372,GUJARAT,Vadodara,Vaghodia,3899,461,24,3888
3889,24,486,03905,231306.84927858997,744262848.4465119,GUJARAT,Vadodara,Dabhoi,3905,461,24,3889
3890,24,486,03906,175202.06493699594,582048851.2435007,GUJARAT,Vadodara,Padra,3906,461,24,3890
3891,24,486,03907,210614.11978553806,696923584.2134267,GUJARAT,Vadodara,Karjan,3907,461,24,3891
3892,24,486,03908,102628.63340309271,341289140.4576584,GUJARAT,Vadodara,Sinor,3908,461,24,3892
3893,24,487,03909,121761.81317439479,289476002.69709146,GUJARAT,Narmada,Tilakwada,3909,452,24,3893
3894,24,487,03910,277243.02869510034,1290558762.2423189,GUJARAT,Narmada,Nandod,3910,452,24,3894
3895,24,487,03911,203546.66834434323,1224586854.9584332,GUJARAT,Narmada,Dediapada,3911,452,24,3895
3896,24,487,03912,137231.07653504438,475960505.00319785,GUJARAT,Narmada,Sagbara,3912,452,24,3896
3897,24,488,03913,197256.32415921334,1186333773.233566,GUJARAT,Bharuch,Jambusar,3913,442,24,3897
3898,24,488,03914,156774.5734951108,521992230.4922265,GUJARAT,Bharuch,Amod,3914,442,24,3898
3899,24,488,03915,179363.77480278924,835774501.0836838,GUJARAT,Bharuch,Vagra,3915,442,24,3899
3900,24,488,03916,173967.55151593065,734502008.301608,GUJARAT,Bharuch,Bharuch,3916,442,24,3900
3901,24,488,03917,226239.6354700141,936897748.3682992,GUJARAT,Bharuch,Jhagadia,3917,442,24,3901
3902,24,488,03918,172131.50680280538,525990622.51970875,GUJARAT,Bharuch,Anklesvar,3918,442,24,3902
3903,24,488,03919,179765.534021163,605258192.3046498,GUJARAT,Bharuch,Hansot,3919,442,24,3903
3904,24,488,03920,168264.54103042075,597559686.1360244,GUJARAT,Bharuch,Valia,3920,442,24,3904
3905,24,489,03921,293789.1157478821,2027019849.236858,GUJARAT,The Dangs,The Dangs,3921,444,24,3905
3906,24,490,03922,105046.14470592093,289805019.60091686,GUJARAT,Navsari,Navsari,3922,453,24,3906
3907,24,490,03923,177201.09227353078,579219808.6177813,GUJARAT,Navsari,Jalalpore,3923,453,24,3907
3908,24,490,03924,117238.1159383795,331969177.2225851,GUJARAT,Navsari,Gandevi,3924,453,24,3908
3909,24,490,03925,158768.63222632674,662614509.1232942,GUJARAT,Navsari,Chikhli,3925,453,24,3909
3910,24,490,03926,157161.07737047412,679473928.7904652,GUJARAT,Navsari,Bansda,3926,453,24,3910
3911,24,491,03927,146081.400909929,587335912.0461034,GUJARAT,Valsad,Valsad,3927,462,24,3911
3912,24,491,03928,163617.1515382732,815712655.4042424,GUJARAT,Valsad,Dharampur,3928,462,24,3912
3913,24,491,03929,149802.46290990862,493239294.4131569,GUJARAT,Valsad,Pardi,3929,462,24,3913
3914,24,491,03930,268042.717672549,1060264674.3049306,GUJARAT,Valsad,Kaprada,3930,462,24,3914
3915,24,491,03931,133181.9191891895,418115559.5406685,GUJARAT,Valsad,Umbergaon,3931,462,24,3915
3916,24,492,03932,156376.4602467769,739768515.3132927,GUJARAT,Surat,Olpad,3932,459,24,3916
3917,24,492,03933,194725.1779816492,685170446.4158831,GUJARAT,Surat,Mangrol,3933,459,24,3917
3918,24,492,03934,137146.34716789096,476379264.3720532,GUJARAT,Surat,Umarpada,3934,459,24,3918
3919,24,492,03935,203433.27034823413,842220536.741554,GUJARAT,Surat,Mandvi,3935,459,24,3919
3920,24,492,03936,129482.0693420142,431519077.31853575,GUJARAT,Surat,Kamrej,3936,459,24,3920
3921,24,492,03937,92382.37095244485,179735647.97236833,GUJARAT,Surat,Surat City,3937,459,24,3921
3922,24,492,03938,209409.9354616865,548579854.5750763,GUJARAT,Surat,Chorasi,3938,459,24,3922
3923,24,492,03939,101944.65196200024,230454156.42944738,GUJARAT,Surat,Palsana,3939,459,24,3923
3924,24,492,03940,147687.972676596,437183645.8432438,GUJARAT,Surat,Bardoli,3940,459,24,3924
3925,24,492,03941,138183.96340627898,405599243.3786298,GUJARAT,Surat,Mahuva,3941,459,24,3925
3926,24,493,03942,181260.6305125913,466387003.49858516,GUJARAT,Tapi,Nizar,3942,641,24,3926
3927,24,493,03943,160634.75427070708,654766222.5588467,GUJARAT,Tapi,Uchchhal,3943,641,24,3927
3928,24,493,03944,326177.65650949336,1335728381.3995295,GUJARAT,Tapi,Songadh,3944,641,24,3928
3929,24,493,03945,235941.36103780352,938380226.2174349,GUJARAT,Tapi,Vyara,3945,641,24,3929
3930,24,493,03946,136677.30164840433,235363781.89977443,GUJARAT,Tapi,Valod,3946,641,24,3930
3931,24,725,03764,210426.7304391462,871440813.1981139,GUJARAT,Aravalli,Bhiloda,3764,672,24,3931
3932,24,725,03765,174435.45338987635,659240622.2574079,GUJARAT,Aravalli,Meghraj,3765,672,24,3932
3933,24,725,03769,166542.01155936997,738933645.6636604,GUJARAT,Aravalli,Modasa,3769,672,24,3933
3934,24,725,03770,156671.98179418125,477470668.97341615,GUJARAT,Aravalli,Dhansura,3770,672,24,3934
3935,24,725,03771,158983.79581493762,437016850.09191805,GUJARAT,Aravalli,Malpur,3771,672,24,3935
3936,24,725,03772,205392.90043005877,702455935.1835874,GUJARAT,Aravalli,Bayad,3772,672,24,3936
3937,24,726,03785,151016.803760048,575891504.8109742,GUJARAT,Botad,Ranpur,3785,676,24,3937
3938,24,726,03786,148904.11639899656,582885424.4981986,GUJARAT,Botad,Barwala,3786,676,24,3938
3939,24,726,03850,228566.44271779017,902602644.4701931,GUJARAT,Botad,Botad,3850,676,24,3939
3940,24,726,03852,221256.9412244133,1019971270.5934502,GUJARAT,Botad,Gadhada,3852,676,24,3940
3941,24,727,03788,257507.09467656212,1486709841.4957955,GUJARAT,Morbi,Halvad,3788,673,24,3941
3942,24,727,03798,303855.9031812807,897978605.7092352,GUJARAT,Morbi,Maliya,3798,673,24,3942
3943,24,727,03799,229173.25360616864,1267861835.077788,GUJARAT,Morbi,Morvi,3799,673,24,3943
3944,24,727,03800,216594.8630113423,743089824.0831254,GUJARAT,Morbi,Tankara,3800,673,24,3944
3945,24,727,03801,223626.32662481425,1331764452.5045207,GUJARAT,Morbi,Wankaner,3801,673,24,3945
3946,24,728,03812,285771.20968244254,791907291.4775257,GUJARAT,Devbhumi Dwarka,Okhamandal,3812,674,24,3946
3947,24,728,03813,309679.3032844757,1538471254.3107827,GUJARAT,Devbhumi Dwarka,Khambhalia,3813,674,24,3947
3948,24,728,03819,281989.05080482713,1719351084.9846961,GUJARAT,Devbhumi Dwarka,Kalyanpur,3819,674,24,3948
3949,24,728,03820,237856.18827510515,854419329.0879705,GUJARAT,Devbhumi Dwarka,Bhanvad,3820,674,24,3949
3950,24,729,03834,217788.71668737437,1130709351.24618,GUJARAT,Gir Somnath,Talala,3834,675,24,3950
3951,24,729,03835,149356.12749851766,420834990.8610294,GUJARAT,Gir Somnath,Patan-Veraval,3835,675,24,3951
3952,24,729,03836,145522.74727695892,366130999.20581347,GUJARAT,Gir Somnath,Sutrapada,3836,675,24,3952
3953,24,729,03837,156329.9736691171,613116904.3629986,GUJARAT,Gir Somnath,Kodinar,3837,675,24,3953
3954,24,729,03838,257679.08991645993,1809788508.4460647,GUJARAT,Gir Somnath,Una,3838,675,24,3954
3955,24,730,03870,113016.22805729172,304986437.17513305,GUJARAT,Mahisagar,Virpur,3870,669,24,3955
3956,24,730,03871,104357.32122261674,361765054.666886,GUJARAT,Mahisagar,Balasinor,3871,669,24,3956
3957,24,730,03879,121874.9544013604,397019260.9778714,GUJARAT,Mahisagar,Khanpur,3879,669,24,3957
3958,24,730,03880,136863.5964552732,505764606.27686024,GUJARAT,Mahisagar,Kadana,3880,669,24,3958
3959,24,730,03881,206866.25166621467,677498141.278129,GUJARAT,Mahisagar,Santrampur,3881,669,24,3959
3960,24,730,03882,203368.48475435073,741684155.1937813,GUJARAT,Mahisagar,Lunawada,3882,669,24,3960
3961,24,731,03900,226079.91670454247,947379133.3457211,GUJARAT,Chota Udaipur,Jetpur Pavi,3900,668,24,3961
3962,24,731,03901,255876.34254448902,908752437.8056352,GUJARAT,Chota Udaipur,Chhota Udaipur,3901,668,24,3962
3963,24,731,03902,176768.3256413825,719128895.0483022,GUJARAT,Chota Udaipur,Kavant,3902,668,24,3963
3964,24,731,03903,175572.39093547803,629765045.2802653,GUJARAT,Chota Udaipur,Nasvadi,3903,668,24,3964
3965,24,731,03904,208036.84441871825,849099396.0836082,GUJARAT,Chota Udaipur,Sankheda,3904,668,24,3965
355,06,069,00356,142053.35596268732,349342109.02628946,HARYANA,Panchkula,Kalka,356,70,6,355
356,06,069,00357,253196.3940352652,867108962.1275432,HARYANA,Panchkula,Panchkula,357,70,6,356
357,06,070,00358,145001.75189135358,620728655.2540113,HARYANA,Ambala,Naraingarh,358,58,6,357
358,06,070,00359,307339.1408484218,995327884.3544176,HARYANA,Ambala,Ambala,359,58,6,358
359,06,070,00360,148131.96548477362,411120810.01762366,HARYANA,Ambala,Barara,360,58,6,359
360,06,071,00361,232068.71809087603,1128039729.6411061,HARYANA,Yamunanagar,Jagadhri,361,76,6,360
361,06,071,00362,162662.63565388395,568015894.8237625,HARYANA,Yamunanagar,Bilaspur,362,76,6,361
362,06,071,00363,165138.2196410857,621182390.4874444,HARYANA,Yamunanagar,Chhachhrauli,363,76,6,362
363,06,072,00364,157740.96770080397,267244672.40731862,HARYANA,Kurukshetra,Shahbad,364,68,6,363
364,06,072,00365,192035.1017873328,804685979.9386996,HARYANA,Kurukshetra,Pehowa,365,68,6,364
365,06,072,00366,269821.77160898055,1177034389.781788,HARYANA,Kurukshetra,Thanesar,366,68,6,365
366,06,073,00367,216331.9700863848,733352034.7346711,HARYANA,Kaithal,Guhla,367,66,6,366
367,06,073,00368,258527.03278059518,1625524354.5761974,HARYANA,Kaithal,Kaithal,368,66,6,367
368,06,073,00369,146863.9261002444,703525543.0626502,HARYANA,Kaithal,Fatehpur Pundri,369,66,6,368
369,06,074,00370,133867.289407611,513604207.89960045,HARYANA,Karnal,Nilokheri,370,67,6,369
370,06,074,00371,140225.55733606263,470235427.8972491,HARYANA,Karnal,Indri,371,67,6,370
371,06,074,00372,222131.180008596,1075612108.080431,HARYANA,Karnal,Karnal,372,67,6,371
372,06,074,00373,136782.59217707752,630153144.3835031,HARYANA,Karnal,Assandh,373,67,6,372
373,06,074,00374,147592.32476223004,574224072.6328851,HARYANA,Karnal,Gharaunda,374,67,6,373
374,06,075,00375,148606.95953624282,708093198.8866634,HARYANA,Panipat,Panipat,375,71,6,374
375,06,075,00376,127762.38035046862,369128789.8717283,HARYANA,Panipat,Israna,376,71,6,375
376,06,075,00377,145640.00026976565,595342177.7127366,HARYANA,Panipat,Samalkha,377,71,6,376
377,06,076,00378,196402.93691242835,1087417118.1618621,HARYANA,Sonipat,Gohana,378,75,6,377
378,06,076,00379,114278.32001093251,416944599.19706565,HARYANA,Sonipat,Ganaur,379,75,6,378
379,06,076,00380,215868.34491921682,976305438.1789777,HARYANA,Sonipat,Sonipat,380,75,6,379
380,06,076,00381,123241.04530072567,382551074.47914743,HARYANA,Sonipat,Kharkhoda,381,75,6,380
381,06,077,00382,254937.3860477788,1536713860.7801292,HARYANA,Jind,Narwana,382,65,6,381
382,06,077,00383,231492.81438998732,1105410992.8763676,HARYANA,Jind,Jind,383,65,6,382
383,06,077,00384,97669.1765217691,354608384.4479649,HARYANA,Jind,Julana,384,65,6,383
384,06,077,00385,163326.94013763443,661901725.2849853,HARYANA,Jind,Safidon,385,65,6,384
385,06,078,00386,181655.47123477986,678585532.59818,HARYANA,Fatehabad,Ratia,386,61,6,385
386,06,078,00387,179169.0506034084,799320258.9221122,HARYANA,Fatehabad,Tohana,387,61,6,386
387,06,078,00388,330115.8813655577,1875724763.0158923,HARYANA,Fatehabad,Fatehabad,388,61,6,387
388,06,079,00389,220065.19276182793,1434829524.3508978,HARYANA,Sirsa,Dabwali,389,74,6,388
389,06,079,00390,353124.57593731344,2760808186.4753575,HARYANA,Sirsa,Sirsa,390,74,6,389
390,06,079,00391,145272.95548728315,846931778.1647975,HARYANA,Sirsa,Rania,391,74,6,390
391,06,079,00392,137281.95212521797,630275442.0120802,HARYANA,Sirsa,Ellenabad,392,74,6,391
392,06,080,00393,165511.20225952132,635772327.3546978,HARYANA,Hisar,Adampur,393,63,6,392
393,06,080,00394,410238.13911896484,2996085900.4378037,HARYANA,Hisar,Hisar,394,63,6,393
394,06,080,00395,138554.25656800257,594651457.4611464,HARYANA,Hisar,Narnaund,395,63,6,394
395,06,080,00396,286927.87952398387,1141002335.2881489,HARYANA,Hisar,Hansi,396,63,6,395
396,06,081,00397,174050.64792919325,745498399.5791539,HARYANA,Bhiwani,Bawani Khera,397,59,6,396
397,06,081,00398,242934.64703680197,1142130933.7103434,HARYANA,Bhiwani,Bhiwani,398,59,6,397
398,06,081,00399,173915.44018661592,892442750.7324425,HARYANA,Bhiwani,Tosham,399,59,6,398
399,06,081,00400,147541.75217940795,626044693.3096718,HARYANA,Bhiwani,Siwani,400,59,6,399
400,06,081,00401,204952.89501163998,919629423.5923649,HARYANA,Bhiwani,Loharu,401,59,6,400
401,06,082,00404,136164.09597517626,673067593.2669435,HARYANA,Rohtak,Maham,404,73,6,401
402,06,082,00405,247298.51026235265,1227323337.4088562,HARYANA,Rohtak,Rohtak,405,73,6,402
403,06,082,00406,89448.73291145987,295980645.3772241,HARYANA,Rohtak,Sampla,406,73,6,403
404,06,083,00407,130234.97811478257,427482193.1873447,HARYANA,Jhajjar,Beri,407,64,6,404
405,06,083,00408,157921.3086705281,669422729.9127002,HARYANA,Jhajjar,Bahadurgarh,408,64,6,405
406,06,083,00409,188919.69771488692,795498804.5319755,HARYANA,Jhajjar,Jhajjar,409,64,6,406
407,06,083,00410,143662.26188915322,479763899.3063985,HARYANA,Jhajjar,Matenhail,410,64,6,407
408,06,084,00411,210702.92197381207,1287146921.564891,HARYANA,Mahendragarh,Mahendragarh,411,69,6,408
409,06,084,00412,312419.2215795341,1209834019.2983367,HARYANA,Mahendragarh,Narnaul,412,69,6,409
410,06,085,00413,128697.24999864583,428863160.8721387,HARYANA,Rewari,Kosli,413,72,6,410
411,06,085,00414,249573.46514119778,1264796379.7195163,HARYANA,Rewari,Rewari,414,72,6,411
412,06,085,00415,134311.91417253637,325697577.33945835,HARYANA,Rewari,Bawal,415,72,6,412
413,06,086,00416,88618.08557463119,227977447.99605548,HARYANA,Gurgaon,Pataudi,416,62,6,413
414,06,086,00417,138200.99986146134,432331798.9445076,HARYANA,Gurgaon,Gurgaon,417,62,6,414
415,06,086,00418,124561.8070131946,365942857.84396565,HARYANA,Gurgaon,Farrukhnagar,418,62,6,415
416,06,086,00419,123145.86512215411,190858813.90344393,HARYANA,Gurgaon,Manesar,419,62,6,416
417,06,086,00420,121784.92292003207,400644883.2720515,HARYANA,Gurgaon,Sohna,420,62,6,417
418,06,087,00421,96470.36469908775,288814418.91386795,HARYANA,Nuh,Taoru,421,604,6,418
419,06,087,00422,138612.85121066117,599348091.0189643,HARYANA,Nuh,Nuh,422,604,6,419
420,06,087,00423,188230.48851178028,675316198.1139909,HARYANA,Nuh,Ferozepur Jhirka,423,604,6,420
421,06,087,00424,128584.92604258595,373768869.8532344,HARYANA,Nuh,Punahana,424,604,6,421
422,06,088,00425,160694.00278469775,556108028.0046003,HARYANA,Faridabad,Faridabad,425,60,6,422
423,06,088,00426,166885.04140516324,438037916.3609788,HARYANA,Faridabad,Ballabgarh,426,60,6,423
424,06,089,00427,181643.09749402746,789920412.005549,HARYANA,Palwal,Palwal,427,619,6,424
425,06,089,00428,125646.40957847139,464875430.9821767,HARYANA,Palwal,Hathin,428,619,6,425
426,06,089,00429,124950.00190512599,478277117.48467064,HARYANA,Palwal,Hodal,429,619,6,426
427,06,765,00402,289148.72700015275,1278441835.5161376,HARYANA,Charki Dadri,Dadri,402,701,6,427
428,06,765,00403,153704.18280072347,518855873.0257111,HARYANA,Charki Dadri,Badhra,403,701,6,428
84,02,023,00083,227691.2400008784,2171371965.9237175,HIMACHAL PRADESH,Chamba,Pangi,83,16,2,84
85,02,023,00084,224046.09926975358,1651853224.2076566,HIMACHAL PRADESH,Chamba,Chaurah,84,16,2,85
86,02,023,00085,129203.0355946265,499849160.5723911,HIMACHAL PRADESH,Chamba,Saluni,85,16,2,86
87,02,023,00086,82304.38866616343,198816495.92042866,HIMACHAL PRADESH,Chamba,Bhalai,86,16,2,87
88,02,023,00087,84907.00853221615,224818985.1485108,HIMACHAL PRADESH,Chamba,Dalhousie,87,16,2,88
89,02,023,00088,102712.82220150293,369731410.3095046,HIMACHAL PRADESH,Chamba,Bhattiyat,88,16,2,89
90,02,023,00089,114776.49570356651,349535577.7500856,HIMACHAL PRADESH,Chamba,Sihunta,89,16,2,90
91,02,023,00090,195066.76448902552,1422656293.8222945,HIMACHAL PRADESH,Chamba,Chamba,90,16,2,91
92,02,023,00091,161265.56833886035,994879894.352556,HIMACHAL PRADESH,Chamba,Holi,91,16,2,92
93,02,023,00092,240003.3016587188,1343381277.4080324,HIMACHAL PRADESH,Chamba,Brahmaur,92,16,2,93
94,02,024,00093,182278.48715106866,757295189.0390601,HIMACHAL PRADESH,Kangra,Nurpur,93,18,2,94
95,02,024,00094,202786.6019126722,416819055.4131909,HIMACHAL PRADESH,Kangra,Indora,94,18,2,95
96,02,024,00095,208610.15532170425,427258373.63418186,HIMACHAL PRADESH,Kangra,Fatehpur,95,18,2,96
97,02,024,00096,173307.8163618532,413659777.0999095,HIMACHAL PRADESH,Kangra,Jawali,96,18,2,97
98,02,024,00097,86186.99507972242,100906859.51394117,HIMACHAL PRADESH,Kangra,Harchakian,97,18,2,98
99,02,024,00098,141936.16490584103,342658048.6074382,HIMACHAL PRADESH,Kangra,Shahpur,98,18,2,99
100,02,024,00099,131027.37068554906,472923732.7114434,HIMACHAL PRADESH,Kangra,Dharmsala,99,18,2,100
101,02,024,00100,116374.85528867152,247970116.68862295,HIMACHAL PRADESH,Kangra,Kangra,100,18,2,101
102,02,024,00101,95526.10917300818,137136699.88584408,HIMACHAL PRADESH,Kangra,Nagrota Bagwan,101,18,2,102
103,02,024,00102,78221.91417207257,186928601.51246113,HIMACHAL PRADESH,Kangra,Baroh,102,18,2,103
104,02,024,00103,358776.40622841875,858076322.7077473,HIMACHAL PRADESH,Kangra,Dera Gopipur,103,18,2,104
105,02,024,00104,70072.85149759192,135871314.6209391,HIMACHAL PRADESH,Kangra,Jawalamukhi,104,18,2,105
106,02,024,00105,155811.20627953345,251208268.94172162,HIMACHAL PRADESH,Kangra,Jaswan,105,18,2,106
107,02,024,00106,65173.30004184884,158601743.88748437,HIMACHAL PRADESH,Kangra,Rakkar,106,18,2,107
108,02,024,00107,93234.68895617833,266042377.28413418,HIMACHAL PRADESH,Kangra,Khundian,107,18,2,108
109,02,024,00108,52042.04082695211,80358964.7545081,HIMACHAL PRADESH,Kangra,Thural,108,18,2,109
110,02,024,00109,71889.35502018893,113278659.73226134,HIMACHAL PRADESH,Kangra,Dhira,109,18,2,110
111,02,024,00110,115340.09933507466,266008146.38742432,HIMACHAL PRADESH,Kangra,Jaisinghpur,110,18,2,111
112,02,024,00111,166013.4018709834,599972908.6167423,HIMACHAL PRADESH,Kangra,Palampur,111,18,2,112
113,02,024,00112,131657.3314358867,423686574.00171274,HIMACHAL PRADESH,Kangra,Baijnath,112,18,2,113
114,02,024,00113,198844.6302452404,1368525110.646206,HIMACHAL PRADESH,Kangra,Multhan,113,18,2,114
115,02,025,00114,337165.6028139452,2539000905.589209,HIMACHAL PRADESH,Lahul & Spiti,Udaipur,114,21,2,115
116,02,025,00115,534304.6786050727,6937933328.889064,HIMACHAL PRADESH,Lahul & Spiti,Lahul,115,21,2,116
117,02,025,00116,696882.8592971847,10119906773.293686,HIMACHAL PRADESH,Lahul & Spiti,Spiti,116,21,2,117
118,02,026,00117,156765.11977678875,1080246355.966748,HIMACHAL PRADESH,Kullu,Manali,117,20,2,118
119,02,026,00118,379318.694735816,3792191890.0520763,HIMACHAL PRADESH,Kullu,Kullu,118,20,2,119
120,02,026,00119,213074.18831222376,1025938783.5694587,HIMACHAL PRADESH,Kullu,Sainj,119,20,2,120
121,02,026,00120,143568.78037128382,762340740.0479304,HIMACHAL PRADESH,Kullu,Banjar,120,20,2,121
122,02,026,00121,101546.82277252697,418052954.56671226,HIMACHAL PRADESH,Kullu,Ani,121,20,2,122
123,02,026,00122,128760.31591894574,567729594.3515047,HIMACHAL PRADESH,Kullu,Nermand,122,20,2,123
124,02,027,00123,152306.57059950777,573390609.5229428,HIMACHAL PRADESH,Mandi,Padhar,123,22,2,124
125,02,027,00124,127468.06827321569,385649629.1029226,HIMACHAL PRADESH,Mandi,Jogindarnagar,124,22,2,125
126,02,027,00125,61264.48469219292,117928141.06779312,HIMACHAL PRADESH,Mandi,Lad Bharol,125,22,2,126
127,02,027,00126,51272.336982806366,97305867.1188358,HIMACHAL PRADESH,Mandi,Sandhol,126,22,2,127
128,02,027,00127,78711.0556655537,150039174.9240397,HIMACHAL PRADESH,Mandi,Dharmpur,127,22,2,128
129,02,027,00128,53107.48381251725,127562270.9439648,HIMACHAL PRADESH,Mandi,Kotli,128,22,2,129
130,02,027,00129,90416.83545252295,200031814.52069193,HIMACHAL PRADESH,Mandi,Sarkaghat,129,22,2,130
131,02,027,00130,57227.75807343966,110185326.72367191,HIMACHAL PRADESH,Mandi,Bhadrota,130,22,2,131
132,02,027,00131,63879.37197973498,133526227.75919294,HIMACHAL PRADESH,Mandi,Baldwara,131,22,2,132
133,02,027,00132,131387.9896413163,329059627.6765383,HIMACHAL PRADESH,Mandi,Sundarnagar,132,22,2,133
134,02,027,00133,210709.7009523668,808954253.8225096,HIMACHAL PRADESH,Mandi,Mandi,133,22,2,134
135,02,027,00134,80838.32070080999,216589230.45813146,HIMACHAL PRADESH,Mandi,Aut,134,22,2,135
136,02,027,00135,105837.93010253999,269166062.5123598,HIMACHAL PRADESH,Mandi,Bali Chowki,135,22,2,136
137,02,027,00136,123088.0354884408,433801545.8810722,HIMACHAL PRADESH,Mandi,Thunag,136,22,2,137
138,02,027,00137,111087.6192652866,334664308.4198039,HIMACHAL PRADESH,Mandi,Chachyot,137,22,2,138
139,02,027,00138,130116.67759880838,452110670.9703534,HIMACHAL PRADESH,Mandi,Nihri,138,22,2,139
140,02,027,00139,134556.86155737497,725959079.3896116,HIMACHAL PRADESH,Mandi,Karsog,139,22,2,140
141,02,028,00140,107520.29193997513,253419786.32934448,HIMACHAL PRADESH,Hamirpur,Tira Sujanpur,140,17,2,141
142,02,028,00141,99600.23826407063,251299586.30319113,HIMACHAL PRADESH,Hamirpur,Nadaun,141,17,2,142
143,02,028,00142,69983.62184862293,114065728.48414294,HIMACHAL PRADESH,Hamirpur,Galore,142,17,2,143
144,02,028,00143,169175.74153213284,319291182.6264991,HIMACHAL PRADESH,Hamirpur,Hamirpur,143,17,2,144
145,02,028,00144,109169.65548531654,233402142.45305336,HIMACHAL PRADESH,Hamirpur,Barsar,144,17,2,145
146,02,028,00145,66800.15561066123,156695945.52119038,HIMACHAL PRADESH,Hamirpur,Dhatwal,145,17,2,146
147,02,028,00146,86791.90799944117,216702289.3815705,HIMACHAL PRADESH,Hamirpur,Bhoranj,146,17,2,147
148,02,029,00147,99064.59199080786,134533238.7627243,HIMACHAL PRADESH,Una,Bharwain,147,26,2,148
149,02,029,00148,190282.34493486746,685005475.3387731,HIMACHAL PRADESH,Una,Amb,148,26,2,149
150,02,029,00149,152746.8354704697,577086251.3172032,HIMACHAL PRADESH,Una,Bangana,149,26,2,150
151,02,029,00150,145964.68004018746,460003676.0840362,HIMACHAL PRADESH,Una,Una,150,26,2,151
152,02,029,00151,85765.06085533673,277160922.2730732,HIMACHAL PRADESH,Una,Haroli,151,26,2,152
153,02,030,00152,125683.22542631278,268689327.85432947,HIMACHAL PRADESH,Bilaspur,Ghumarwin,152,15,2,153
154,02,030,00153,59712.37159686225,127009922.52225623,HIMACHAL PRADESH,Bilaspur,Bharari,153,15,2,154
155,02,030,00154,133856.68359939678,451032196.2770658,HIMACHAL PRADESH,Bilaspur,Jhanduta,154,15,2,155
156,02,030,00155,176126.58080918688,372107696.05431604,HIMACHAL PRADESH,Bilaspur,Naina Devi,155,15,2,156
157,02,030,00156,111024.79225075185,239866125.44397217,HIMACHAL PRADESH,Bilaspur,Bilaspur Sadar,156,15,2,157
158,02,030,00157,73200.58667160683,145437086.10769564,HIMACHAL PRADESH,Bilaspur,Namhol,157,15,2,158
159,02,031,00158,97487.48344243168,325849002.6640463,HIMACHAL PRADESH,Solan,Arki,158,25,2,159
160,02,031,00159,86584.48595986997,202276270.279566,HIMACHAL PRADESH,Solan,Darlaghat,159,25,2,160
161,02,031,00160,105141.06895545569,299463792.32733804,HIMACHAL PRADESH,Solan,Ramshahr,160,25,2,161
162,02,031,00161,152534.69408024458,447521277.1104628,HIMACHAL PRADESH,Solan,Nalagarh,161,25,2,162
163,02,031,00162,76820.97515633957,226708521.1716558,HIMACHAL PRADESH,Solan,Baddi,162,25,2,163
164,02,031,00163,95637.47041225263,252752723.78595856,HIMACHAL PRADESH,Solan,Krishangarh,163,25,2,164
165,02,031,00164,116531.2586737431,215471802.62450868,HIMACHAL PRADESH,Solan,Kasauli,164,25,2,165
166,02,031,00165,169688.43853558143,365355676.9443509,HIMACHAL PRADESH,Solan,Solan,165,25,2,166
167,02,031,00166,141197.8758309905,310600673.97656655,HIMACHAL PRADESH,Solan,Kandaghat,166,25,2,167
168,02,032,00167,123355.13958231283,517691096.1046383,HIMACHAL PRADESH,Sirmaur,Rajgarh,167,24,2,168
169,02,032,00168,93893.55331103835,249401994.12194192,HIMACHAL PRADESH,Sirmaur,Nohra,168,24,2,169
170,02,032,00169,128396.59257257551,534241238.55566347,HIMACHAL PRADESH,Sirmaur,Pachhad,169,24,2,170
171,02,032,00170,123293.0883509639,402883179.78961027,HIMACHAL PRADESH,Sirmaur,Renuka,170,24,2,171
172,02,032,00171,80875.00110543211,178818107.4533506,HIMACHAL PRADESH,Sirmaur,Dadahu,171,24,2,172
173,02,032,00172,140935.65490508688,585166349.6976457,HIMACHAL PRADESH,Sirmaur,Nahan,172,24,2,173
174,02,032,00173,198650.7535739359,777616731.0213617,HIMACHAL PRADESH,Sirmaur,Paonta Sahib,173,24,2,174
175,02,032,00174,106821.36731594501,262111912.94576922,HIMACHAL PRADESH,Sirmaur,Kamrau,174,24,2,175
176,02,032,00175,86096.14947704422,196211133.33345184,HIMACHAL PRADESH,Sirmaur,Shalai,175,24,2,176
177,02,032,00176,63062.66571650505,134192809.20199177,HIMACHAL PRADESH,Sirmaur,Ronhat,176,24,2,177
178,02,033,00177,206599.4897481665,1157185834.1812427,HIMACHAL PRADESH,Shimla,Rampur,177,23,2,178
179,02,033,00178,72989.91077072949,205188639.94935736,HIMACHAL PRADESH,Shimla,Nankhari,178,23,2,179
180,02,033,00179,101315.77103152742,302423664.94681084,HIMACHAL PRADESH,Shimla,Kumharsain,179,23,2,180
181,02,033,00180,132896.52931645914,330745553.5585043,HIMACHAL PRADESH,Shimla,Seoni,180,23,2,181
182,02,033,00181,170442.01487437903,533458957.09992564,HIMACHAL PRADESH,Shimla,Shimla   ( Rural ),181,23,2,182
183,02,033,00183,64033.59690002453,150441258.68601125,HIMACHAL PRADESH,Shimla,Junga,183,23,2,183
184,02,033,00184,162217.94946900604,653985383.2973171,HIMACHAL PRADESH,Shimla,Theog,184,23,2,184
185,02,033,00185,114347.18252550438,419980033.45967746,HIMACHAL PRADESH,Shimla,Chaupal,185,23,2,185
186,02,033,00186,82807.2397857959,232884462.2093966,HIMACHAL PRADESH,Shimla,Cheta,186,23,2,186
187,02,033,00187,137854.45094504926,493479531.79131377,HIMACHAL PRADESH,Shimla,Nerua,187,23,2,187
188,02,033,00188,131170.97108041533,423786947.59214413,HIMACHAL PRADESH,Shimla,Jubbal,188,23,2,188
189,02,033,00189,83959.42771368282,334386133.3721,HIMACHAL PRADESH,Shimla,Kotkhai,189,23,2,189
190,02,033,00190,48919.642122528334,120541412.47900784,HIMACHAL PRADESH,Shimla,Tikar,190,23,2,190
191,02,033,00191,101943.78644637503,294177415.6083214,HIMACHAL PRADESH,Shimla,Rohru,191,23,2,191
192,02,033,00192,151272.08696669518,886971669.8728927,HIMACHAL PRADESH,Shimla,Chirgaon,192,23,2,192
193,02,033,00193,121770.86697026648,485860541.4573077,HIMACHAL PRADESH,Shimla,Dodra Kwar,193,23,2,193
194,02,034,00194,157805.9971619573,701579312.7256906,HIMACHAL PRADESH,Kinnaur,Hangrang,194,19,2,194
195,02,034,00195,255081.20967375138,1716104413.8238506,HIMACHAL PRADESH,Kinnaur,Poo,195,19,2,195
196,02,034,00196,341639.75787704985,2414888219.3302226,HIMACHAL PRADESH,Kinnaur,Morang,196,19,2,196
197,02,034,00197,126758.9670361946,516910849.83333355,HIMACHAL PRADESH,Kinnaur,Kalpa,197,19,2,197
198,02,034,00198,208358.85334197627,1565193260.0663407,HIMACHAL PRADESH,Kinnaur,Nichar,198,19,2,198
199,02,034,00199,334468.80124104896,1884870086.9260557,HIMACHAL PRADESH,Kinnaur,Sangla,199,19,2,199
2,01,001,00001,268801.2012165936,2058362224.9801133,JAMMU & KASHMIR,Kupwara,Kupwara,1,8,1,2
3,01,001,00002,203959.58170424012,1415895416.0988207,JAMMU & KASHMIR,Kupwara,Handwara,2,8,1,3
5,01,002,00004,136141.10197906196,290476634.6975307,JAMMU & KASHMIR,Badgam,Khag,4,2,1,5
6,01,002,00005,109268.90673332656,303260204.1101901,JAMMU & KASHMIR,Badgam,Beerwah,5,2,1,6
7,01,002,00006,140152.10484500366,486434797.32738996,JAMMU & KASHMIR,Badgam,Khansahib,6,2,1,7
8,01,002,00007,79011.62045377439,227753139.00999615,JAMMU & KASHMIR,Badgam,Budgam,7,2,1,8
9,01,002,00008,119413.60978732671,254759371.40742412,JAMMU & KASHMIR,Badgam,Chadoora,8,2,1,9
10,01,002,00009,132497.1321152897,352656457.8071404,JAMMU & KASHMIR,Badgam,Charar- E- Shrief,9,2,1,10
17,01,005,00016,111696.29842372688,422849967.02104187,JAMMU & KASHMIR,Punch,Haveli,16,10,1,17
18,01,005,00017,143125.68488854304,679099380.8185551,JAMMU & KASHMIR,Punch,Mandi,17,10,1,18
19,01,005,00018,155381.7049442151,651735229.0332264,JAMMU & KASHMIR,Punch,Mendhar,18,10,1,19
20,01,005,00019,176706.60831728982,901707891.1996815,JAMMU & KASHMIR,Punch,Surankote,19,10,1,20
21,01,006,00020,79498.98516456714,235018073.8659247,JAMMU & KASHMIR,Rajouri,Thanamandi,20,12,1,21
22,01,006,00021,68948.93480528604,148274172.474502,JAMMU & KASHMIR,Rajouri,Darhal,21,12,1,22
23,01,006,00022,201122.90725907957,892513133.5951471,JAMMU & KASHMIR,Rajouri,Rajauri,22,12,1,23
24,01,006,00023,185497.20809783257,705820253.0372691,JAMMU & KASHMIR,Rajouri,Budhal,23,12,1,24
25,01,006,00024,161358.4808777319,579342353.6553141,JAMMU & KASHMIR,Rajouri,Kalakote,24,12,1,25
26,01,006,00025,195464.7392024383,889563970.9689031,JAMMU & KASHMIR,Rajouri,Nowshehra,25,12,1,26
27,01,006,00026,145416.54209585657,404371090.5036254,JAMMU & KASHMIR,Rajouri,Sunderbani,26,12,1,27
28,01,007,00027,192866.01802933172,894255140.464462,JAMMU & KASHMIR,Kathua,Billawar,27,7,1,28
29,01,007,00028,169499.3691532459,708876943.3478732,JAMMU & KASHMIR,Kathua,Bashohli,28,7,1,29
30,01,007,00029,118508.43388458369,609949092.9671165,JAMMU & KASHMIR,Kathua,Bani,29,7,1,30
31,01,007,00030,188189.6351964606,810105722.3358355,JAMMU & KASHMIR,Kathua,Kathua,30,7,1,31
32,01,007,00031,125890.36112103557,477708064.11654615,JAMMU & KASHMIR,Kathua,Hiranagar,31,7,1,32
33,01,008,00032,97473.45582705688,361903069.41161966,JAMMU & KASHMIR,Baramula,Sopore,32,3,1,33
34,01,008,00033,127782.06349292678,411646836.04834783,JAMMU & KASHMIR,Baramula,Rafiabad,33,3,1,34
35,01,008,00034,107931.57089010261,278734433.63439095,JAMMU & KASHMIR,Baramula,Pattan,34,3,1,35
36,01,008,00035,129324.12980071912,231005188.09284502,JAMMU & KASHMIR,Baramula,Baramulla,35,3,1,36
37,01,008,00036,138500.62107822704,270558357.5388468,JAMMU & KASHMIR,Baramula,Kreeri,36,3,1,37
38,01,008,00037,128077.4840510914,348784190.9485497,JAMMU & KASHMIR,Baramula,Uri,37,3,1,38
39,01,008,00038,206267.138546236,721183943.4690511,JAMMU & KASHMIR,Baramula,Boniyar,38,3,1,39
40,01,008,00039,133144.2962463685,534048372.2757984,JAMMU & KASHMIR,Baramula,Tangmarg,39,3,1,40
41,01,009,00040,272127.5803657814,1935789410.588381,JAMMU & KASHMIR,Bandipore,Gurez,40,623,1,41
42,01,009,00041,216252.55212638853,1365434794.6604939,JAMMU & KASHMIR,Bandipore,Bandipora,41,623,1,42
43,01,009,00042,124085.90820960347,441135110.892869,JAMMU & KASHMIR,Bandipore,Sonawari,42,623,1,43
44,01,010,00043,151094.59183091315,387348354.3815765,JAMMU & KASHMIR,Srinagar,Srinagar (North),43,13,1,44
45,01,010,00044,111654.1145600852,197999137.263742,JAMMU & KASHMIR,Srinagar,Srinagar (South),44,13,1,45
46,01,011,00045,94542.29431957466,298310547.57796395,JAMMU & KASHMIR,Ganderbal,Lar,45,626,1,46
47,01,011,00046,255601.75436595565,1667065970.4406483,JAMMU & KASHMIR,Ganderbal,Kangan,46,626,1,47
48,01,011,00047,103935.98601264789,212661234.85597873,JAMMU & KASHMIR,Ganderbal,Ganderbal,47,626,1,48
49,01,012,00048,99987.24083477914,265590232.76772314,JAMMU & KASHMIR,Pulwama,Pampore,48,11,1,49
50,01,012,00049,87008.77630189066,181535412.42674512,JAMMU & KASHMIR,Pulwama,Awantipora,49,11,1,50
51,01,012,00050,107394.72510860709,434694538.11809397,JAMMU & KASHMIR,Pulwama,Tral,50,11,1,51
52,01,012,00051,155710.1858041938,432938224.97804177,JAMMU & KASHMIR,Pulwama,Pulwama,51,11,1,52
53,01,013,00052,196055.9214834759,736657384.9836502,JAMMU & KASHMIR,Shupiyan,Shopian,52,625,1,53
54,01,014,00053,270348.835814023,1819500495.199132,JAMMU & KASHMIR,Anantnag,Pahalgam,53,1,1,54
55,01,014,00054,117495.72394157719,226917807.29940265,JAMMU & KASHMIR,Anantnag,Bijbehara,54,1,1,55
56,01,014,00055,154075.01524915633,291330277.55934787,JAMMU & KASHMIR,Anantnag,Anantnag,55,1,1,56
57,01,014,00056,94983.97140667372,277672474.05200136,JAMMU & KASHMIR,Anantnag,Shangus,56,1,1,57
58,01,014,00057,184375.39143970847,1037872898.0478185,JAMMU & KASHMIR,Anantnag,Kokernag,57,1,1,58
59,01,014,00058,144479.21637854405,358638310.4023602,JAMMU & KASHMIR,Anantnag,Dooru,58,1,1,59
60,01,015,00059,194841.91290922073,442407228.8544245,JAMMU & KASHMIR,Kulgam,Kulgam,59,622,1,60
61,01,015,00060,32219.413020359305,38235856.37363736,JAMMU & KASHMIR,Kulgam,Devsar,60,622,1,61
62,01,015,00061,213279.67371775492,1218623590.2258675,JAMMU & KASHMIR,Kulgam,Damhal Hanjipora,61,622,1,62
63,01,016,00062,203143.20209023546,1511350014.6879983,JAMMU & KASHMIR,Doda,Doda,62,4,1,63
64,01,016,00063,94359.26491340448,249557641.58377355,JAMMU & KASHMIR,Doda,Thathri,63,4,1,64
65,01,016,00064,169511.62703225628,1036560245.0632843,JAMMU & KASHMIR,Doda,Gandoh,64,4,1,65
66,01,016,00065,132709.317966463,603676647.3054217,JAMMU & KASHMIR,Doda,Bhaderwah,65,4,1,66
67,01,017,00066,158498.0331766966,845923378.6766294,JAMMU & KASHMIR,Ramban,Banihal,66,621,1,67
68,01,017,00067,158234.40140045396,877042316.9453039,JAMMU & KASHMIR,Ramban,Ramban,67,621,1,68
69,01,018,00068,239137.23713375302,1897255177.6024747,JAMMU & KASHMIR,Kishtwar,Kishtwar,68,620,1,69
70,01,018,00069,396360.51361077576,5657810278.546973,JAMMU & KASHMIR,Kishtwar,Marwah,69,620,1,70
71,01,018,00070,181260.79111795808,1194340347.5524678,JAMMU & KASHMIR,Kishtwar,Chhatroo,70,620,1,71
72,01,018,00071,295821.49350102595,3340255050.048899,JAMMU & KASHMIR,Kishtwar,Atholi (Paddar),71,620,1,72
73,01,019,00072,184483.599973195,998979053.8034238,JAMMU & KASHMIR,Udhampur,Udhampur,72,14,1,73
74,01,019,00073,87447.15342416186,307261415.0842045,JAMMU & KASHMIR,Udhampur,Chenani,73,14,1,74
75,01,019,00074,230361.6288112596,1469732581.8863096,JAMMU & KASHMIR,Udhampur,Ramnagar,74,14,1,75
76,01,019,00075,180548.8343258168,402105738.58480054,JAMMU & KASHMIR,Udhampur,Majalta,75,14,1,76
77,01,020,00076,240161.4895985133,1745551370.0974088,JAMMU & KASHMIR,Reasi,Gool-Gulabgarh,76,627,1,77
78,01,020,00077,306096.68834390247,1301215682.6173127,JAMMU & KASHMIR,Reasi,Reasi,77,627,1,78
79,01,021,00078,244538.75145547686,1250796555.365411,JAMMU & KASHMIR,Jammu,Akhnoor,78,5,1,79
80,01,021,00079,216905.03506132268,1495421342.477919,JAMMU & KASHMIR,Jammu,Jammu,79,5,1,80
81,01,021,00080,105861.95943010421,339566779.36261845,JAMMU & KASHMIR,Jammu,Ranbir Singh Pora,80,5,1,81
82,01,021,00081,129596.48656487429,242810376.42108282,JAMMU & KASHMIR,Jammu,Bishnah,81,5,1,82
83,01,022,00082,271527.57394486235,1336136443.4038754,JAMMU & KASHMIR,Samba,Samba,82,624,1,83
5969,01,991, ,491376.8972800338,5468152940.238042,JAMMU & KASHMIR,Mirpur, ,,,1,5969
5971,01,009,00040,761.3080110141914,13536.27636418947,JAMMU & KASHMIR,Bandipore,Gurez,40,623,1,5971
5979,01,992, ,595750.0996736044,6955586676.808232,JAMMU & KASHMIR,Muzaffarabad, ,,,1,5979
5980,01,005, ,323400.5462019598,3562535424.7810793,JAMMU & KASHMIR,Punch, ,,10,1,5980
5984,01,001,00001,5822.565151435213,440816.6925682799,JAMMU & KASHMIR,Kupwara,Kupwara,1,8,1,5984
5987,01,001,00003,114072.37645836044,369285278.3165422,JAMMU & KASHMIR,Kupwara,Karnah,3,8,1,5987
2513,20,346,02495,63306.228291782594,155821904.78445497,JHARKHAND,Garhwa,Kharaundhi,2495,328,20,2513
2514,20,346,02496,121884.98159219147,346775689.3954608,JHARKHAND,Garhwa,Bhawnathpur,2496,328,20,2514
2515,20,346,02497,76597.9348717062,188311513.35051185,JHARKHAND,Garhwa,Ketar*,2497,328,20,2515
2516,20,346,02498,81487.72884917204,220558299.4046831,JHARKHAND,Garhwa,Kandi,2498,328,20,2516
2517,20,346,02499,94249.59670952997,171791971.73570284,JHARKHAND,Garhwa,Majhiaon,2499,328,20,2517
2518,20,346,02500,54119.81218477492,115873449.84981163,JHARKHAND,Garhwa,Bardiha,2500,328,20,2518
2519,20,346,02501,91002.02912672932,204614706.42746544,JHARKHAND,Garhwa,Ramna,2501,328,20,2519
2520,20,346,02502,49661.851959238404,86451270.07358845,JHARKHAND,Garhwa,Bishunpura,2502,328,20,2520
2521,20,346,02503,82548.07250801814,246296523.44468382,JHARKHAND,Garhwa,Nagaruntari,2503,328,20,2521
2522,20,346,02504,85028.57619899318,287830795.6234225,JHARKHAND,Garhwa,Dhurki,2504,328,20,2522
2523,20,346,02505,45728.565846760546,90375868.38787019,JHARKHAND,Garhwa,Sagma,2505,328,20,2523
2524,20,346,02506,73882.31909813493,161474485.18991596,JHARKHAND,Garhwa,Dandai,2506,328,20,2524
2525,20,346,02507,92648.95594814696,341357595.2926983,JHARKHAND,Garhwa,Chinia,2507,328,20,2525
2526,20,346,02508,145892.39535836663,320626147.35902846,JHARKHAND,Garhwa,Meral (Pipra Kalan),2508,328,20,2526
2527,20,346,02509,100822.81393458412,345089939.2341674,JHARKHAND,Garhwa,Garhwa,2509,328,20,2527
2528,20,346,02510,34061.556144795264,39001360.04030089,JHARKHAND,Garhwa,Danda,2510,328,20,2528
2529,20,346,02511,143236.8179250732,521399375.8088248,JHARKHAND,Garhwa,Ranka,2511,328,20,2529
2530,20,346,02512,96164.18779056823,260859745.26595387,JHARKHAND,Garhwa,Ramkanda,2512,328,20,2530
2531,20,346,02513,156053.6949059662,820164750.6955196,JHARKHAND,Garhwa,Bhandaria,2513,328,20,2531
2532,20,347,02514,144397.09016971788,624161178.8648856,JHARKHAND,Chatra,Shaligram Ram Narayanpur(Hunt*,2514,323,20,2532
2533,20,347,02515,130195.51744578591,474370488.50387055,JHARKHAND,Chatra,Pratappur,2515,323,20,2533
2534,20,347,02516,115707.76630265391,345529866.4517252,JHARKHAND,Chatra,Kunda,2516,323,20,2534
2535,20,347,02517,126811.15080644567,474137412.5674321,JHARKHAND,Chatra,Lawalaung,2517,323,20,2535
2536,20,347,02518,128427.46462700628,498518255.9735828,JHARKHAND,Chatra,Chatra,2518,323,20,2536
2537,20,347,02519,85773.30632811741,277628301.05014664,JHARKHAND,Chatra,Kanha Chatti,2519,323,20,2537
2538,20,347,02520,95828.24288760811,191936178.97650817,JHARKHAND,Chatra,Itkhori,2520,323,20,2538
2539,20,347,02521,89514.9349462433,169118144.0681227,JHARKHAND,Chatra,Mayur Hand,2521,323,20,2539
2540,20,347,02522,82332.61274111689,210297970.9228255,JHARKHAND,Chatra,Gidhaur,2522,323,20,2540
2541,20,347,02523,76854.10285557205,163013506.76286057,JHARKHAND,Chatra,Pathalgora,2523,323,20,2541
2542,20,347,02524,190496.81723005796,612034170.3539588,JHARKHAND,Chatra,Simaria,2524,323,20,2542
2543,20,347,02525,144395.57882774988,452085315.48684376,JHARKHAND,Chatra,Tandwa,2525,323,20,2543
2544,20,348,02526,110550.25023720984,374170638.596353,JHARKHAND,Kodarma,Satgawan,2526,334,20,2544
2545,20,348,02527,113933.2246993536,437228415.75131327,JHARKHAND,Kodarma,Kodarma,2527,334,20,2545
2546,20,348,02528,100235.46448034274,394244824.9879275,JHARKHAND,Kodarma,Domchanch,2528,334,20,2546
2547,20,348,02529,90723.01215220656,227115127.9537029,JHARKHAND,Kodarma,Jainagar,2529,334,20,2547
2548,20,348,02530,142069.72185108624,291856947.10528094,JHARKHAND,Kodarma,Chandwara,2530,334,20,2548
2549,20,348,02531,105294.20164536285,275628643.35594285,JHARKHAND,Kodarma,Markacho,2531,334,20,2549
2550,20,349,02532,126011.87665187777,402161110.8748352,JHARKHAND,Giridih,Gawan,2532,329,20,2550
2551,20,349,02533,172368.80458247464,550496658.7708429,JHARKHAND,Giridih,Tisri,2533,329,20,2551
2552,20,349,02534,171033.16566244263,532545042.55927324,JHARKHAND,Giridih,Deori,2534,329,20,2552
2553,20,349,02535,115392.47589608311,427809337.66214776,JHARKHAND,Giridih,Dhanwar,2535,329,20,2553
2554,20,349,02536,145953.6381809838,580257005.8137705,JHARKHAND,Giridih,Jamua,2536,329,20,2554
2555,20,349,02537,131938.94712175545,496584289.4265603,JHARKHAND,Giridih,Bengabad,2537,329,20,2555
2556,20,349,02538,123087.69441659539,447079347.98074275,JHARKHAND,Giridih,Gande,2538,329,20,2556
2557,20,349,02539,135973.57497993045,488739547.5832169,JHARKHAND,Giridih,Giridih,2539,329,20,2557
2558,20,349,02540,116985.61900833466,394813612.68553513,JHARKHAND,Giridih,Birni,2540,329,20,2558
2559,20,349,02541,142926.50653945273,351404613.89976627,JHARKHAND,Giridih,Bagodar,2541,329,20,2559
2560,20,349,02542,123926.93086545184,344567665.34766144,JHARKHAND,Giridih,Sariya,2542,329,20,2560
2561,20,349,02543,163798.77697148288,512680930.7889066,JHARKHAND,Giridih,Dumri,2543,329,20,2561
2562,20,349,02544,125263.80781252518,477385128.28369504,JHARKHAND,Giridih,Pirtanr,2544,329,20,2562
2563,20,350,02545,151167.39180828814,429987172.26701385,JHARKHAND,Deoghar,Deoghar,2545,324,20,2563
2564,20,350,02546,129980.4272184492,432987156.0991605,JHARKHAND,Deoghar,Mohanpur,2546,324,20,2564
2565,20,350,02547,90712.99607886917,206107993.000292,JHARKHAND,Deoghar,Sarwan,2547,324,20,2565
2566,20,350,02548,84281.32059329994,167650234.54505298,JHARKHAND,Deoghar,Sona Rai Tharhi,2548,324,20,2566
2567,20,350,02549,142406.70581969927,310018483.092611,JHARKHAND,Deoghar,Devipur,2549,324,20,2567
2568,20,350,02550,139195.3322040834,328265693.48528475,JHARKHAND,Deoghar,Madhupur,2550,324,20,2568
2569,20,350,02551,78337.03513866277,188007614.7195411,JHARKHAND,Deoghar,Margo Munda,2551,324,20,2569
2570,20,350,02552,113309.17300953853,189420846.61400053,JHARKHAND,Deoghar,Karon,2552,324,20,2570
2571,20,350,02553,162600.10192556662,386967737.2970848,JHARKHAND,Deoghar,Sarath,2553,324,20,2571
2572,20,350,02554,140193.195603908,365370828.8839589,JHARKHAND,Deoghar,Palojori,2554,324,20,2572
2573,20,351,02555,78655.39240130156,156292906.0281431,JHARKHAND,Godda,Meherma,2555,330,20,2573
2574,20,351,02556,52775.39286773769,106190151.41711667,JHARKHAND,Godda,Thakurgangti,2556,330,20,2574
2575,20,351,02557,122111.90355173645,468369765.44468445,JHARKHAND,Godda,Boarijor,2557,330,20,2575
2576,20,351,02558,76975.35321062618,198778273.82197106,JHARKHAND,Godda,Mahagama,2558,330,20,2576
2577,20,351,02559,93034.12159294887,191325904.04330552,JHARKHAND,Godda,Pathargama,2559,330,20,2577
2578,20,351,02560,73652.76985525776,107474688.2055858,JHARKHAND,Godda,Bashant Rai*,2560,330,20,2578
2579,20,351,02561,146393.07270861868,438168508.22765225,JHARKHAND,Godda,Godda,2561,330,20,2579
2580,20,351,02562,146870.7780507946,575703838.2819185,JHARKHAND,Godda,Poreyahat,2562,330,20,2580
2581,20,351,02563,161341.16530279233,518151014.25708234,JHARKHAND,Godda,Sundarpahari,2563,330,20,2581
2582,20,352,02564,161569.28636713073,251278497.79382974,JHARKHAND,Sahibganj,Sahibganj,2564,340,20,2582
2583,20,352,02565,108693.69486287575,264549482.37498122,JHARKHAND,Sahibganj,Mandro,2565,340,20,2583
2584,20,352,02566,196571.29594068017,482041757.2235061,JHARKHAND,Sahibganj,Borio,2566,340,20,2584
2585,20,352,02567,194208.5839932363,465890807.9401061,JHARKHAND,Sahibganj,Barhait,2567,340,20,2585
2586,20,352,02568,202493.0969999848,334713348.55602527,JHARKHAND,Sahibganj,Taljhari,2568,340,20,2586
2587,20,352,02569,112730.89609312647,325469752.31774217,JHARKHAND,Sahibganj,Rajmahal,2569,340,20,2587
2588,20,352,02570,65146.825205576504,115419515.13321808,JHARKHAND,Sahibganj,Udhwa,2570,340,20,2588
2589,20,352,02571,119770.49091162703,214596785.02995968,JHARKHAND,Sahibganj,Pathna,2571,340,20,2589
2590,20,352,02572,103349.80417567797,227444785.61280486,JHARKHAND,Sahibganj,Barharwa,2572,340,20,2590
2591,20,353,02573,151164.32111500102,505299935.0140631,JHARKHAND,Pakur,Litipara,2573,337,20,2591
2592,20,353,02574,127962.5882114489,326913039.0817534,JHARKHAND,Pakur,Amrapara,2574,337,20,2592
2593,20,353,02575,74500.63451345457,202850686.02600387,JHARKHAND,Pakur,Hiranpur,2575,337,20,2593
2594,20,353,02576,98866.01237123886,273829428.94664365,JHARKHAND,Pakur,Pakaur,2576,337,20,2594
2595,20,353,02577,152307.04037497088,551596947.2274134,JHARKHAND,Pakur,Maheshpur,2577,337,20,2595
2596,20,353,02578,99108.19587131045,341197023.292013,JHARKHAND,Pakur,Pakuria,2578,337,20,2596
2597,20,354,02579,137514.3455820356,280482690.24866575,JHARKHAND,Dhanbad,Tundi,2579,325,20,2597
2598,20,354,02580,62387.93444562941,152160578.12624034,JHARKHAND,Dhanbad,Purbi Tundi*,2580,325,20,2598
2599,20,354,02581,78867.62754765205,234850143.86471692,JHARKHAND,Dhanbad,Topchanchi,2581,325,20,2599
2600,20,354,02582,105421.34579713861,353870535.96464187,JHARKHAND,Dhanbad,Baghmara-Cum-Katras,2582,325,20,2600
2601,20,354,02583,181455.27542878926,414087950.5952043,JHARKHAND,Dhanbad,Gobindpur,2583,325,20,2601
2602,20,354,02584,83917.02872441268,119819906.37225409,JHARKHAND,Dhanbad,Dhanbad-Cum-Kenduadih-Cum-Jag*,2584,325,20,2602
2603,20,354,02585,55429.63294019082,73194932.40340252,JHARKHAND,Dhanbad,Jharia-Cum-Jorapokhar-Cum-Sin*,2585,325,20,2603
2604,20,354,02586,84483.34300110106,293209644.9349288,JHARKHAND,Dhanbad,Baliapur,2586,325,20,2604
2605,20,354,02587,125292.62520608898,528822768.9988455,JHARKHAND,Dhanbad,Nirsa-Cum-Chirkunda,2587,325,20,2605
2606,20,355,02588,120954.5685349209,387685897.73524946,JHARKHAND,Bokaro,Nawadih,2588,322,20,2606
2607,20,355,02589,61510.156520188306,147760754.74776322,JHARKHAND,Bokaro,Chandrapura,2589,322,20,2607
2608,20,355,02590,72041.69283874136,114463228.97400999,JHARKHAND,Bokaro,Bermo,2590,322,20,2608
2609,20,355,02591,180531.0084864721,806039952.7660004,JHARKHAND,Bokaro,Gumia,2591,322,20,2609
2610,20,355,02592,132000.49525498488,376365088.0341775,JHARKHAND,Bokaro,Peterwar,2592,322,20,2610
2611,20,355,02593,98002.45310981649,232297955.1842038,JHARKHAND,Bokaro,Kasmar,2593,322,20,2611
2612,20,355,02594,143734.0540594008,252949056.78026226,JHARKHAND,Bokaro,Jaridih,2594,322,20,2612
2613,20,355,02595,173974.00062730777,681037635.2684926,JHARKHAND,Bokaro,Chas,2595,322,20,2613
2614,20,355,02596,165935.8833808597,459178999.2327926,JHARKHAND,Bokaro,Chandankiyari,2596,322,20,2614
2615,20,356,02597,112799.67666165935,304852540.31696135,JHARKHAND,Lohardaga,Kisko,2597,336,20,2615
2616,20,356,02598,156794.60112449186,460071088.30443037,JHARKHAND,Lohardaga,Peshrar,2598,336,20,2616
2617,20,356,02599,130169.89176394617,262776735.30422735,JHARKHAND,Lohardaga,Kuru,2599,336,20,2617
2618,20,356,02600,83610.68146175292,125273613.82386103,JHARKHAND,Lohardaga,Kairo,2600,336,20,2618
2619,20,356,02601,86421.97684191374,195876795.42437413,JHARKHAND,Lohardaga,Lohardaga,2601,336,20,2619
2620,20,356,02602,98609.54951272489,258091387.00222397,JHARKHAND,Lohardaga,Senha,2602,336,20,2620
2621,20,356,02603,88094.03969482274,185726090.25336522,JHARKHAND,Lohardaga,Bhandra,2603,336,20,2621
2622,20,357,02604,137521.97269280715,310992640.7399572,JHARKHAND,Purbi Singhbhum,Patamda,2604,327,20,2622
2623,20,357,02605,88919.68991428052,283753192.03747606,JHARKHAND,Purbi Singhbhum,Boram,2605,327,20,2623
2624,20,357,02606,118714.9507719336,410477777.1887335,JHARKHAND,Purbi Singhbhum,Golmuri-Cum-Jugsalai,2606,327,20,2624
2625,20,357,02607,103142.79184560731,414662617.46998185,JHARKHAND,Purbi Singhbhum,Ghatshila,2607,327,20,2625
2626,20,357,02608,140057.07163543397,700908932.6794277,JHARKHAND,Purbi Singhbhum,Potka,2608,327,20,2626
2627,20,357,02609,101938.70162729925,295758597.10569876,JHARKHAND,Purbi Singhbhum,Musabani,2609,327,20,2627
2628,20,357,02610,102464.96261992447,376184061.65412205,JHARKHAND,Purbi Singhbhum,Dumaria,2610,327,20,2628
2629,20,357,02611,82270.29466982077,209096098.1008129,JHARKHAND,Purbi Singhbhum,Dhalbhumgarh,2611,327,20,2629
2630,20,357,02612,102104.6888418065,268430864.01442522,JHARKHAND,Purbi Singhbhum,Gurbandha,2612,327,20,2630
2631,20,357,02613,139507.64863020263,502898503.43338686,JHARKHAND,Purbi Singhbhum,Chakulia,2613,327,20,2631
2632,20,357,02614,126355.3614106905,415429983.19881195,JHARKHAND,Purbi Singhbhum,Baharagora,2614,327,20,2632
2633,20,358,02615,141792.67272822175,364575515.99759215,JHARKHAND,Palamu,Hussainabad,2615,338,20,2633
2634,20,358,02616,79020.6014867862,119298053.46849757,JHARKHAND,Palamu,Haidernagar,2616,338,20,2634
2635,20,358,02617,69778.1608685936,121452578.50760841,JHARKHAND,Palamu,Mohammad Ganj,2617,338,20,2635
2636,20,358,02618,92144.75101644847,147806934.13079596,JHARKHAND,Palamu,Hariharganj,2618,338,20,2636
2637,20,358,02619,66309.01716647035,119072458.99034882,JHARKHAND,Palamu,Pipra,2619,338,20,2637
2638,20,358,02620,141130.43213456866,521442367.20195365,JHARKHAND,Palamu,Chhatarpur,2620,338,20,2638
2639,20,358,02621,109009.2085198543,284124468.3904013,JHARKHAND,Palamu,Nawadiha Bazar/Nawadiha*,2621,338,20,2639
2640,20,358,02622,73649.35818432547,172727051.6127882,JHARKHAND,Palamu,Pandu,2622,338,20,2640
2641,20,358,02623,52640.588531213536,102699817.62236,JHARKHAND,Palamu,Untari Road,2623,338,20,2641
2642,20,358,02624,105740.82475257649,245128554.621568,JHARKHAND,Palamu,Bishrampur,2624,338,20,2642
2643,20,358,02625,86700.07960290735,186775832.95587036,JHARKHAND,Palamu,Nawa Bazar,2625,338,20,2643
2644,20,358,02626,128690.44300020699,401399953.6159097,JHARKHAND,Palamu,Patan,2626,338,20,2644
2645,20,358,02627,62446.35466985273,94972161.62386113,JHARKHAND,Palamu,Padwa,2627,338,20,2645
2646,20,358,02628,136561.3300783573,368036844.24668574,JHARKHAND,Palamu,Manatu,2628,338,20,2646
2647,20,358,02629,110829.93513086326,215256381.2782867,JHARKHAND,Palamu,Tarhasi,2629,338,20,2647
2648,20,358,02630,132510.45229678522,527641173.18696934,JHARKHAND,Palamu,Panki,2630,338,20,2648
2649,20,358,02631,61013.28776191254,121126125.40400289,JHARKHAND,Palamu,Satbarwa,2631,338,20,2649
2650,20,358,02632,90366.41432181721,215813292.8462277,JHARKHAND,Palamu,Nilambar-Pitambarpur(Lesligan*,2632,338,20,2650
2651,20,358,02633,83387.06485697639,196686929.10700175,JHARKHAND,Palamu,Medininagar(Daltonganj),2633,338,20,2651
2652,20,358,02634,164314.87365545135,776045633.4976718,JHARKHAND,Palamu,Chainpur,2634,338,20,2652
2653,20,359,02635,114107.02833219506,456189524.3713199,JHARKHAND,Latehar,Manika,2635,335,20,2653
2654,20,359,02636,174765.07136161203,870606004.284721,JHARKHAND,Latehar,Barwadih,2636,335,20,2654
2655,20,359,02637,152986.74538026695,785720279.8433372,JHARKHAND,Latehar,Mahuadanr,2637,335,20,2655
2656,20,359,02638,166396.39258389626,610882615.4842081,JHARKHAND,Latehar,Garu,2638,335,20,2656
2657,20,359,02639,134846.81213583003,565299614.0882989,JHARKHAND,Latehar,Latehar,2639,335,20,2657
2658,20,359,02640,170176.5526962985,430249345.52877873,JHARKHAND,Latehar,Balumath,2640,335,20,2658
2659,20,359,02641,165427.36469336454,409204335.2008108,JHARKHAND,Latehar,Bariyatu,2641,335,20,2659
2660,20,359,02642,123026.02795895434,303781588.9105138,JHARKHAND,Latehar,Herhanj,2642,335,20,2660
2661,20,359,02643,187356.0493138769,707998155.419256,JHARKHAND,Latehar,Chandwa,2643,335,20,2661
2662,20,360,02644,158666.42342207994,562369635.4535321,JHARKHAND,Hazaribagh,Chauparan,2644,332,20,2662
2663,20,360,02645,130708.1644201091,444006287.73369354,JHARKHAND,Hazaribagh,Barhi,2645,332,20,2663
2664,20,360,02646,81463.89089543142,155875703.98443636,JHARKHAND,Hazaribagh,Padma,2646,332,20,2664
2665,20,360,02647,109265.82003166103,352611632.1955536,JHARKHAND,Hazaribagh,Ichak,2647,332,20,2665
2666,20,360,02648,113501.5348109017,239993254.6319224,JHARKHAND,Hazaribagh,Tati Jhariya,2648,332,20,2666
2667,20,360,02649,89247.32298521705,152821140.4738922,JHARKHAND,Hazaribagh,Daru,2649,332,20,2667
2668,20,360,02650,124652.82766451735,332706243.4419116,JHARKHAND,Hazaribagh,Barkatha,2650,332,20,2668
2669,20,360,02651,82653.53151539742,183175509.14425245,JHARKHAND,Hazaribagh,Chalkusa,2651,332,20,2669
2670,20,360,02652,151410.02568890044,509110038.23546314,JHARKHAND,Hazaribagh,Bishungarh,2652,332,20,2670
2671,20,360,02653,91926.09720213931,303773507.52922,JHARKHAND,Hazaribagh,Hazaribag,2653,332,20,2671
2672,20,360,02654,126786.00358065714,367788136.78349483,JHARKHAND,Hazaribagh,Katkamsandi,2654,332,20,2672
2673,20,360,02655,79432.12840085606,196010017.0483358,JHARKHAND,Hazaribagh,Katamdag,2655,332,20,2673
2674,20,360,02656,164174.2662671621,523578421.88473374,JHARKHAND,Hazaribagh,Keredari,2656,332,20,2674
2675,20,360,02657,149616.19293478777,550214132.5517032,JHARKHAND,Hazaribagh,Barkagaon,2657,332,20,2675
2676,20,360,02658,95339.94818303702,245748363.3559398,JHARKHAND,Hazaribagh,Churchu,2658,332,20,2676
2677,20,360,02659,68087.4327830201,174761160.68974,JHARKHAND,Hazaribagh,Dadi,2659,332,20,2677
2678,20,361,02660,110153.50609149387,383317413.97008455,JHARKHAND,Ramgarh,Patratu,2660,607,20,2678
2679,20,361,02661,157411.88185777707,521325005.90011114,JHARKHAND,Ramgarh,Mandu,2661,607,20,2679
2680,20,361,02662,105626.14111982638,144829489.87896705,JHARKHAND,Ramgarh,Ramgarh,2662,607,20,2680
2681,20,361,02663,74000.91412627451,139130456.6481577,JHARKHAND,Ramgarh,Dulmi,2663,607,20,2681
2682,20,361,02664,51300.842788694936,80994169.59329148,JHARKHAND,Ramgarh,Chitarpur,2664,607,20,2682
2683,20,361,02665,123393.1939382609,398722139.3852309,JHARKHAND,Ramgarh,Gola,2665,607,20,2683
2684,20,362,02666,118916.09276095535,367731392.7801296,JHARKHAND,Dumka,Saraiyahat,2666,326,20,2684
2685,20,362,02667,151488.42116699403,483369277.32221615,JHARKHAND,Dumka,Jarmundi,2667,326,20,2685
2686,20,362,02668,155664.9465957583,584959386.5288432,JHARKHAND,Dumka,Ramgarh,2668,326,20,2686
2687,20,362,02669,120028.11391953316,281193074.2781512,JHARKHAND,Dumka,Gopikandar,2669,326,20,2687
2688,20,362,02670,140877.98305835138,390576974.281602,JHARKHAND,Dumka,Kathikund,2670,326,20,2688
2689,20,362,02671,168802.26502602964,550655075.7624732,JHARKHAND,Dumka,Shikaripara,2671,326,20,2689
2690,20,362,02672,154098.68485440072,409606256.39403474,JHARKHAND,Dumka,Ranishwar,2672,326,20,2690
2691,20,362,02673,182700.40733008794,467324641.7947211,JHARKHAND,Dumka,Dumka,2673,326,20,2691
2692,20,362,02674,175302.4986044506,452710783.10334194,JHARKHAND,Dumka,Jama,2674,326,20,2692
2693,20,362,02675,166089.483725054,567162639.101139,JHARKHAND,Dumka,Masalia,2675,326,20,2693
2694,20,363,02676,141180.31342673078,340028751.4555325,JHARKHAND,Jamtara,Narayanpur,2676,333,20,2694
2695,20,363,02677,115396.703217132,208937462.40217116,JHARKHAND,Jamtara,Karma Tanr Vidyasagar*,2677,333,20,2695
2696,20,363,02678,130333.92182130259,435827324.72935593,JHARKHAND,Jamtara,Jamtara,2678,333,20,2696
2697,20,363,02679,151344.90789201323,495845084.1520735,JHARKHAND,Jamtara,Nala,2679,333,20,2697
2698,20,363,02680,82868.8684045133,148080892.63960475,JHARKHAND,Jamtara,Fatehpur,2680,333,20,2698
2699,20,363,02681,179554.0865411101,555186496.4357395,JHARKHAND,Jamtara,Kundhit,2681,333,20,2699
2700,20,364,02682,129129.81581419555,395429996.92040265,JHARKHAND,Ranchi,Burmu,2682,339,20,2700
2701,20,364,02683,87371.85475000928,166021252.68924844,JHARKHAND,Ranchi,Khelari,2683,339,20,2701
2702,20,364,02684,120164.1126221379,504866979.4416985,JHARKHAND,Ranchi,Kanke,2684,339,20,2702
2703,20,364,02685,106000.66085994005,274643544.6527779,JHARKHAND,Ranchi,Ormanjhi,2685,339,20,2703
2704,20,364,02686,132325.3962160309,470196613.71856993,JHARKHAND,Ranchi,Angara,2686,339,20,2704
2705,20,364,02687,80622.59990764671,219291263.21449488,JHARKHAND,Ranchi,Rahe,2687,339,20,2705
2706,20,364,02688,115488.55731223003,354577669.47832453,JHARKHAND,Ranchi,Silli,2688,339,20,2706
2707,20,364,02689,109112.78705710584,322107095.5630622,JHARKHAND,Ranchi,Sonahatu,2689,339,20,2707
2708,20,364,02690,172867.8424670666,593341170.0173364,JHARKHAND,Ranchi,Namkum,2690,339,20,2708
2709,20,364,02691,61764.20703633876,128526609.62998928,JHARKHAND,Ranchi,Ratu,2691,339,20,2709
2710,20,364,02692,82956.92759781456,181219425.25466925,JHARKHAND,Ranchi,Nagri,2692,339,20,2710
2711,20,364,02693,106612.87796528502,283647742.1028353,JHARKHAND,Ranchi,Mandar,2693,339,20,2711
2712,20,364,02694,154137.1212825962,318409962.66620344,JHARKHAND,Ranchi,Chanho,2694,339,20,2712
2713,20,364,02695,126357.20863919033,347683078.1332984,JHARKHAND,Ranchi,Bero,2695,339,20,2713
2714,20,364,02696,67197.42320186614,116132460.12627932,JHARKHAND,Ranchi,Itki,2696,339,20,2714
2715,20,364,02697,130535.82599199151,361467367.2949452,JHARKHAND,Ranchi,Lapung,2697,339,20,2715
2716,20,364,02698,89738.60725424504,316566443.38969034,JHARKHAND,Ranchi,Bundu,2698,339,20,2716
2717,20,364,02699,181466.70989713442,613191919.6804421,JHARKHAND,Ranchi,Tamar I,2699,339,20,2717
2718,20,365,02700,166348.70579847303,622048854.9498647,JHARKHAND,Khunti,Karra,2700,606,20,2718
2719,20,365,02701,168145.48243438845,527636762.28907686,JHARKHAND,Khunti,Torpa,2701,606,20,2719
2720,20,365,02702,134405.5805829403,322965768.1528992,JHARKHAND,Khunti,Rania,2702,606,20,2720
2721,20,365,02703,199209.17632384875,476041131.5799209,JHARKHAND,Khunti,Murhu,2703,606,20,2721
2722,20,365,02704,169458.32365556766,555162851.0481247,JHARKHAND,Khunti,Khunti,2704,606,20,2722
2723,20,365,02705,203872.18355930294,611980799.5533336,JHARKHAND,Khunti,Erki(Tamar II),2705,606,20,2723
2724,20,366,02706,151532.43219624917,723459393.3937706,JHARKHAND,Gumla,Bishunpur,2706,331,20,2724
2725,20,366,02707,173199.46141562573,655809873.3812268,JHARKHAND,Gumla,Ghaghra,2707,331,20,2725
2726,20,366,02708,149492.9810750133,517543026.664576,JHARKHAND,Gumla,Sisai,2708,331,20,2726
2727,20,366,02709,132366.68749705446,353756487.8677889,JHARKHAND,Gumla,Verno,2709,331,20,2727
2728,20,366,02710,152975.3339676031,434381806.7577209,JHARKHAND,Gumla,Kamdara,2710,331,20,2728
2729,20,366,02711,168200.92342464146,479589754.5540601,JHARKHAND,Gumla,Basia,2711,331,20,2729
2730,20,366,02712,165300.9478471123,644100222.4684805,JHARKHAND,Gumla,Gumla,2712,331,20,2730
2731,20,366,02713,181337.76710028716,563585337.5642563,JHARKHAND,Gumla,Chainpur,2713,331,20,2731
2732,20,366,02714,117902.16855624138,445852890.373369,JHARKHAND,Gumla,Dumri,2714,331,20,2732
2733,20,366,02715,99101.94641654623,249444590.5755428,JHARKHAND,Gumla,Albert Ekka(Jari),2715,331,20,2733
2734,20,366,02716,173457.49476333385,609756514.3770512,JHARKHAND,Gumla,Raidih,2716,331,20,2734
2735,20,366,02717,160374.4690620456,684165594.0583242,JHARKHAND,Gumla,Palkot,2717,331,20,2735
2736,20,367,02718,192902.88459934943,550277154.2654902,JHARKHAND,Simdega,Simdega,2718,342,20,2736
2737,20,367,02719,112627.86267897426,339465275.76065457,JHARKHAND,Simdega,Pakar Tanr,2719,342,20,2737
2738,20,367,02720,103788.08950401013,325706256.5216085,JHARKHAND,Simdega,Kurdeg,2720,342,20,2738
2739,20,367,02721,132177.41805229467,284960347.9146441,JHARKHAND,Simdega,Kersai,2721,342,20,2739
2740,20,367,02722,96278.27502718734,341060493.2474638,JHARKHAND,Simdega,Bolba,2722,342,20,2740
2741,20,367,02723,161638.52376001445,736637872.1055653,JHARKHAND,Simdega,Thethaitangar,2723,342,20,2741
2742,20,367,02724,131657.15873138915,513813999.2553119,JHARKHAND,Simdega,Kolebira,2724,342,20,2742
2743,20,367,02725,152460.83948704414,516098968.2261127,JHARKHAND,Simdega,Jaldega,2725,342,20,2743
2744,20,367,02726,83311.4991555575,184077004.66368032,JHARKHAND,Simdega,Bansjor,2726,342,20,2744
2745,20,367,02727,145936.5005504009,648862833.1552348,JHARKHAND,Simdega,Bano,2727,342,20,2745
2746,20,368,02728,93334.21811290695,270359046.6676468,JHARKHAND,Pashchimi Singhbhum,Sonua,2728,343,20,2746
2747,20,368,02729,145033.5867879462,523707563.74199367,JHARKHAND,Pashchimi Singhbhum,Gudri,2729,343,20,2747
2748,20,368,02730,199812.04444824366,692865020.3108734,JHARKHAND,Pashchimi Singhbhum,Bandgaon,2730,343,20,2748
2749,20,368,02731,130015.8008216775,449766716.51765555,JHARKHAND,Pashchimi Singhbhum,Chakradharpur,2731,343,20,2749
2750,20,368,02732,171559.97770201034,492426082.06567967,JHARKHAND,Pashchimi Singhbhum,Khuntpani,2732,343,20,2750
2751,20,368,02733,225668.3213065485,699551051.6374598,JHARKHAND,Pashchimi Singhbhum,Goilkera,2733,343,20,2751
2752,20,368,02734,94584.59987672657,366295395.3394098,JHARKHAND,Pashchimi Singhbhum,Anandpur,2734,343,20,2752
2753,20,368,02735,260079.48718726067,1135742646.5914214,JHARKHAND,Pashchimi Singhbhum,Manoharpur,2735,343,20,2753
2754,20,368,02736,221826.04413065445,718624995.6411444,JHARKHAND,Pashchimi Singhbhum,Noamundi,2736,343,20,2754
2755,20,368,02737,217963.2367428537,749926105.6699044,JHARKHAND,Pashchimi Singhbhum,Tonto,2737,343,20,2755
2756,20,368,02738,126958.20560910022,345571357.3407755,JHARKHAND,Pashchimi Singhbhum,Hat Gamharia,2738,343,20,2756
2757,20,368,02739,94064.71679863536,248014995.23937112,JHARKHAND,Pashchimi Singhbhum,Chaibasa,2739,343,20,2757
2758,20,368,02740,92791.20379555205,240188766.08585656,JHARKHAND,Pashchimi Singhbhum,Tantnagar,2740,343,20,2758
2759,20,368,02741,115857.50682436505,375723878.2009903,JHARKHAND,Pashchimi Singhbhum,Manjhari,2741,343,20,2759
2760,20,368,02742,75571.09360576273,158183408.2129271,JHARKHAND,Pashchimi Singhbhum,Jhinkpani,2742,343,20,2760
2761,20,368,02743,109157.46469018668,365827567.2125558,JHARKHAND,Pashchimi Singhbhum,Jagannathpur,2743,343,20,2761
2762,20,368,02744,94445.45343246765,336112613.80847305,JHARKHAND,Pashchimi Singhbhum,Kumardungi,2744,343,20,2762
2763,20,368,02745,129279.15109947216,330496694.35233307,JHARKHAND,Pashchimi Singhbhum,Majhgaon,2745,343,20,2763
2764,20,369,02746,152026.08921738694,453997560.190991,JHARKHAND,Saraikela-Kharsawan,Kuchai,2746,341,20,2764
2765,20,369,02747,119886.66675094479,263167630.6976437,JHARKHAND,Saraikela-Kharsawan,Kharsawan,2747,341,20,2765
2766,20,369,02748,137215.9937287002,430895437.44182867,JHARKHAND,Saraikela-Kharsawan,Chandil,2748,341,20,2766
2767,20,369,02749,104933.65810987387,322788202.19803226,JHARKHAND,Saraikela-Kharsawan,Ichagarh,2749,341,20,2767
2768,20,369,02750,75515.25014020885,162058246.43837073,JHARKHAND,Saraikela-Kharsawan,Kukru,2750,341,20,2768
2769,20,369,02751,102659.89315281082,296446025.4895061,JHARKHAND,Saraikela-Kharsawan,Nimdih,2751,341,20,2769
2770,20,369,02752,120571.51381869463,417323616.83534175,JHARKHAND,Saraikela-Kharsawan,Adityapur(Gamharia),2752,341,20,2770
2771,20,369,02753,137824.20889717477,299014589.5139759,JHARKHAND,Saraikela-Kharsawan,Saraikela,2753,341,20,2771
2772,20,369,02754,129855.12089541691,501718222.2331152,JHARKHAND,Saraikela-Kharsawan,Gobindpur(Rajnagar),2754,341,20,2772
4326,29,555,05433,333272.0607042613,1380883027.1910553,KARNATAKA,Belagavi,Chikodi,5433,527,29,4326
4327,29,555,05434,328483.4796441147,2180173870.90631,KARNATAKA,Belagavi,Athni,5434,527,29,4327
4328,29,555,05435,179074.42482057848,1041027578.8381468,KARNATAKA,Belagavi,Raybag,5435,527,29,4328
4329,29,555,05436,259892.44343836658,1682941505.7810555,KARNATAKA,Belagavi,Gokak,5436,527,29,4329
4330,29,555,05437,296438.52391635906,1080156176.6221983,KARNATAKA,Belagavi,Hukeri,5437,527,29,4330
4331,29,555,05438,263857.3688192632,1121707712.040946,KARNATAKA,Belagavi,Belgaum,5438,527,29,4331
4332,29,555,05439,282716.1149765911,1889124503.2734578,KARNATAKA,Belagavi,Khanapur,5439,527,29,4332
4333,29,555,05440,231709.3420419091,1216124630.5968952,KARNATAKA,Belagavi,Sampgaon,5440,527,29,4333
4334,29,555,05441,287950.6676721229,1714915886.3947263,KARNATAKA,Belagavi,Parasgad,5441,527,29,4334
4335,29,555,05442,233905.48903930854,1332897389.576877,KARNATAKA,Belagavi,Ramdurg,5442,527,29,4335
4336,29,556,05443,230840.16220265313,1269572167.0839863,KARNATAKA,Bagalkote,Jamkhandi,5443,524,29,4336
4337,29,556,05444,209153.8640151199,853110328.1375245,KARNATAKA,Bagalkote,Bilgi,5444,524,29,4337
4338,29,556,05445,182207.84524139666,1029252156.4410217,KARNATAKA,Bagalkote,Mudhol,5445,524,29,4338
4339,29,556,05446,248114.2796940248,1505943493.6667254,KARNATAKA,Bagalkote,Badami,5446,524,29,4339
4340,29,556,05447,215589.45735112863,1009377540.5613999,KARNATAKA,Bagalkote,Bagalkot,5447,524,29,4340
4341,29,556,05448,268373.5637321243,1480715504.4690619,KARNATAKA,Bagalkote,Hungund,5448,524,29,4341
4342,29,557,05449,383451.63539289706,2905134830.9742436,KARNATAKA,Vijayapura,Bijapur,5449,530,29,4342
4343,29,557,05451,362464.5573619039,2380367226.8419,KARNATAKA,Vijayapura,Sindgi,5451,530,29,4343
4344,29,557,05452,261719.744785213,2158374601.0401893,KARNATAKA,Vijayapura,Basavana Bagevadi,5452,530,29,4344
4345,29,557,05453,232602.0179464323,1632067077.6509092,KARNATAKA,Vijayapura,Muddebihal,5453,530,29,4345
4346,29,558,05454,252322.5194444373,1339517290.0363023,KARNATAKA,Bidar,Basavakalyan,5454,529,29,4346
4347,29,558,05455,251183.6504987563,1242765488.0013251,KARNATAKA,Bidar,Bhalki,5455,529,29,4347
4348,29,558,05456,258458.56867444966,1374067317.1467528,KARNATAKA,Bidar,Aurad,5456,529,29,4348
4349,29,558,05457,217262.68117433228,1005735076.8867289,KARNATAKA,Bidar,Bidar,5457,529,29,4349
4350,29,558,05458,224823.06217844257,1086630724.7141478,KARNATAKA,Bidar,Homnabad,5458,529,29,4350
4351,29,559,05459,298987.6522542003,2143209104.3395214,KARNATAKA,Raichur,Lingsugur,5459,546,29,4351
4352,29,559,05460,241048.29950312903,1642863645.578372,KARNATAKA,Raichur,Devadurga,5460,546,29,4352
4353,29,559,05461,247371.12321990382,1686992287.4481654,KARNATAKA,Raichur,Raichur,5461,546,29,4353
4354,29,559,05462,245900.8099736249,1969332883.990809,KARNATAKA,Raichur,Manvi,5462,546,29,4354
4355,29,559,05463,237015.71029009527,1754929697.1731458,KARNATAKA,Raichur,Sindhnur,5463,546,29,4355
4356,29,560,05464,269090.6170759694,1620872950.541927,KARNATAKA,Koppal,Yelbarga,5464,543,29,4356
4357,29,560,05465,315980.60477959894,1481014833.3960972,KARNATAKA,Koppal,Kushtagi,5465,543,29,4357
4358,29,560,05466,198052.13373334517,1445818745.9860306,KARNATAKA,Koppal,Gangawati,5466,543,29,4358
4359,29,560,05467,241098.80103742736,1488535920.0085633,KARNATAKA,Koppal,Koppal,5467,543,29,4359
4360,29,561,05468,153247.05906845917,473671055.05756366,KARNATAKA,Gadag,Nargund,5468,537,29,4360
4361,29,561,05469,265582.9188208061,1402237281.63798,KARNATAKA,Gadag,Ron,5469,537,29,4361
4362,29,561,05470,214118.51116999102,1182662352.0452013,KARNATAKA,Gadag,Gadag,5470,537,29,4362
4363,29,561,05471,213206.32632752837,1020271910.0365868,KARNATAKA,Gadag,Shirhatti,5471,537,29,4363
4364,29,561,05472,185583.81132228588,962550583.7976274,KARNATAKA,Gadag,Mundargi,5472,537,29,4364
4365,29,562,05473,215633.56279895513,1207179344.7137566,KARNATAKA,Dharwad,Dharwad,5473,536,29,4365
4366,29,562,05474,215352.19221753094,1167366466.7566772,KARNATAKA,Dharwad,Navalgund,5474,536,29,4366
4367,29,562,05475,186854.35490453275,795548525.431032,KARNATAKA,Dharwad,Hubli,5475,536,29,4367
4368,29,562,05476,159075.5928821135,738188199.7004167,KARNATAKA,Dharwad,Kalghatgi,5476,536,29,4368
4369,29,562,05477,168949.75012934054,699507716.4299656,KARNATAKA,Dharwad,Kundgol,5477,536,29,4369
4370,29,563,05478,211531.90403838063,800523603.0089006,KARNATAKA,Uttara Kannada,Karwar,5478,550,29,4370
4371,29,563,05479,261499.54516822693,2032286740.0321136,KARNATAKA,Uttara Kannada,Supa,5479,550,29,4371
4372,29,563,05480,157625.16289557607,922097952.6863927,KARNATAKA,Uttara Kannada,Haliyal,5480,550,29,4372
4373,29,563,05481,272434.61170281156,1414041323.4852016,KARNATAKA,Uttara Kannada,Yellapur,5481,550,29,4373
4374,29,563,05482,176975.61606013504,728322708.6094353,KARNATAKA,Uttara Kannada,Mundgod,5482,550,29,4374
4375,29,563,05483,243661.10891170354,1417732152.3201318,KARNATAKA,Uttara Kannada,Sirsi,5483,550,29,4375
4376,29,563,05484,245403.01082430224,1000063700.3805412,KARNATAKA,Uttara Kannada,Ankola,5484,550,29,4376
4377,29,563,05485,211600.4007085573,633524424.3280563,KARNATAKA,Uttara Kannada,Kumta,5485,550,29,4377
4378,29,563,05486,203327.31368543557,927016443.1819925,KARNATAKA,Uttara Kannada,Siddapur,5486,550,29,4378
4379,29,563,05487,168066.2327942055,806900903.7751602,KARNATAKA,Uttara Kannada,Honavar,5487,550,29,4379
4380,29,563,05488,111176.53181619526,374304507.40654343,KARNATAKA,Uttara Kannada,Bhatkal,5488,550,29,4380
4381,29,564,05489,176870.24161553817,629669385.3570895,KARNATAKA,Haveri,Shiggaon,5489,540,29,4381
4382,29,564,05490,141038.98262178784,579762321.0760659,KARNATAKA,Haveri,Savanur,5490,540,29,4382
4383,29,564,05491,189925.20250190576,828213944.2103844,KARNATAKA,Haveri,Hangal,5491,540,29,4383
4384,29,564,05492,193151.4273711335,857317702.6118598,KARNATAKA,Haveri,Haveri,5492,540,29,4384
4385,29,564,05493,136380.08981545462,465428957.8014879,KARNATAKA,Haveri,Byadgi,5493,540,29,4385
4386,29,564,05494,203942.55976120278,859179247.5956103,KARNATAKA,Haveri,Hirekerur,5494,540,29,4386
4387,29,564,05495,184599.66311776708,967502982.023901,KARNATAKA,Haveri,Ranibennur,5495,540,29,4387
4388,29,565,05496,250509.83075491473,1021929968.1039335,KARNATAKA,Ballari,Hadagalli,5496,528,29,4388
4389,29,565,05497,197155.93582982235,1064205463.3283311,KARNATAKA,Ballari,Hagaribommanahalli,5497,528,29,4389
4390,29,565,05498,268431.97793381446,1036988576.4389344,KARNATAKA,Ballari,Hospet,5498,528,29,4390
4391,29,565,05499,215907.14998624203,1126831536.4572961,KARNATAKA,Ballari,Siruguppa,5499,528,29,4391
4392,29,565,05500,246894.60004745412,1825054966.8986754,KARNATAKA,Ballari,Bellary,5500,528,29,4392
4393,29,565,05501,254373.31984461684,1342989637.4726288,KARNATAKA,Ballari,Sandur,5501,528,29,4393
4394,29,565,05502,258725.15107216573,1714638550.2534714,KARNATAKA,Ballari,Kudligi,5502,528,29,4394
4395,29,566,05503,199530.5188494326,794959330.0679023,KARNATAKA,Chitradurga,Molakalmuru,5503,533,29,4395
4396,29,566,05504,299643.948860797,2222799911.052485,KARNATAKA,Chitradurga,Challakere,5504,533,29,4396
4397,29,566,05505,225449.46669376697,1481603416.5618243,KARNATAKA,Chitradurga,Chitradurga,5505,533,29,4397
4398,29,566,05506,232083.45440995967,1174379758.0372114,KARNATAKA,Chitradurga,Holalkere,5506,533,29,4398
4399,29,566,05507,223659.70479549823,1534046262.221126,KARNATAKA,Chitradurga,Hosdurga,5507,533,29,4399
4400,29,566,05508,272805.61636655946,1819621052.049084,KARNATAKA,Chitradurga,Hiriyur,5508,533,29,4400
4401,29,567,05509,172785.631975126,520150813.4287883,KARNATAKA,Davanagere,Harihar,5509,535,29,4401
4402,29,567,05510,241896.14937113386,1542904536.7305768,KARNATAKA,Davanagere,Harapanahalli,5510,535,29,4402
4403,29,567,05511,178925.88196516325,1041034456.2438674,KARNATAKA,Davanagere,Jagalur,5511,535,29,4403
4404,29,567,05512,185891.00877550745,1027275446.458307,KARNATAKA,Davanagere,Davanagere,5512,535,29,4404
4405,29,567,05513,197336.36440838827,926504288.6534289,KARNATAKA,Davanagere,Honnali,5513,535,29,4405
4406,29,567,05514,202371.67190800828,1294034119.4840958,KARNATAKA,Davanagere,Channagiri,5514,535,29,4406
4407,29,568,05515,373054.99469538353,2069235063.174996,KARNATAKA,Shivamogga,Sagar,5515,547,29,4407
4408,29,568,05516,279865.9303773335,1233409863.2947304,KARNATAKA,Shivamogga,Sorab,5516,547,29,4408
4409,29,568,05517,217382.65800948624,976529976.2305284,KARNATAKA,Shivamogga,Shikarpur,5517,547,29,4409
4410,29,568,05518,309621.65346899803,1524123426.9098468,KARNATAKA,Shivamogga,Hosanagara,5518,547,29,4410
4411,29,568,05519,276294.69882573106,1336406463.541762,KARNATAKA,Shivamogga,Tirthahalli,5519,547,29,4411
4412,29,568,05520,211280.54531118413,1192424067.1401055,KARNATAKA,Shivamogga,Shimoga,5520,547,29,4412
4413,29,568,05521,165287.0990433396,729732136.8988187,KARNATAKA,Shivamogga,Bhadravati,5521,547,29,4413
4414,29,569,05522,254079.33390445853,1670197122.0296454,KARNATAKA,Udupi,Kundapura,5522,549,29,4414
4415,29,569,05523,202283.04942317374,994759500.3548098,KARNATAKA,Udupi,Udupi,5523,549,29,4415
4416,29,569,05524,247492.36879069268,1141338605.8779492,KARNATAKA,Udupi,Karkal,5524,549,29,4416
4417,29,570,05525,119972.2073820551,472059570.4247484,KARNATAKA,Chikkamagaluru,Sringeri,5525,532,29,4417
4418,29,570,05526,191555.8672179166,601619519.3028548,KARNATAKA,Chikkamagaluru,Koppa,5526,532,29,4418
4419,29,570,05527,255689.7547361085,855051267.9703945,KARNATAKA,Chikkamagaluru,Narasimharajapura,5527,532,29,4419
4420,29,570,05528,253497.15959203205,1298242862.4886312,KARNATAKA,Chikkamagaluru,Tarikere,5528,532,29,4420
4421,29,570,05529,260397.30558816215,1519601057.8725433,KARNATAKA,Chikkamagaluru,Kadur,5529,532,29,4421
4422,29,570,05530,270821.2669456582,1692652837.0066025,KARNATAKA,Chikkamagaluru,Chikmagalur,5530,532,29,4422
4423,29,570,05531,262180.80861380487,1221724003.1901207,KARNATAKA,Chikkamagaluru,Mudigere,5531,532,29,4423
4424,29,571,05532,196487.19610143296,1200553810.5741763,KARNATAKA,Tumakuru,Chiknayakanhalli,5532,548,29,4424
4425,29,571,05533,254130.9116431943,1656009829.3372343,KARNATAKA,Tumakuru,Sira,5533,548,29,4425
4426,29,571,05534,321767.82319510926,1457703956.571903,KARNATAKA,Tumakuru,Pavagada,5534,548,29,4426
4427,29,571,05535,236544.11518796245,1186323004.654207,KARNATAKA,Tumakuru,Madhugiri,5535,548,29,4427
4428,29,571,05536,160683.12021858757,688003582.0270703,KARNATAKA,Tumakuru,Koratagere,5536,548,29,4428
4429,29,571,05537,217843.15636067907,1089762438.5418463,KARNATAKA,Tumakuru,Tumkur,5537,548,29,4429
4430,29,571,05538,222139.9801383098,1300401082.0892518,KARNATAKA,Tumakuru,Gubbi,5538,548,29,4430
4431,29,571,05539,187365.72091780172,837609751.8400519,KARNATAKA,Tumakuru,Tiptur,5539,548,29,4431
4432,29,571,05540,186945.3752511089,823770042.0808126,KARNATAKA,Tumakuru,Turuvekere,5540,548,29,4432
4433,29,571,05541,208377.32733648497,1038498367.8955723,KARNATAKA,Tumakuru,Kunigal,5541,548,29,4433
4434,29,572,05542,209024.08646621444,844153794.3306359,KARNATAKA,Bangalore,Bangalore North,5542,525,29,4434
4435,29,572,05543,188194.24347067662,574944841.5065892,KARNATAKA,Bangalore,Bangalore South,5543,525,29,4435
4436,29,572,05544,108246.4063832646,342834595.2002207,KARNATAKA,Bangalore,Bangalore East,5544,525,29,4436
4437,29,572,05545,183058.01532191067,564387779.3131186,KARNATAKA,Bangalore,Anekal,5545,525,29,4437
4438,29,573,05546,199604.5816241218,947372800.9787,KARNATAKA,Mandya,Krishnarajpet,5546,544,29,4438
4439,29,573,05547,195526.03934371163,1094689413.9153068,KARNATAKA,Mandya,Nagamangala,5547,544,29,4439
4440,29,573,05548,144484.80499380134,557452460.3569142,KARNATAKA,Mandya,Pandavapura,5548,544,29,4440
4441,29,573,05549,151380.15491441623,387516315.148271,KARNATAKA,Mandya,Shrirangapattana,5549,544,29,4441
4442,29,573,05550,174847.33283852434,752750176.2958118,KARNATAKA,Mandya,Mandya,5550,544,29,4442
4443,29,573,05551,175001.4614637949,649375235.2385062,KARNATAKA,Mandya,Maddur,5551,544,29,4443
4444,29,573,05552,214005.9355585044,853581008.2757908,KARNATAKA,Mandya,Malavalli,5552,544,29,4444
4445,29,574,05553,205778.1777115562,1086443154.6528623,KARNATAKA,Hassan,Sakleshpur,5553,539,29,4445
4446,29,574,05554,195604.3172667848,896648534.639829,KARNATAKA,Hassan,Belur,5554,539,29,4446
4447,29,574,05555,252889.35218756265,1335419425.948088,KARNATAKA,Hassan,Arsikere,5555,539,29,4447
4448,29,574,05556,231215.0997959545,997732642.3232836,KARNATAKA,Hassan,Hassan,5556,539,29,4448
4449,29,574,05557,143805.8247178064,455578302.22362816,KARNATAKA,Hassan,Alur,5557,539,29,4449
4450,29,574,05558,153685.32662278612,711710403.1570679,KARNATAKA,Hassan,Arkalgud,5558,539,29,4450
4451,29,574,05559,175100.92798644895,630659561.068648,KARNATAKA,Hassan,Hole Narsipur,5559,539,29,4451
4452,29,574,05560,204252.88413979585,1105765988.9780436,KARNATAKA,Hassan,Channarayapatna,5560,539,29,4452
4453,29,575,05561,203553.49857813286,916225465.710823,KARNATAKA,Dakshina Kannada,Mangalore,5561,534,29,4453
4454,29,575,05562,228973.84493764152,804949366.2449417,KARNATAKA,Dakshina Kannada,Bantval,5562,534,29,4454
4455,29,575,05563,245342.1296236966,1464334542.0507636,KARNATAKA,Dakshina Kannada,Beltangadi,5563,534,29,4455
4456,29,575,05564,261044.0672389121,1057385677.4546596,KARNATAKA,Dakshina Kannada,Puttur,5564,534,29,4456
4457,29,575,05565,219429.22848101496,906247704.4038082,KARNATAKA,Dakshina Kannada,Sulya,5565,534,29,4457
4458,29,576,05566,270464.4782956897,1531017648.939602,KARNATAKA,Kodagu,Madikeri,5566,541,29,4458
4459,29,576,05567,255322.28147496394,1059325342.6195787,KARNATAKA,Kodagu,Somvarpet,5567,541,29,4459
4460,29,576,05568,223112.70801127938,1741604111.543927,KARNATAKA,Kodagu,Virajpet,5568,541,29,4460
4461,29,577,05569,184499.46752259147,856822279.3896031,KARNATAKA,Mysuru,Piriyapatna,5569,545,29,4461
4462,29,577,05570,190887.50142223385,945514896.3146554,KARNATAKA,Mysuru,Hunsur,5570,545,29,4462
4463,29,577,05571,173598.39978149405,637417007.1921132,KARNATAKA,Mysuru,Krishnarajanagara,5571,545,29,4463
4464,29,577,05572,244599.25680745838,845528221.2198882,KARNATAKA,Mysuru,Mysore,5572,545,29,4464
4465,29,577,05573,322448.5272329904,1701006168.1138105,KARNATAKA,Mysuru,Heggadadevankote,5573,545,29,4465
4466,29,577,05574,288947.55510160653,1024692742.8733569,KARNATAKA,Mysuru,Nanjangud,5574,545,29,4466
4467,29,577,05575,219736.34913910777,632518594.0348107,KARNATAKA,Mysuru,Tirumakudal - Narsipur,5575,545,29,4467
4468,29,578,05576,246967.03904071864,1440437125.2962103,KARNATAKA,Chamarajanagara,Gundlupet,5576,531,29,4468
4469,29,578,05577,317140.345535661,1282285555.0560474,KARNATAKA,Chamarajanagara,Chamarajanagar,5577,531,29,4469
4470,29,578,05578,100103.17231704517,280248945.151982,KARNATAKA,Chamarajanagara,Yelandur,5578,531,29,4470
4471,29,578,05579,327293.16920623253,2933994388.021099,KARNATAKA,Chamarajanagara,Kollegal,5579,531,29,4471
4472,29,579,05581,522897.9140765951,3362454379.1672435,KARNATAKA,Kalaburagi,Afzalpur,5581,538,29,4472
4473,29,579,05582,368477.95581541193,1922983274.4879334,KARNATAKA,Kalaburagi,Gulbarga,5582,538,29,4473
4474,29,579,05583,293774.0702769634,1714518736.9289708,KARNATAKA,Kalaburagi,Chincholi,5583,538,29,4474
4475,29,579,05584,204174.88634385492,1125459473.5474877,KARNATAKA,Kalaburagi,Sedam,5584,538,29,4475
4476,29,579,05585,378978.38171804056,1928809732.046598,KARNATAKA,Kalaburagi,Chitapur,5585,538,29,4476
4477,29,579,05586,356199.5619852482,2023474209.8219373,KARNATAKA,Kalaburagi,Jevargi,5586,538,29,4477
4478,29,580,05587,265266.6516807885,2014082177.2417738,KARNATAKA,Yadgir,Shorapur,5587,635,29,4478
4479,29,580,05588,287561.8506353876,1870279569.8951347,KARNATAKA,Yadgir,Shahpur,5588,635,29,4479
4480,29,580,05589,277608.174600937,1892114101.9135375,KARNATAKA,Yadgir,Yadgir,5589,635,29,4480
4481,29,581,05590,210867.72914194112,917718505.6537513,KARNATAKA,Kolar,Srinivaspur,5590,542,29,4481
4482,29,581,05591,214301.7255737872,839891004.8449984,KARNATAKA,Kolar,Kolar,5591,542,29,4482
4483,29,581,05592,193457.95400204646,681073529.1313516,KARNATAKA,Kolar,Malur,5592,542,29,4483
4484,29,581,05593,226473.1238741493,910565133.7737294,KARNATAKA,Kolar,Bangarapet,5593,542,29,4484
4485,29,581,05594,177489.61062893126,871664198.8671911,KARNATAKA,Kolar,Mulbagal,5594,542,29,4485
4486,29,582,05595,202746.3534045619,946449041.1750644,KARNATAKA,Chikkaballapura,Gauribidanur,5595,630,29,4486
4487,29,582,05596,184132.43094969468,678569045.2201515,KARNATAKA,Chikkaballapura,Chikkaballapura,5596,630,29,4487
4488,29,582,05597,125214.86555681138,241459601.50038996,KARNATAKA,Chikkaballapura,Gudibanda,5597,630,29,4488
4489,29,582,05598,201547.96969705733,991177334.7888097,KARNATAKA,Chikkaballapura,Bagepalli,5598,630,29,4489
4490,29,582,05599,221574.29876315163,712281019.3709747,KARNATAKA,Chikkaballapura,Sidlaghatta,5599,630,29,4490
4491,29,582,05600,212885.0106628119,947290198.6976789,KARNATAKA,Chikkaballapura,Chintamani,5600,630,29,4491
4492,29,583,05601,165033.14958485114,537589675.2690109,KARNATAKA,Bengaluru Rural,Nelamangala,5601,526,29,4492
4493,29,583,05602,180483.94055819875,846882684.3580354,KARNATAKA,Bengaluru Rural,Dod Ballapur,5602,526,29,4493
4494,29,583,05603,150491.45311562167,473752189.3947043,KARNATAKA,Bengaluru Rural,Devanahalli,5603,526,29,4494
4495,29,583,05604,183356.92574917202,581566602.2509173,KARNATAKA,Bengaluru Rural,Hosakote,5604,526,29,4495
4496,29,584,05605,186920.2413011432,841815306.2095104,KARNATAKA,Ramanagara,Magadi,5605,631,29,4496
4497,29,584,05606,203255.41007787248,665042624.9504772,KARNATAKA,Ramanagara,Ramanagara,5606,631,29,4497
4498,29,584,05607,181286.89729168132,568971740.4955034,KARNATAKA,Ramanagara,Channapatna,5607,631,29,4498
4499,29,584,05608,283883.71767440956,1637569063.7432864,KARNATAKA,Ramanagara,Kanakapura,5608,631,29,4499
4521,32,588,05630,286842.52789157967,1040867575.4623806,KERALA,Kasaragod,Kasaragod,5630,558,32,4521
4522,32,588,05631,225625.38072888838,1037770532.0673219,KERALA,Kasaragod,Hosdurg,5631,558,32,4522
4523,32,589,05632,266852.47948758485,1472692087.8803382,KERALA,Kannur,Taliparamba,5632,557,32,4523
4524,32,589,05633,162846.974656901,373965792.56088877,KERALA,Kannur,Kannur,5633,557,32,4524
4525,32,589,05634,259317.05353291205,1261670507.8021202,KERALA,Kannur,Thalassery,5634,557,32,4525
4526,32,590,05635,172509.7496591166,781096927.0277704,KERALA,Wayanad,Mananthavady,5635,567,32,4526
4527,32,590,05636,169566.80215531355,813553305.9563919,KERALA,Wayanad,Sulthanbathery,5636,567,32,4527
4528,32,590,05637,159307.78685886247,646228022.848206,KERALA,Wayanad,Vythiri,5637,567,32,4528
4529,32,591,05638,155121.41006878886,603610457.6318403,KERALA,Kozhikode,Vadakara,5638,561,32,4529
4530,32,591,05639,189530.58940885752,773498438.7890079,KERALA,Kozhikode,Quilandy,5639,561,32,4530
4531,32,591,05640,213510.83448556188,1074304242.0552716,KERALA,Kozhikode,Kozhikode,5640,561,32,4531
4532,32,592,05641,267846.66391105234,845086341.7718524,KERALA,Malappuram,Ernad,5641,562,32,4532
4533,32,592,05642,220547.32459936917,1436619880.0579963,KERALA,Malappuram,Nilambur,5642,562,32,4533
4534,32,592,05643,178260.27612805445,528279885.2046264,KERALA,Malappuram,Perinthalmanna,5643,562,32,4534
4535,32,592,05644,122823.96225947863,422334481.89477396,KERALA,Malappuram,Tirur,5644,562,32,4535
4536,32,592,05645,114403.76154926767,270294279.930263,KERALA,Malappuram,Tirurangadi,5645,562,32,4536
4537,32,592,05646,77196.47638506677,208272051.30981338,KERALA,Malappuram,Ponnani,5646,562,32,4537
4538,32,593,05647,207488.86837241217,880503659.9673959,KERALA,Palakkad,Ottappalam,5647,563,32,4538
4539,32,593,05648,242539.06098246013,1254017706.7517912,KERALA,Palakkad,Mannarkad,5648,563,32,4539
4540,32,593,05649,172178.71237923636,748182777.7442145,KERALA,Palakkad,Palakkad,5649,563,32,4540
4541,32,593,05650,230024.413450643,1193297455.2414606,KERALA,Palakkad,Chittur,5650,563,32,4541
4542,32,593,05651,149948.2422192403,595518368.0816782,KERALA,Palakkad,Alathur,5651,563,32,4542
4543,32,594,05652,189149.86100464346,708217727.470704,KERALA,Thrissur,Talappilly,5652,566,32,4543
4544,32,594,05653,119698.65338271196,246518661.93487218,KERALA,Thrissur,Chavakkad,5653,566,32,4544
4545,32,594,05654,162329.35815884583,690560088.8652097,KERALA,Thrissur,Thrissur,5654,566,32,4545
4546,32,594,05655,99671.20028935399,147873429.34502172,KERALA,Thrissur,Kodungallur,5655,566,32,4546
4547,32,594,05656,279989.267181295,1354756007.7043142,KERALA,Thrissur,Mukundapuram,5656,566,32,4547
4548,32,595,05657,117325.30598049141,486485638.66226095,KERALA,Ernakulam,Kunnathunad,5657,555,32,4548
4549,32,595,05658,151670.731063739,562066262.6438932,KERALA,Ernakulam,Aluva,5658,555,32,4549
4550,32,595,05659,74585.43300594266,197545515.28435043,KERALA,Ernakulam,Paravur,5659,555,32,4550
4551,32,595,05660,113927.62509964517,144971938.93084612,KERALA,Ernakulam,Kochi,5660,555,32,4551
4552,32,595,05661,108631.2693600351,326753246.8612797,KERALA,Ernakulam,Kanayannur,5661,555,32,4552
4553,32,595,05662,142707.50747896577,457237054.5554586,KERALA,Ernakulam,Muvattupuzha,5662,555,32,4553
4554,32,595,05663,221284.71938566692,995869248.3315021,KERALA,Ernakulam,Kothamangalam,5663,555,32,4554
4555,32,596,05664,217441.7785568233,1178557407.1417575,KERALA,Idukki,Devikulam,5664,556,32,4555
4556,32,596,05665,176105.28363858906,1120063370.667309,KERALA,Idukki,Udumbanchola,5665,556,32,4556
4557,32,596,05666,165567.05305488434,897283745.0655799,KERALA,Idukki,Thodupuzha,5666,556,32,4557
4558,32,596,05667,288384.1599584535,1323039452.4911835,KERALA,Idukki,Peerumade,5667,556,32,4558
4559,32,597,05668,157748.07389748082,703451220.0628879,KERALA,Kottayam,Meenachil,5668,560,32,4559
4560,32,597,05669,90675.45561661482,328061489.89956975,KERALA,Kottayam,Vaikom,5669,560,32,4560
4561,32,597,05670,134247.42584834647,521222767.41481096,KERALA,Kottayam,Kottayam,5670,560,32,4561
4562,32,597,05671,117069.892129944,271409445.34419805,KERALA,Kottayam,Changanassery,5671,560,32,4562
4563,32,597,05672,173089.57922706616,458389888.8108845,KERALA,Kottayam,Kanjirappally,5672,560,32,4563
4564,32,598,05673,92961.7996778272,336774011.36190194,KERALA,Alappuzha,Cherthala,5673,554,32,4564
4565,32,598,05674,89625.7339078457,184707780.86326772,KERALA,Alappuzha,Ambalappuzha,5674,554,32,4565
4566,32,598,05675,91450.03668357135,316400350.2030256,KERALA,Alappuzha,Kuttanad,5675,554,32,4566
4567,32,598,05676,93614.20466254928,239233223.50282192,KERALA,Alappuzha,Karthikappally,5676,554,32,4567
4568,32,598,05677,80754.66523146284,150645195.72784546,KERALA,Alappuzha,Chengannur,5677,554,32,4568
4569,32,598,05678,96686.66961286515,237437870.1862813,KERALA,Alappuzha,Mavelikkara,5678,554,32,4569
4570,32,599,05679,95653.2713854114,169279195.81630042,KERALA,Pathanamthitta,Thiruvalla,5679,564,32,4570
4571,32,599,05680,83637.19223534319,162550899.41500336,KERALA,Pathanamthitta,Mallappally,5680,564,32,4571
4572,32,599,05681,237220.4731473686,1140172801.0476954,KERALA,Pathanamthitta,Ranni,5681,564,32,4572
4573,32,599,05682,207003.60515646794,928350594.8133479,KERALA,Pathanamthitta,Kozhenchery,5682,564,32,4573
4574,32,599,05683,133720.0314373865,338172268.0694578,KERALA,Pathanamthitta,Adoor,5683,564,32,4574
4575,32,600,05684,85425.70104451955,179022739.0713173,KERALA,Kollam,Karunagappally,5684,559,32,4575
4576,32,600,05685,74883.97186618109,144624304.40739584,KERALA,Kollam,Kunnathur,5685,559,32,4576
4577,32,600,05686,260603.81030999988,1477013181.3979678,KERALA,Kollam,Pathanapuram,5686,559,32,4577
4578,32,600,05687,115481.12669697862,371661812.10130763,KERALA,Kollam,Kottarakkara,5687,559,32,4578
4579,32,600,05688,114461.30432079798,392267603.26481754,KERALA,Kollam,Kollam,5688,559,32,4579
4580,32,601,05689,123029.15344104171,390155489.4635607,KERALA,Thiruvananthapuram,Chirayinkeezhu,5689,565,32,4580
4581,32,601,05690,173792.89998906228,955962787.0122634,KERALA,Thiruvananthapuram,Nedumangad,5690,565,32,4581
4582,32,601,05691,112471.1568885417,317606069.2433645,KERALA,Thiruvananthapuram,Thiruvananthapuram,5691,565,32,4582
4583,32,601,05692,179088.9639107333,583589084.6265286,KERALA,Thiruvananthapuram,Neyyattinkara,5692,565,32,4583
1,38,003, ,2109633.451613324,111879308978.11989,LADAKH,Leh, ,,9,37,1
11,38,003,00010,1409043.0246564704,42048919786.89564,LADAKH,Leh,Leh,10,9,37,11
12,38,003,00011,671413.9257855256,22139367602.02376,LADAKH,Leh,Nubra,11,9,37,12
13,38,003,00012,454404.6739344132,6005700862.7664995,LADAKH,Leh,Khalsi,12,9,37,13
15,38,004,00014,367040.164581614,5233694849.722759,LADAKH,Kargil,Sanku,14,6,37,15
16,38,004,00015,632097.7593397321,9619161281.59221,LADAKH,Kargil,Zanskar,15,6,37,16
5967,38,003, ,1236998.919455601,49605988974.152596,LADAKH,Leh, ,,9,37,5967
5968,38,004,00013,489335.25198982575,5291673596.606221,LADAKH,Kargil,Kargil,13,6,37,5968
4511,31,587,05620,6970.6318057501385,2779039.2013343093,LAKSHADWEEP,Lakshadweep,Amini,5620,553,31,4511
4512,31,587,05621,1553.974034766721,129304.4673691251,LAKSHADWEEP,Lakshadweep,Bitra,5621,553,31,4512
4513,31,587,05622,6034.377074863824,1123259.397342867,LAKSHADWEEP,Lakshadweep,Chetlat,5622,553,31,4513
4514,31,587,05623,7910.612188946292,1749600.8535530432,LAKSHADWEEP,Lakshadweep,Kiltan,5623,553,31,4514
4515,31,587,05624,19075.18006011634,3324524.192456679,LAKSHADWEEP,Lakshadweep,Kadmat,5624,553,31,4515
4516,31,587,05625,20754.004574350394,4682360.179507257,LAKSHADWEEP,Lakshadweep,Kavaratti,5625,553,31,4516
4517,31,587,05626,28268.9867455536,4289971.599362909,LAKSHADWEEP,Lakshadweep,Agatti,5626,553,31,4517
4518,31,587,05627,10825.639266712775,5164891.897219878,LAKSHADWEEP,Lakshadweep,Andrott,5627,553,31,4518
4519,31,587,05628,21409.64901601841,3044671.6424479084,LAKSHADWEEP,Lakshadweep,Kalpeni,5628,553,31,4519
4520,31,587,05629,23401.69832388817,4821103.560605906,LAKSHADWEEP,Lakshadweep,Minicoy,5629,553,31,4520
3400,23,418,03380,363358.7154381702,2074680973.245617,MADHYA PRADESH,Sheopur,Vijaypur,3380,431,23,3400
3401,23,418,03381,184011.4851041403,1462472712.8208838,MADHYA PRADESH,Sheopur,Beerpur,3381,431,23,3401
3402,23,418,03382,237498.0285877026,1355137741.9585757,MADHYA PRADESH,Sheopur,Sheopur,3382,431,23,3402
3403,23,418,03383,137342.24234765887,563687772.3805485,MADHYA PRADESH,Sheopur,Badoda,3383,431,23,3403
3404,23,418,03384,371740.2554875917,2723455004.109619,MADHYA PRADESH,Sheopur,Karahal,3384,431,23,3404
3405,23,419,03385,191672.80473564347,673997440.2138988,MADHYA PRADESH,Morena,Ambah,3385,417,23,3405
3406,23,419,03386,174297.62084366503,660410890.4767368,MADHYA PRADESH,Morena,Porsa,3386,417,23,3406
3407,23,419,03387,237222.40223790242,1341313440.658955,MADHYA PRADESH,Morena,Morena,3387,417,23,3407
3408,23,419,03388,465817.4027801982,1973023949.079091,MADHYA PRADESH,Morena,Joura,3388,417,23,3408
3409,23,419,03389,172177.69554751497,632443024.6401097,MADHYA PRADESH,Morena,Kailaras,3389,417,23,3409
3410,23,419,03390,204836.2203051472,961282462.5998775,MADHYA PRADESH,Morena,Sabalgarh,3390,417,23,3410
3411,23,420,03391,138018.74945391522,562868117.913886,MADHYA PRADESH,Bhind,Ater,3391,395,23,3411
3412,23,420,03392,247637.59939251433,1160406287.4433773,MADHYA PRADESH,Bhind,Bhind,3392,395,23,3412
3413,23,420,03393,192038.59814918315,800289384.3546805,MADHYA PRADESH,Bhind,Mehgaon,3393,395,23,3413
3414,23,420,03394,128885.16848687963,419329546.36440223,MADHYA PRADESH,Bhind,Gormi,3394,395,23,3414
3415,23,420,03395,290901.83513170556,1289962073.3302135,MADHYA PRADESH,Bhind,Gohad,3395,395,23,3415
3416,23,420,03396,135676.73421488554,331902358.4313311,MADHYA PRADESH,Bhind,Ron,3396,395,23,3416
3417,23,420,03397,154007.36408202938,316425600.52904415,MADHYA PRADESH,Bhind,Mihona,3397,395,23,3417
3418,23,420,03398,223602.1774950726,709601307.050448,MADHYA PRADESH,Bhind,Lahar,3398,395,23,3418
3419,23,421,03399,467536.32126943185,3324875728.49147,MADHYA PRADESH,Gwalior,Gird,3399,407,23,3419
3420,23,421,03400,238140.39088117963,1225354688.0309284,MADHYA PRADESH,Gwalior,Pichhore,3400,407,23,3420
3421,23,421,03401,209257.4218842491,561001432.3894821,MADHYA PRADESH,Gwalior,Bhitarwar,3401,407,23,3421
3422,23,421,03402,161202.05096610964,564820716.8466964,MADHYA PRADESH,Gwalior,Chinour,3402,407,23,3422
3423,23,422,03403,197046.52312435574,604156493.348107,MADHYA PRADESH,Datia,Seondha,3403,401,23,3423
3424,23,422,03404,166711.60354742798,570148935.6247076,MADHYA PRADESH,Datia,Indergarh,3404,401,23,3424
3425,23,422,03405,407914.4288671443,1374093781.3283222,MADHYA PRADESH,Datia,Datia,3405,401,23,3425
3426,23,422,03406,269901.1497724679,766006342.6991739,MADHYA PRADESH,Datia,Bhander,3406,401,23,3426
3427,23,423,03407,399143.5448010173,1957782594.649432,MADHYA PRADESH,Shivpuri,Pohri,3407,432,23,3427
3428,23,423,03408,322563.1701881464,2443489046.9925203,MADHYA PRADESH,Shivpuri,Shivpuri,3408,432,23,3428
3429,23,423,03409,269370.7260017634,1183474767.418491,MADHYA PRADESH,Shivpuri,Narwar,3409,432,23,3429
3430,23,423,03410,277874.9042628216,1274207025.364293,MADHYA PRADESH,Shivpuri,Karera,3410,432,23,3430
3431,23,423,03411,343014.28152388474,1579602179.862552,MADHYA PRADESH,Shivpuri,Kolaras,3411,432,23,3431
3432,23,423,03412,427436.9231073685,1264873770.584201,MADHYA PRADESH,Shivpuri,Badarwas,3412,432,23,3432
3433,23,423,03413,310094.60823158163,1764155206.5710132,MADHYA PRADESH,Shivpuri,Pichhore,3413,432,23,3433
3434,23,423,03414,205045.3627226924,1191410063.2344382,MADHYA PRADESH,Shivpuri,Khaniyadhana,3414,432,23,3434
3435,23,782,03415,273535.43790140585,488908860.5131599,MADHYA PRADESH,Niwari,Niwari,3415,722,23,3435
3436,23,782,03416,142270.561004185,242575061.11828098,MADHYA PRADESH,Niwari,Orchha,3416,722,23,3436
3437,23,782,03417,222708.73617091507,887204860.6969666,MADHYA PRADESH,Niwari,Prithvipur,3417,722,23,3437
3438,23,424,03418,194382.41019373055,886082966.6866035,MADHYA PRADESH,Tikamgarh,Jatara,3418,434,23,3438
3439,23,424,03419,109168.4987430603,437110322.47579646,MADHYA PRADESH,Tikamgarh,Mohangarh,3419,434,23,3439
3440,23,424,03420,306980.94275399216,1008188571.0386695,MADHYA PRADESH,Tikamgarh,Palera,3420,434,23,3440
3441,23,424,03421,198878.7109927844,607031221.0739982,MADHYA PRADESH,Tikamgarh,Baldeogarh,3421,434,23,3441
3442,23,424,03422,148317.4800739928,493266529.05540454,MADHYA PRADESH,Tikamgarh,Khargapur,3422,434,23,3442
3443,23,424,03423,264160.9235499405,1105069698.988498,MADHYA PRADESH,Tikamgarh,Tikamgarh,3423,434,23,3443
3444,23,425,03424,193402.1643437794,1130169028.5382159,MADHYA PRADESH,Chhatarpur,Gaurihar,3424,398,23,3444
3445,23,425,03425,140020.37403348807,492632685.2384045,MADHYA PRADESH,Chhatarpur,Laundi,3425,398,23,3445
3446,23,425,03426,140744.45548183,555248192.4736342,MADHYA PRADESH,Chhatarpur,Chandla,3426,398,23,3446
3447,23,425,03427,364436.4337606698,650173023.896945,MADHYA PRADESH,Chhatarpur,Nowgong,3427,398,23,3447
3448,23,425,03428,130564.69536196825,469982218.57794744,MADHYA PRADESH,Chhatarpur,Maharajpur,3428,398,23,3448
3449,23,425,03429,238493.81137145718,1298777435.9939744,MADHYA PRADESH,Chhatarpur,Chhatarpur,3429,398,23,3449
3450,23,425,03430,265505.02712352533,1694732788.523759,MADHYA PRADESH,Chhatarpur,Rajnagar,3430,398,23,3450
3451,23,425,03431,216006.87021683506,715708997.8217463,MADHYA PRADESH,Chhatarpur,Bada Malhera,3431,398,23,3451
3452,23,425,03432,155150.49651304333,541100361.8013436,MADHYA PRADESH,Chhatarpur,Ghuwara,3432,398,23,3452
3453,23,425,03433,367997.6115925019,1893899440.7282937,MADHYA PRADESH,Chhatarpur,Bijawar,3433,398,23,3453
3454,23,425,03434,258657.6885230788,1129850244.0006554,MADHYA PRADESH,Chhatarpur,Buxwaha,3434,398,23,3454
3455,23,426,03435,347502.87694680394,894602287.7943927,MADHYA PRADESH,Panna,Ajaigarh,3435,420,23,3455
3456,23,426,03436,459780.1443507013,1923836554.460274,MADHYA PRADESH,Panna,Panna,3436,420,23,3456
3457,23,426,03437,167465.7148180893,335706371.2264104,MADHYA PRADESH,Panna,Devendranagar,3437,420,23,3457
3458,23,426,03438,197714.5004227485,673730110.2459732,MADHYA PRADESH,Panna,Gunnor,3438,420,23,3458
3459,23,426,03439,137345.54674492267,713101101.1491132,MADHYA PRADESH,Panna,Amanganj,3439,420,23,3459
3460,23,426,03440,404328.3871615206,1906909393.1611307,MADHYA PRADESH,Panna,Pawai,3440,420,23,3460
3461,23,426,03441,311600.7344860339,1277922313.3874679,MADHYA PRADESH,Panna,Shahnagar,3441,420,23,3461
3462,23,426,03442,219006.4058243875,853237564.437549,MADHYA PRADESH,Panna,Raipura,3442,420,23,3462
3463,23,427,03443,207435.2696876628,887470753.7332504,MADHYA PRADESH,Sagar,Bina,3443,425,23,3463
3464,23,427,03444,214059.87936563572,897817866.284384,MADHYA PRADESH,Sagar,Khurai,3444,425,23,3464
3465,23,427,03445,241339.918057553,1157408667.9820993,MADHYA PRADESH,Sagar,Malthon,3445,425,23,3465
3466,23,427,03446,312745.2085973911,1248716260.2000465,MADHYA PRADESH,Sagar,Banda,3446,425,23,3466
3467,23,427,03447,298529.809372656,1001754472.6899395,MADHYA PRADESH,Sagar,Shahgarh,3447,425,23,3467
3468,23,427,03448,272817.5745824213,755156726.3201009,MADHYA PRADESH,Sagar,Rahatgarh,3448,425,23,3468
3469,23,427,03449,434886.49439541134,2591194732.3965807,MADHYA PRADESH,Sagar,Sagar,3449,425,23,3469
3470,23,427,03450,182720.15669252843,540463153.6129133,MADHYA PRADESH,Sagar,Garhakota,3450,425,23,3470
3471,23,427,03451,222099.3935988306,908856383.7657906,MADHYA PRADESH,Sagar,Rehli,3451,425,23,3471
3472,23,427,03452,195970.32580030704,991755650.6784599,MADHYA PRADESH,Sagar,Kesli,3452,425,23,3472
3473,23,427,03453,301816.9533965426,1351953008.5951147,MADHYA PRADESH,Sagar,Deori,3453,425,23,3473
3474,23,428,03454,252387.29013457263,1136879868.8640707,MADHYA PRADESH,Damoh,Hatta,3454,400,23,3474
3475,23,428,03455,221751.06626912992,957526507.1496427,MADHYA PRADESH,Damoh,Patera,3455,400,23,3475
3476,23,428,03456,210638.3819574381,1106703398.8515036,MADHYA PRADESH,Damoh,Batiyagarh,3456,400,23,3476
3477,23,428,03457,201505.29863124955,845920009.3927648,MADHYA PRADESH,Damoh,Patharia,3457,400,23,3477
3478,23,428,03458,260688.79138136614,1471131826.8138108,MADHYA PRADESH,Damoh,Damoh,3458,400,23,3478
3479,23,428,03459,262462.6191933241,1413908021.815834,MADHYA PRADESH,Damoh,Jabera,3459,400,23,3479
3480,23,428,03460,301333.53439067595,1832629659.3713088,MADHYA PRADESH,Damoh,Tendukheda,3460,400,23,3480
3481,23,429,03461,211243.5242160171,891014942.7292703,MADHYA PRADESH,Satna,Raghurajnagar,3461,426,23,3481
3482,23,429,03462,529586.0542009707,1628499645.3948197,MADHYA PRADESH,Satna,Majhgawan,3462,426,23,3482
3483,23,429,03463,157637.65219274155,386016548.41145855,MADHYA PRADESH,Satna,Birsinghpur,3463,426,23,3483
3484,23,429,03464,327299.5756032707,1044362692.3930426,MADHYA PRADESH,Satna,Nagod,3464,426,23,3484
3485,23,429,03465,305297.67146155215,1177892484.286565,MADHYA PRADESH,Satna,Unchahara,3465,426,23,3485
3486,23,429,03466,195956.85095285185,668006711.4456043,MADHYA PRADESH,Satna,Rampur Baghelan,3466,426,23,3486
3487,23,429,03467,117498.49392630295,409299946.42694664,MADHYA PRADESH,Satna,Kotar,3467,426,23,3487
3488,23,429,03468,185771.58748267684,834187414.6628785,MADHYA PRADESH,Satna,Amarpatan,3468,426,23,3488
3489,23,429,03469,147121.58175209412,732585767.6296197,MADHYA PRADESH,Satna,Ramnagar,3469,426,23,3489
3490,23,429,03470,441691.62824002776,1374976299.1140623,MADHYA PRADESH,Satna,Maihar,3470,426,23,3490
3491,23,430,03471,346103.2177318788,916425151.6653441,MADHYA PRADESH,Rewa,Teonthar,3471,424,23,3491
3492,23,430,03472,265494.60550142697,1003900427.9545475,MADHYA PRADESH,Rewa,Jawa,3472,424,23,3492
3493,23,430,03473,202953.00151159606,601620486.6249936,MADHYA PRADESH,Rewa,Sirmour,3473,424,23,3493
3494,23,430,03474,215854.1888877894,753876442.7343209,MADHYA PRADESH,Rewa,Mangawan,3474,424,23,3494
3495,23,430,03475,190614.67108954964,490983937.5470155,MADHYA PRADESH,Rewa,Semaria,3475,424,23,3495
3496,23,430,03476,286319.83166923537,1187501125.4128442,MADHYA PRADESH,Rewa,Hanumana,3476,424,23,3496
3497,23,430,03477,162410.89731057925,636439964.0036905,MADHYA PRADESH,Rewa,Mauganj,3477,424,23,3497
3498,23,430,03478,159907.3687110974,467127591.91647464,MADHYA PRADESH,Rewa,Naigarhi,3478,424,23,3498
3499,23,430,03479,201100.84116469376,814819490.5719697,MADHYA PRADESH,Rewa,Huzur,3479,424,23,3499
3500,23,430,03480,151923.86965569115,382415935.7144867,MADHYA PRADESH,Rewa,Raipur - Karchuliyan,3480,424,23,3500
3501,23,430,03481,131678.5135231502,414154689.3680133,MADHYA PRADESH,Rewa,Gurh,3481,424,23,3501
3502,23,431,03482,201663.59384840267,701498296.1311327,MADHYA PRADESH,Umaria,Bandhogarh,3482,436,23,3502
3503,23,431,03483,194203.54063946422,847270195.3986831,MADHYA PRADESH,Umaria,Chandia,3483,436,23,3503
3504,23,431,03484,303277.1015568612,2400176604.563058,MADHYA PRADESH,Umaria,Manpur,3484,436,23,3504
3505,23,431,03485,225241.04587914387,1061715225.3545704,MADHYA PRADESH,Umaria,Pali,3485,436,23,3505
3506,23,431,03486,150140.96117091816,449292153.0304255,MADHYA PRADESH,Umaria,Nowrozabad,3486,436,23,3506
3507,23,432,03487,245270.27516738113,845323476.1923668,MADHYA PRADESH,Neemuch,Jawad,3487,419,23,3507
3508,23,432,03488,327166.9456165559,1099806769.4935198,MADHYA PRADESH,Neemuch,Singoli,3488,419,23,3508
3509,23,432,03489,190310.50854789166,613449425.8005174,MADHYA PRADESH,Neemuch,Neemuch,3489,419,23,3509
3510,23,432,03490,122723.58446796806,427471458.7861028,MADHYA PRADESH,Neemuch,Jiran,3490,419,23,3510
3511,23,432,03491,241677.3547957572,2248033061.2212334,MADHYA PRADESH,Neemuch,Manasa,3491,419,23,3511
3512,23,433,03492,227964.3777302626,1295607119.7123547,MADHYA PRADESH,Mandsaur,Bhanpura,3492,416,23,3512
3513,23,433,03493,198345.01122778852,969402517.1197056,MADHYA PRADESH,Mandsaur,Malhargarh,3493,416,23,3513
3514,23,433,03494,196662.80591754298,736348747.7537535,MADHYA PRADESH,Mandsaur,Garoth,3494,416,23,3514
3515,23,433,03495,172333.65547776397,633777582.8528011,MADHYA PRADESH,Mandsaur,Shamgarh,3495,416,23,3515
3516,23,433,03496,237602.32421938967,1033882533.4965662,MADHYA PRADESH,Mandsaur,Mandsaur,3496,416,23,3516
3517,23,433,03497,132107.72576798103,490656139.20425993,MADHYA PRADESH,Mandsaur,Daloda,3497,416,23,3517
3518,23,433,03498,191695.0611178555,1016902593.9002492,MADHYA PRADESH,Mandsaur,Sitamau,3498,416,23,3518
3519,23,433,03499,129973.91389530037,529379782.4653386,MADHYA PRADESH,Mandsaur,Suwasara,3499,416,23,3519
3520,23,434,03500,185307.5858377691,733177541.095088,MADHYA PRADESH,Ratlam,Piploda,3500,423,23,3520
3521,23,434,03501,196445.0836915571,910817790.4726945,MADHYA PRADESH,Ratlam,Jaora,3501,423,23,3521
3522,23,434,03502,144939.80808766463,590693817.4588202,MADHYA PRADESH,Ratlam,Alot,3502,423,23,3522
3523,23,434,03503,161646.98074007215,548145160.7901951,MADHYA PRADESH,Ratlam,Tal,3503,423,23,3523
3524,23,434,03504,147240.24660098046,640212003.6278341,MADHYA PRADESH,Ratlam,Sailana,3504,423,23,3524
3525,23,434,03505,127056.36826077984,409552630.19801426,MADHYA PRADESH,Ratlam,Bajna,3505,423,23,3525
3526,23,434,03506,153960.84026979713,401109004.5395092,MADHYA PRADESH,Ratlam,Rawti,3506,423,23,3526
3527,23,434,03507,268084.239866982,1574043496.878312,MADHYA PRADESH,Ratlam,Ratlam,3507,423,23,3527
3528,23,435,03508,166371.81296463474,762539394.0956796,MADHYA PRADESH,Ujjain,Khacharod,3508,435,23,3528
3529,23,435,03509,155769.49550221153,778764081.2824227,MADHYA PRADESH,Ujjain,Nagda,3509,435,23,3529
3530,23,435,03510,208227.0112299516,1360741365.5953522,MADHYA PRADESH,Ujjain,Mahidpur,3510,435,23,3530
3531,23,435,03511,180644.21477762487,765798651.326406,MADHYA PRADESH,Ujjain,Ghatiya,3511,435,23,3531
3532,23,435,03512,313534.80272264604,1249126389.9417856,MADHYA PRADESH,Ujjain,Tarana,3512,435,23,3532
3533,23,435,03513,186307.95121439788,885806568.9807339,MADHYA PRADESH,Ujjain,Ujjain,3513,435,23,3533
3534,23,435,03514,246382.52761409697,1465173970.3720107,MADHYA PRADESH,Ujjain,Badnagar,3514,435,23,3534
3535,23,436,03519,266071.54432740936,1215048618.0732384,MADHYA PRADESH,Shajapur,Shajapur,3519,430,23,3535
3536,23,436,03520,187757.4856381284,689471399.7016991,MADHYA PRADESH,Shajapur,Gulana,3520,430,23,3536
3537,23,436,03522,210106.69545277287,996755734.7790033,MADHYA PRADESH,Shajapur,Shujalpur,3522,430,23,3537
3538,23,436,03523,206729.78238230583,973420362.4097146,MADHYA PRADESH,Shajapur,Kalapipal,3523,430,23,3538
3539,23,437,03524,176485.43579331855,758985494.8247164,MADHYA PRADESH,Dewas,Tonk Khurd,3524,402,23,3539
3540,23,437,03525,209621.83608161734,765222004.636246,MADHYA PRADESH,Dewas,Sonkatch,3525,402,23,3540
3541,23,437,03526,272741.4259796953,1185081028.1402175,MADHYA PRADESH,Dewas,Dewas,3526,402,23,3541
3542,23,437,03527,332113.66038750915,713970316.2896681,MADHYA PRADESH,Dewas,Kannod,3527,402,23,3542
3543,23,437,03528,270097.23612888606,1262681470.9380057,MADHYA PRADESH,Dewas,Satwas,3528,402,23,3543
3544,23,437,03529,433869.4331355894,1783040429.7174382,MADHYA PRADESH,Dewas,Bagli,3529,402,23,3544
3545,23,437,03530,162195.54393518367,502393674.668984,MADHYA PRADESH,Dewas,Hatpiplya,3530,402,23,3545
3546,23,437,03531,280528.486411411,1312288776.2531857,MADHYA PRADESH,Dewas,Khategaon,3531,402,23,3546
3547,23,438,03532,255236.6959693376,1243199280.8311117,MADHYA PRADESH,Dhar,Badnawar,3532,403,23,3547
3548,23,438,03533,261529.76648683174,1522003538.5972092,MADHYA PRADESH,Dhar,Sardarpur,3533,403,23,3548
3549,23,438,03534,357843.76729243813,2234923726.7253265,MADHYA PRADESH,Dhar,Dhar,3534,403,23,3549
3550,23,438,03535,194908.50151273934,863493018.6124648,MADHYA PRADESH,Dhar,Gandhwani,3535,403,23,3550
3551,23,438,03536,254951.94949925656,1461601825.6735535,MADHYA PRADESH,Dhar,Kukshi,3536,403,23,3551
3552,23,438,03537,122840.90097077875,533023962.3140674,MADHYA PRADESH,Dhar,Dahi,3537,403,23,3552
3553,23,438,03538,197095.053106249,1244373119.3389719,MADHYA PRADESH,Dhar,Manawar,3538,403,23,3553
3554,23,438,03539,152217.21542617262,499543295.11548305,MADHYA PRADESH,Dhar,Dharampuri,3539,403,23,3554
3555,23,439,03540,266543.80915301666,1037820930.9605173,MADHYA PRADESH,Indore,Depalpur,3540,410,23,3555
3556,23,439,03541,133318.57005114737,425410538.78086,MADHYA PRADESH,Indore,Hatod,3541,410,23,3556
3557,23,439,03542,203358.40665507887,765338599.5732102,MADHYA PRADESH,Indore,Sawer,3542,410,23,3557
3558,23,439,03543,271393.5523061718,1094175162.4317331,MADHYA PRADESH,Indore,Indore,3543,410,23,3558
3559,23,439,03544,217490.4661632496,1294012133.4997983,MADHYA PRADESH,Indore,Mhow,3544,410,23,3559
3560,23,440,03545,361461.0975127684,1745611619.0601923,MADHYA PRADESH,West Nimar,Barwaha,3545,414,23,3560
3561,23,440,03546,198311.68961772817,971959402.1049997,MADHYA PRADESH,West Nimar,Maheshwar,3546,414,23,3561
3562,23,440,03547,219752.4368164452,1180526278.1560206,MADHYA PRADESH,West Nimar,Kasrawad,3547,414,23,3562
3563,23,440,03548,138483.08744664528,420838208.8426973,MADHYA PRADESH,West Nimar,Segaon,3548,414,23,3563
3564,23,440,03549,200164.98323953804,1101382420.386047,MADHYA PRADESH,West Nimar,Bhikangaon,3549,414,23,3564
3565,23,440,03550,194826.83707669366,643466054.0241877,MADHYA PRADESH,West Nimar,Khargone,3550,414,23,3565
3566,23,440,03551,151779.8699380347,521173992.98517126,MADHYA PRADESH,West Nimar,Gogaon,3551,414,23,3566
3567,23,440,03552,309748.3954555274,1448626117.8418853,MADHYA PRADESH,West Nimar,Bhagwanpura,3552,414,23,3567
3568,23,440,03553,273876.76916114683,1331183832.756098,MADHYA PRADESH,West Nimar,Jhiranya,3553,414,23,3568
3569,23,441,03554,257558.43565287124,647081204.9101905,MADHYA PRADESH,Barwani,Barwani,3554,393,23,3569
3570,23,441,03555,222676.3510942711,1232158805.53919,MADHYA PRADESH,Barwani,Pati,3555,393,23,3570
3571,23,441,03556,112616.85615887828,325817791.65588266,MADHYA PRADESH,Barwani,Thikri,3556,393,23,3571
3572,23,441,03557,120628.03742256471,346358765.56507987,MADHYA PRADESH,Barwani,Anjad,3557,393,23,3572
3573,23,441,03558,229386.67460950214,872351252.6874516,MADHYA PRADESH,Barwani,Rajpur,3558,393,23,3573
3574,23,441,03559,174458.10127535707,787831039.9983763,MADHYA PRADESH,Barwani,Pansemal,3559,393,23,3574
3575,23,441,03560,136022.9859447082,405003591.0781517,MADHYA PRADESH,Barwani,Niwali,3560,393,23,3575
3576,23,441,03561,206732.02950150752,709281994.2760164,MADHYA PRADESH,Barwani,Sendhwa,3561,393,23,3576
3577,23,441,03562,183496.25391686618,1001647421.1443435,MADHYA PRADESH,Barwani,Varla,3562,393,23,3577
3578,23,442,03563,171114.47936679132,1027212671.275752,MADHYA PRADESH,Rajgarh,Jirapur,3563,422,23,3578
3579,23,442,03564,202078.64327899675,953365166.9247116,MADHYA PRADESH,Rajgarh,Khilchipur,3564,422,23,3579
3580,23,442,03565,230269.58991211475,1352211161.759301,MADHYA PRADESH,Rajgarh,Rajgarh,3565,422,23,3580
3581,23,442,03566,230410.2780020103,1383852901.8864563,MADHYA PRADESH,Rajgarh,Biaora,3566,422,23,3581
3582,23,442,03567,234075.065187907,1078476079.0531032,MADHYA PRADESH,Rajgarh,Sarangpur,3567,422,23,3582
3583,23,442,03568,183869.20730829326,1207884248.5422857,MADHYA PRADESH,Rajgarh,Narsinghgarh,3568,422,23,3583
3584,23,442,03569,127286.30399755528,405586150.8616562,MADHYA PRADESH,Rajgarh,Pachore,3569,422,23,3584
3585,23,443,03570,233199.74896139503,1184049355.2373903,MADHYA PRADESH,Vidisha,Lateri,3570,437,23,3585
3586,23,443,03571,250939.99559989097,1529118007.0102615,MADHYA PRADESH,Vidisha,Sironj,3571,437,23,3586
3587,23,443,03572,282408.97548501,1001712301.9052289,MADHYA PRADESH,Vidisha,Kurwai,3572,437,23,3587
3588,23,443,03573,266566.9290934653,1013416724.0374854,MADHYA PRADESH,Vidisha,Basoda,3573,437,23,3588
3589,23,443,03574,174556.1345278505,474027032.17671466,MADHYA PRADESH,Vidisha,Tyonda,3574,437,23,3589
3590,23,443,03575,150300.00173361148,574349245.0179377,MADHYA PRADESH,Vidisha,Nateran,3575,437,23,3590
3591,23,443,03576,174606.73552835023,702905031.1442657,MADHYA PRADESH,Vidisha,Shamshabad,3576,437,23,3591
3592,23,443,03577,162857.35310892083,610967418.3465694,MADHYA PRADESH,Vidisha,Gyaraspur,3577,437,23,3592
3593,23,443,03578,142044.75042460617,415044165.40137875,MADHYA PRADESH,Vidisha,Gulabganj,3578,437,23,3593
3594,23,443,03579,287839.02082396706,1268445764.682502,MADHYA PRADESH,Vidisha,Vidisha,3579,437,23,3594
3595,23,444,03580,250136.80662990885,1686050451.585437,MADHYA PRADESH,Bhopal,Berasia,3580,396,23,3595
3596,23,444,03581,246677.57169262384,1618181791.6865594,MADHYA PRADESH,Bhopal,Huzur,3581,396,23,3596
3597,23,445,03582,215763.7936786222,1015327800.2642361,MADHYA PRADESH,Sehore,Sehore,3582,427,23,3597
3598,23,445,03583,179794.5788276272,878378644.9299333,MADHYA PRADESH,Sehore,Shyampur,3583,427,23,3598
3599,23,445,03584,263427.6963474328,1067686345.3439515,MADHYA PRADESH,Sehore,Ashta,3584,427,23,3599
3600,23,445,03585,195739.27438441262,650007874.6951696,MADHYA PRADESH,Sehore,Jawar,3585,427,23,3600
3601,23,445,03586,313553.6228006362,1360009838.597508,MADHYA PRADESH,Sehore,Ichhawar,3586,427,23,3601
3602,23,445,03587,206192.28427391718,1264431141.9156573,MADHYA PRADESH,Sehore,Nasrullaganj,3587,427,23,3602
3603,23,445,03588,216631.14786273794,726888265.935114,MADHYA PRADESH,Sehore,Budni,3588,427,23,3603
3604,23,445,03589,165291.47617990008,824311186.6416677,MADHYA PRADESH,Sehore,Rehti,3589,427,23,3604
3605,23,446,03590,279512.1043183991,1622394264.3662512,MADHYA PRADESH,Raisen,Raisen,3590,421,23,3605
3606,23,446,03591,241622.0124320131,1097233185.5420752,MADHYA PRADESH,Raisen,Gairatganj,3591,421,23,3606
3607,23,446,03592,318079.1857221933,1086278033.6026206,MADHYA PRADESH,Raisen,Begamganj,3592,421,23,3607
3608,23,446,03593,280746.68467432266,2087372834.454321,MADHYA PRADESH,Raisen,Goharganj,3593,421,23,3608
3609,23,446,03594,152579.63177257357,650486779.2461584,MADHYA PRADESH,Raisen,Baraily,3594,421,23,3609
3610,23,446,03595,275101.1694450091,1044492862.3483273,MADHYA PRADESH,Raisen,Badi,3595,421,23,3610
3611,23,446,03596,271832.02549392474,1532648821.5669458,MADHYA PRADESH,Raisen,Silwani,3596,421,23,3611
3612,23,446,03597,195646.9364710652,963607196.3068281,MADHYA PRADESH,Raisen,Udaipura,3597,421,23,3612
3613,23,447,03598,488149.39096896176,2988458869.776959,MADHYA PRADESH,Betul,Bhainsdehi,3598,394,23,3613
3614,23,447,03599,216260.5971729391,977035302.2765379,MADHYA PRADESH,Betul,Athner,3599,394,23,3614
3615,23,447,03600,265545.6283504941,1285238991.0537295,MADHYA PRADESH,Betul,Betul,3600,394,23,3615
3616,23,447,03601,264774.6473564201,843936095.3163271,MADHYA PRADESH,Betul,Chicholi,3601,394,23,3616
3617,23,447,03602,251282.10050464596,1570463027.2639287,MADHYA PRADESH,Betul,Ghoda Dongri,3602,394,23,3617
3618,23,447,03603,250095.4587246607,1123389159.98573,MADHYA PRADESH,Betul,Shahpur,3603,394,23,3618
3619,23,447,03604,298511.97400039807,2109772300.410965,MADHYA PRADESH,Betul,Multai,3604,394,23,3619
3620,23,447,03605,226719.99227441938,838602389.2480237,MADHYA PRADESH,Betul,Amla,3605,394,23,3620
3621,23,448,03606,152117.8704684595,450706285.8845085,MADHYA PRADESH,Harda,Khirkiya,3606,408,23,3621
3622,23,448,03607,131111.159468593,587582335.7125945,MADHYA PRADESH,Harda,Sirali,3607,408,23,3622
3623,23,448,03608,169111.1082823208,543407633.8361,MADHYA PRADESH,Harda,Harda,3608,408,23,3623
3624,23,448,03609,143986.32259436738,634901903.4197769,MADHYA PRADESH,Harda,Handiya,3609,408,23,3624
3625,23,448,03610,141915.72523673964,398663814.6939026,MADHYA PRADESH,Harda,Timarni,3610,408,23,3625
3626,23,448,03611,251080.41845226884,1297113447.94792,MADHYA PRADESH,Harda,Rehatgaon,3611,408,23,3626
3627,23,449,03612,259432.38389568156,1514576375.1776552,MADHYA PRADESH,Hoshangabad,Seoni-Malwa,3612,409,23,3627
3628,23,449,03613,212807.1293181864,1147761326.0579238,MADHYA PRADESH,Hoshangabad,Itarsi,3613,409,23,3628
3629,23,449,03614,108257.51015084161,279829579.69643164,MADHYA PRADESH,Hoshangabad,Hoshangabad,3614,409,23,3629
3630,23,449,03615,120042.23942961144,338251074.18825465,MADHYA PRADESH,Hoshangabad,Dolariya,3615,409,23,3630
3631,23,449,03616,174341.03013967455,686890411.8891828,MADHYA PRADESH,Hoshangabad,Babai,3616,409,23,3631
3632,23,449,03617,298982.5969448586,1894735676.8188012,MADHYA PRADESH,Hoshangabad,Sohagpur,3617,409,23,3632
3633,23,449,03618,286672.61765636166,1268698130.0876813,MADHYA PRADESH,Hoshangabad,Pipariya,3618,409,23,3633
3634,23,449,03619,201685.5397332325,749998107.2158432,MADHYA PRADESH,Hoshangabad,Bankhedi,3619,409,23,3634
3635,23,450,03620,196817.58993741887,742792973.0685657,MADHYA PRADESH,Katni,Murwara,3620,413,23,3635
3636,23,450,03621,202325.01878102473,842928917.5576768,MADHYA PRADESH,Katni,Rithi,3621,413,23,3636
3637,23,450,03622,138656.59260925022,624753244.2616521,MADHYA PRADESH,Katni,Barhi,3622,413,23,3637
3638,23,450,03623,158596.2333418915,598479235.9389303,MADHYA PRADESH,Katni,Badwara,3623,413,23,3638
3639,23,450,03624,278023.7698322286,890922372.6053826,MADHYA PRADESH,Katni,Vijayraghavgarh,3624,413,23,3639
3640,23,450,03625,228914.64343648206,1153816694.7984104,MADHYA PRADESH,Katni,Bahoriband,3625,413,23,3640
3641,23,450,03626,241440.03062390775,1226795980.0976791,MADHYA PRADESH,Katni,Dhimarkheda,3626,413,23,3641
3642,23,451,03627,163774.9302367671,554235540.9401255,MADHYA PRADESH,Jabalpur,Sihora,3627,411,23,3642
3643,23,451,03628,225385.93146006932,751197711.5934408,MADHYA PRADESH,Jabalpur,Majholi,3628,411,23,3643
3644,23,451,03629,189149.92666655246,707128865.9136509,MADHYA PRADESH,Jabalpur,Patan,3629,411,23,3644
3645,23,451,03630,250965.7910647327,1019735722.6826179,MADHYA PRADESH,Jabalpur,Shahpura,3630,411,23,3645
3646,23,451,03631,296198.8429400904,1183458497.4052794,MADHYA PRADESH,Jabalpur,Jabalpur,3631,411,23,3646
3647,23,451,03632,225523.07403728427,703753945.1784308,MADHYA PRADESH,Jabalpur,Panagar,3632,411,23,3647
3648,23,451,03633,275942.0871179391,1144671199.6958497,MADHYA PRADESH,Jabalpur,Kundam,3633,411,23,3648
3649,23,452,03634,175636.37526527944,1090342692.347587,MADHYA PRADESH,Narsimhapur,Gotegaon,3634,418,23,3649
3650,23,452,03635,309921.21880172554,2258367635.2723713,MADHYA PRADESH,Narsimhapur,Gadarwara,3635,418,23,3650
3651,23,452,03636,350501.0428594344,1423345691.9220026,MADHYA PRADESH,Narsimhapur,Narsimhapur,3636,418,23,3651
3652,23,452,03637,256616.44921238176,768431813.0924864,MADHYA PRADESH,Narsimhapur,Kareli,3637,418,23,3652
3653,23,452,03638,141912.402169439,543216583.79437,MADHYA PRADESH,Narsimhapur,Tendukheda,3638,418,23,3653
3654,23,453,03639,300701.4900182741,1996376737.221541,MADHYA PRADESH,Dindori,Shahpura,3639,404,23,3654
3655,23,453,03640,552030.5900567677,4810840207.070705,MADHYA PRADESH,Dindori,Dindori,3640,404,23,3655
3656,23,454,03641,194545.18149964372,1125805414.8028095,MADHYA PRADESH,Mandla,Niwas,3641,415,23,3656
3657,23,454,03642,206112.49498650624,1227385943.1754339,MADHYA PRADESH,Mandla,Narayanganj,3642,415,23,3657
3658,23,454,03643,194818.11831637376,950846203.3953165,MADHYA PRADESH,Mandla,Mandla,3643,415,23,3658
3659,23,454,03644,275069.8219940763,1470516067.341158,MADHYA PRADESH,Mandla,Ghughari,3644,415,23,3659
3660,23,454,03645,424615.7427145693,3012362977.649674,MADHYA PRADESH,Mandla,Bichhiya,3645,415,23,3660
3661,23,454,03646,204421.7271753517,1071710754.9329417,MADHYA PRADESH,Mandla,Nainpur,3646,415,23,3661
3662,23,455,03647,309070.4450884302,1687512859.7977672,MADHYA PRADESH,Chhindwara,Tamia,3647,399,23,3662
3663,23,455,03648,251720.69733646244,1104235195.6766136,MADHYA PRADESH,Chhindwara,Amarwara,3648,399,23,3663
3664,23,455,03649,317510.15991801204,1986341196.097023,MADHYA PRADESH,Chhindwara,Harrai,3649,399,23,3664
3665,23,455,03650,223230.4833838452,1193040288.104562,MADHYA PRADESH,Chhindwara,Chaurai,3650,399,23,3665
3666,23,455,03651,310357.0957167075,1720443221.7991645,MADHYA PRADESH,Chhindwara,Jamai,3651,399,23,3666
3667,23,455,03652,177875.29421945353,503333668.06046504,MADHYA PRADESH,Chhindwara,Parasia,3652,399,23,3667
3668,23,455,03653,182391.14054484185,477974975.5948296,MADHYA PRADESH,Chhindwara,Umreth,3653,399,23,3668
3669,23,455,03654,224087.199684606,761943499.8945549,MADHYA PRADESH,Chhindwara,Chhindwara,3654,399,23,3669
3670,23,455,03655,300002.23729419167,1130274856.1389017,MADHYA PRADESH,Chhindwara,Mohkhed,3655,399,23,3670
3671,23,455,03656,227002.27558862153,977028506.4064393,MADHYA PRADESH,Chhindwara,Sausar,3656,399,23,3671
3672,23,455,03657,181487.61675066108,911498831.9998804,MADHYA PRADESH,Chhindwara,Bichhua,3657,399,23,3672
3673,23,455,03658,296040.4146179324,1380793013.8418038,MADHYA PRADESH,Chhindwara,Pandhurna,3658,399,23,3673
3674,23,456,03659,382254.97794490383,1755762275.4983983,MADHYA PRADESH,Seoni,Lakhnadon,3659,428,23,3674
3675,23,456,03660,324996.1779046713,1053743816.877687,MADHYA PRADESH,Seoni,Chhapara,3660,428,23,3675
3676,23,456,03661,283547.96441497,1289366295.58587,MADHYA PRADESH,Seoni,Ghansaur,3661,428,23,3676
3677,23,456,03662,172183.61468860263,651653990.3997281,MADHYA PRADESH,Seoni,Dhanora,3662,428,23,3677
3678,23,456,03663,254806.42497711556,1292462058.018478,MADHYA PRADESH,Seoni,Keolari,3663,428,23,3678
3679,23,456,03664,271292.2617933971,1653187413.584175,MADHYA PRADESH,Seoni,Seoni,3664,428,23,3679
3680,23,456,03665,198942.77516497744,922451706.0437224,MADHYA PRADESH,Seoni,Barghat,3665,428,23,3680
3681,23,456,03666,250931.34647960684,1668021198.8632514,MADHYA PRADESH,Seoni,Kurai,3666,428,23,3681
3682,23,457,03667,121396.22830259593,321798221.76139057,MADHYA PRADESH,Balaghat,Katangi,3667,392,23,3682
3683,23,457,03668,150721.1169664456,503571643.45936114,MADHYA PRADESH,Balaghat,Tirodi,3668,392,23,3683
3684,23,457,03669,154221.91448136602,547736727.2076072,MADHYA PRADESH,Balaghat,Waraseoni,3669,392,23,3684
3685,23,457,03670,164006.43504263562,565636414.3574367,MADHYA PRADESH,Balaghat,Khairlanji,3670,392,23,3685
3686,23,457,03671,172908.28474675014,847022784.1105355,MADHYA PRADESH,Balaghat,Lalbarra,3671,392,23,3686
3687,23,457,03672,273550.3770884129,1328336334.63539,MADHYA PRADESH,Balaghat,Balaghat,3672,392,23,3687
3688,23,457,03673,221904.62378224003,930183274.4298388,MADHYA PRADESH,Balaghat,Kirnapur,3673,392,23,3688
3689,23,457,03674,445433.8142152986,3252787899.92872,MADHYA PRADESH,Balaghat,Baihar,3674,392,23,3689
3690,23,457,03675,238705.71567278676,1468143398.625405,MADHYA PRADESH,Balaghat,Paraswada,3675,392,23,3690
3691,23,457,03676,227478.69814260773,1023042204.6232679,MADHYA PRADESH,Balaghat,Lanji,3676,392,23,3691
3692,23,458,03677,333909.4800609048,2044679257.9022892,MADHYA PRADESH,Guna,Guna,3677,406,23,3692
3693,23,458,03678,307143.231958482,1833701937.0541306,MADHYA PRADESH,Guna,Bamori,3678,406,23,3693
3694,23,458,03679,170326.8366213214,772384568.7681805,MADHYA PRADESH,Guna,Raghogarh,3679,406,23,3694
3695,23,458,03680,197497.2569848452,732687371.1166626,MADHYA PRADESH,Guna,Maksoodangarh,3680,406,23,3695
3696,23,458,03681,153720.01665205281,743476128.1505529,MADHYA PRADESH,Guna,Kumbhraj,3681,406,23,3696
3697,23,458,03682,251776.6640175997,887990463.8751194,MADHYA PRADESH,Guna,Aron,3682,406,23,3697
3698,23,458,03683,150181.10376809485,733492569.608785,MADHYA PRADESH,Guna,Chachaura,3683,406,23,3698
3699,23,459,03684,258346.60386057067,1413315182.649316,MADHYA PRADESH,Ashoknagar,Isagarh,3684,391,23,3699
3700,23,459,03685,191293.20260585568,1251236800.003255,MADHYA PRADESH,Ashoknagar,Chanderi,3685,391,23,3700
3701,23,459,03686,281528.0645259771,997369554.2151562,MADHYA PRADESH,Ashoknagar,Ashoknagar,3686,391,23,3701
3702,23,459,03687,156939.25203024753,541004940.0309455,MADHYA PRADESH,Ashoknagar,Shadhora,3687,391,23,3702
3703,23,459,03688,213096.8762643249,1552202779.1382425,MADHYA PRADESH,Ashoknagar,Mungaoli,3688,391,23,3703
3704,23,460,03689,246323.04784877755,1346774393.5839548,MADHYA PRADESH,Shahdol,Beohari,3689,429,23,3704
3705,23,460,03690,249123.28825544025,1837339357.3952975,MADHYA PRADESH,Shahdol,Jaisinghnagar,3690,429,23,3705
3706,23,460,03691,395906.981734134,2156070187.605344,MADHYA PRADESH,Shahdol,Sohagpur,3691,429,23,3706
3707,23,460,03692,244351.87306990434,1457582824.6729665,MADHYA PRADESH,Shahdol,Jaitpur,3692,429,23,3707
3708,23,461,03693,209383.7083684514,967030235.4076786,MADHYA PRADESH,Anuppur,Kotma,3693,390,23,3708
3709,23,461,03694,219032.65920946866,807094240.7579937,MADHYA PRADESH,Anuppur,Anuppur,3694,390,23,3709
3710,23,461,03695,138598.36205524916,616210687.5569824,MADHYA PRADESH,Anuppur,Jaithari,3695,390,23,3710
3711,23,461,03696,367733.39258293394,2081282456.4482012,MADHYA PRADESH,Anuppur,Pushparajgarh,3696,390,23,3711
3712,23,462,03697,161112.63411376986,765281848.5442588,MADHYA PRADESH,Sidhi,Rampur Naikin,3697,433,23,3712
3713,23,462,03698,143676.83566070802,401564176.98663515,MADHYA PRADESH,Sidhi,Churhat,3698,433,23,3713
3714,23,462,03699,203951.97139060256,1047628812.3201104,MADHYA PRADESH,Sidhi,Gopadbanas,3699,433,23,3714
3715,23,462,03700,188549.76498063485,923630813.9834459,MADHYA PRADESH,Sidhi,Sihawal,3700,433,23,3715
3716,23,462,03701,206926.93894535504,842281482.3785475,MADHYA PRADESH,Sidhi,Majhauli,3701,433,23,3716
3717,23,462,03702,304004.85086067975,1787186848.8303487,MADHYA PRADESH,Sidhi,Kusmi,3702,433,23,3717
3718,23,463,03703,348711.2229168595,2385136033.187783,MADHYA PRADESH,Singrauli,Chitrangi,3703,638,23,3718
3719,23,463,03704,277649.86620983604,2227059532.08602,MADHYA PRADESH,Singrauli,Deosar,3704,638,23,3719
3720,23,463,03705,293302.4497789852,2324920960.4453516,MADHYA PRADESH,Singrauli,Singrauli,3705,638,23,3720
3721,23,464,03706,225482.81512723866,647872091.4599444,MADHYA PRADESH,Jhabua,Thandla,3706,412,23,3721
3722,23,464,03707,174009.15263342817,1132214588.8209069,MADHYA PRADESH,Jhabua,Petlawad,3707,412,23,3722
3723,23,464,03708,199104.58210869654,598920440.4248898,MADHYA PRADESH,Jhabua,Meghnagar,3708,412,23,3723
3724,23,464,03709,239535.80077855004,1228357598.3076112,MADHYA PRADESH,Jhabua,Jhabua,3709,412,23,3724
3725,23,464,03710,136594.83682705605,469324532.2928018,MADHYA PRADESH,Jhabua,Ranapur,3710,412,23,3725
3726,23,465,03711,116819.45412844727,411684344.55691755,MADHYA PRADESH,Alirajpur,Bhavra,3711,639,23,3726
3727,23,465,03712,243433.99657173853,876559370.9216641,MADHYA PRADESH,Alirajpur,Jobat,3712,639,23,3727
3728,23,465,03713,457067.4566488688,2628141805.9633527,MADHYA PRADESH,Alirajpur,Alirajpur,3713,639,23,3728
3729,23,466,03714,263464.9153188757,1441976786.9094625,MADHYA PRADESH,East Nimar,Harsud,3714,405,23,3729
3730,23,466,03715,298554.6142580902,2471047914.350687,MADHYA PRADESH,East Nimar,Khalwa,3715,405,23,3730
3731,23,466,03716,333577.10230984836,2207733292.4415207,MADHYA PRADESH,East Nimar,Khandwa,3716,405,23,3731
3732,23,466,03717,359071.3027410187,1804292338.6010723,MADHYA PRADESH,East Nimar,Punasa,3717,405,23,3732
3733,23,466,03718,190923.47463280286,806683676.9537798,MADHYA PRADESH,East Nimar,Pandhana,3718,405,23,3733
3734,23,467,03719,239321.05721517943,1148799796.4845572,MADHYA PRADESH,Burhanpur,Burhanpur,3719,397,23,3734
3735,23,467,03720,208684.28538453375,1084424792.6766179,MADHYA PRADESH,Burhanpur,Khaknar,3720,397,23,3735
3736,23,467,03721,278021.2389759451,1511258282.8806396,MADHYA PRADESH,Burhanpur,Nepanagar,3721,397,23,3736
3737,23,724,03515,188867.4751745782,813510249.5979183,MADHYA PRADESH,Agar Malwa,Susner,3515,667,23,3737
3738,23,724,03516,178675.11116814043,977032212.1095126,MADHYA PRADESH,Agar Malwa,Nalkheda,3516,667,23,3738
3739,23,724,03517,217138.93174469072,871987748.5111995,MADHYA PRADESH,Agar Malwa,Badod,3517,667,23,3739
3740,23,724,03518,189672.99392334238,873170871.4583206,MADHYA PRADESH,Agar Malwa,Agar,3518,667,23,3740
3969,27,497,03950,229977.36675057645,1084474243.3320394,MAHARASHTRA,Nandurbar,Akkalkuwa,3950,486,27,3969
3970,27,497,03951,206186.733325883,1498276430.8190267,MAHARASHTRA,Nandurbar,Akrani,3951,486,27,3970
3971,27,497,03952,162472.06138922216,514190877.86553997,MAHARASHTRA,Nandurbar,Talode,3952,486,27,3971
3972,27,497,03953,195674.9929736779,1405330314.8147514,MAHARASHTRA,Nandurbar,Shahade,3953,486,27,3972
3973,27,497,03954,212746.2490401045,1216660405.593469,MAHARASHTRA,Nandurbar,Nandurbar,3954,486,27,3973
3974,27,497,03955,273603.6828133738,1208703534.773764,MAHARASHTRA,Nandurbar,Nawapur,3955,486,27,3974
3975,27,498,03956,209090.05415677658,1751109590.4469287,MAHARASHTRA,Dhule,Shirpur,3956,474,27,3975
3976,27,498,03957,208095.00152983822,1505881643.2763698,MAHARASHTRA,Dhule,Sindkhede,3957,474,27,3976
3977,27,498,03958,337473.5059278257,2777107019.4059377,MAHARASHTRA,Dhule,Sakri,3958,474,27,3977
3978,27,498,03959,269428.0146468928,2267341649.7709856,MAHARASHTRA,Dhule,Dhule,3959,474,27,3978
3979,27,499,03960,195398.86745891953,1331068686.7752903,MAHARASHTRA,Jalgaon,Chopda,3960,478,27,3979
3980,27,499,03961,159226.9963077846,1093329130.1231759,MAHARASHTRA,Jalgaon,Yawal,3961,478,27,3980
3981,27,499,03962,172567.3996579669,1064363505.1858566,MAHARASHTRA,Jalgaon,Raver,3962,478,27,3981
3982,27,499,03963,193298.2294364725,737662044.4751633,MAHARASHTRA,Jalgaon,Muktainagar (Edlabad),3963,478,27,3982
3983,27,499,03964,123073.20801977416,439636814.30183786,MAHARASHTRA,Jalgaon,Bodvad,3964,478,27,3983
3984,27,499,03965,139635.5112828784,511619849.5282949,MAHARASHTRA,Jalgaon,Bhusawal,3965,478,27,3984
3985,27,499,03966,224197.82934237726,944024622.6806086,MAHARASHTRA,Jalgaon,Jalgaon,3966,478,27,3985
3986,27,499,03967,128904.23626720249,586043105.3973131,MAHARASHTRA,Jalgaon,Erandol,3967,478,27,3986
3987,27,499,03968,147019.53757004175,531575471.7128706,MAHARASHTRA,Jalgaon,Dharangaon,3968,478,27,3987
3988,27,499,03969,193683.6560210478,974408534.6136574,MAHARASHTRA,Jalgaon,Amalner,3969,478,27,3988
3989,27,499,03970,154645.02533126686,912334307.3131282,MAHARASHTRA,Jalgaon,Parola,3970,478,27,3989
3990,27,499,03971,137810.45272732625,554367558.6188473,MAHARASHTRA,Jalgaon,Bhadgaon,3971,478,27,3990
3991,27,499,03972,211668.33901166107,1384427969.769639,MAHARASHTRA,Jalgaon,Chalisgaon,3972,478,27,3991
3992,27,499,03973,221003.86977722283,935962174.892655,MAHARASHTRA,Jalgaon,Pachora,3973,478,27,3992
3993,27,499,03974,252910.90469256658,1538845583.98696,MAHARASHTRA,Jalgaon,Jamner,3974,478,27,3993
3994,27,500,03975,143359.5369835963,699675956.9006279,MAHARASHTRA,Buldana,Jalgaon (Jamod),3975,472,27,3994
3995,27,500,03976,179282.6013371611,732587049.4386156,MAHARASHTRA,Buldana,Sangrampur,3976,472,27,3995
3996,27,500,03977,196018.98555735042,709958936.7120793,MAHARASHTRA,Buldana,Shegaon,3977,472,27,3996
3997,27,500,03978,162367.6826859285,586765842.2265495,MAHARASHTRA,Buldana,Nandura,3978,472,27,3997
3998,27,500,03979,132353.08357784015,529985587.297972,MAHARASHTRA,Buldana,Malkapur,3979,472,27,3998
3999,27,500,03980,173119.9237711488,886545106.4591309,MAHARASHTRA,Buldana,Motala,3980,472,27,3999
4000,27,500,03981,242919.68513158,1329493879.5447752,MAHARASHTRA,Buldana,Khamgaon,3981,472,27,4000
4001,27,500,03982,278769.4174919148,1292385607.3404243,MAHARASHTRA,Buldana,Mehkar,3982,472,27,4001
4002,27,500,03983,242420.8613337891,1303472838.1273713,MAHARASHTRA,Buldana,Chikhli,3983,472,27,4002
4003,27,500,03984,193816.53076949145,893075783.7602069,MAHARASHTRA,Buldana,Buldana,3984,472,27,4003
4004,27,500,03985,154860.8455355416,546521797.4543604,MAHARASHTRA,Buldana,Deolgaon Raja,3985,472,27,4004
4005,27,500,03986,246233.47288827327,886656464.1117927,MAHARASHTRA,Buldana,Sindkhed Raja,3986,472,27,4005
4006,27,500,03987,163125.50299616894,760857787.5921898,MAHARASHTRA,Buldana,Lonar,3987,472,27,4006
4007,27,501,03988,173091.3402628009,673204094.5650531,MAHARASHTRA,Akola,Telhara,3988,467,27,4007
4008,27,501,03989,206592.41999084692,938849436.3380307,MAHARASHTRA,Akola,Akot,3989,467,27,4008
4009,27,501,03990,215655.0624580936,771565012.9032716,MAHARASHTRA,Akola,Balapur,3990,467,27,4009
4010,27,501,03991,318910.2113685492,1271434560.125077,MAHARASHTRA,Akola,Akola,3991,467,27,4010
4011,27,501,03992,221886.05285091707,880835376.130972,MAHARASHTRA,Akola,Murtijapur,3992,467,27,4011
4012,27,501,03993,156771.2756250398,806416078.3773571,MAHARASHTRA,Akola,Patur,3993,467,27,4012
4013,27,501,03994,210622.03807485642,897242486.1569344,MAHARASHTRA,Akola,Barshitakli,3994,467,27,4013
4014,27,502,03995,226482.94728346562,1047315761.3876938,MAHARASHTRA,Washim,Malegaon,3995,499,27,4014
4015,27,502,03996,204636.96175186042,900663604.9559507,MAHARASHTRA,Washim,Mangrulpir,3996,499,27,4015
4016,27,502,03997,217155.26006591035,969389925.1311533,MAHARASHTRA,Washim,Karanja,3997,499,27,4016
4017,27,502,03998,200198.71701032226,903002522.0639079,MAHARASHTRA,Washim,Manora,3998,499,27,4017
4018,27,502,03999,196338.45617461996,1051428762.667081,MAHARASHTRA,Washim,Washim,3999,499,27,4018
4019,27,502,04000,210285.61859642717,996308898.7597814,MAHARASHTRA,Washim,Risod,4000,499,27,4019
4020,27,503,04001,267873.09930930834,1767377684.2282836,MAHARASHTRA,Amravati,Dharni,4001,468,27,4020
4021,27,503,04002,378952.09129537886,2845280805.8921576,MAHARASHTRA,Amravati,Chikhaldara,4002,468,27,4021
4022,27,503,04003,150197.14900831023,612758089.1389025,MAHARASHTRA,Amravati,Anjangaon Surji,4003,468,27,4022
4023,27,503,04004,184698.7915466534,758403068.443174,MAHARASHTRA,Amravati,Achalpur,4004,468,27,4023
4024,27,503,04005,218235.86203390974,807527930.6022981,MAHARASHTRA,Amravati,Chandurbazar,4005,468,27,4024
4025,27,503,04006,197375.75849039952,931324558.2046208,MAHARASHTRA,Amravati,Morshi,4006,468,27,4025
4026,27,503,04007,165230.53454333148,862326036.0333289,MAHARASHTRA,Amravati,Warud,4007,468,27,4026
4027,27,503,04008,207306.72240943156,904124606.672184,MAHARASHTRA,Amravati,Teosa,4008,468,27,4027
4028,27,503,04009,235725.0794468877,1042485883.2656406,MAHARASHTRA,Amravati,Amravati,4009,468,27,4028
4029,27,503,04010,171479.28565648303,669886966.3701885,MAHARASHTRA,Amravati,Bhatkuli,4010,468,27,4029
4030,27,503,04011,215194.85704312523,903325113.1341888,MAHARASHTRA,Amravati,Daryapur,4011,468,27,4030
4031,27,503,04012,198835.20303665876,904671552.0671678,MAHARASHTRA,Amravati,Nandgaon-Khandeshwar,4012,468,27,4031
4032,27,503,04013,166085.4822076742,607487814.3505625,MAHARASHTRA,Amravati,Chandur Railway,4013,468,27,4032
4033,27,503,04014,134765.99955631502,500671557.6209226,MAHARASHTRA,Amravati,Dhamangaon Railway,4014,468,27,4033
4034,27,504,04015,178200.58574976062,638416435.8508495,MAHARASHTRA,Wardha,Ashti,4015,498,27,4034
4035,27,504,04016,242696.8933565036,867672276.8081809,MAHARASHTRA,Wardha,Karanja,4016,498,27,4035
4036,27,504,04017,260388.01498726255,1046652503.3049787,MAHARASHTRA,Wardha,Arvi,4017,498,27,4036
4037,27,504,04018,209713.45935857552,880644121.3093147,MAHARASHTRA,Wardha,Seloo,4018,498,27,4037
4038,27,504,04019,202204.1848768285,889724440.0107876,MAHARASHTRA,Wardha,Wardha,4019,498,27,4038
4039,27,504,04020,158289.225651448,780818477.3665757,MAHARASHTRA,Wardha,Deoli,4020,498,27,4039
4040,27,504,04021,203494.606282313,1042350714.8303621,MAHARASHTRA,Wardha,Hinganghat,4021,498,27,4040
4041,27,504,04022,205755.36861264316,1108230595.4749246,MAHARASHTRA,Wardha,Samudrapur,4022,498,27,4041
4042,27,505,04023,209481.25397107052,815652693.104778,MAHARASHTRA,Nagpur,Narkhed,4023,484,27,4042
4043,27,505,04024,204591.7219541156,1046446496.0986289,MAHARASHTRA,Nagpur,Katol,4024,484,27,4043
4044,27,505,04025,141235.45375957922,588683583.9496182,MAHARASHTRA,Nagpur,Kalameshwar,4025,484,27,4044
4045,27,505,04026,243265.36237687967,792107696.9658731,MAHARASHTRA,Nagpur,Savner,4026,484,27,4045
4046,27,505,04027,223581.10526827426,941006225.0702841,MAHARASHTRA,Nagpur,Parseoni,4027,484,27,4046
4047,27,505,04028,215371.7457832057,1365898794.6318526,MAHARASHTRA,Nagpur,Ramtek,4028,484,27,4047
4048,27,505,04029,176949.05560807826,702939395.7281586,MAHARASHTRA,Nagpur,Mauda,4029,484,27,4048
4049,27,505,04030,148806.95310664413,423343155.3061436,MAHARASHTRA,Nagpur,Kamptee,4030,484,27,4049
4050,27,505,04031,321371.1427962426,721952220.4358728,MAHARASHTRA,Nagpur,Nagpur (Rural),4031,484,27,4050
4051,27,505,04032,92913.99176011965,248392602.61796874,MAHARASHTRA,Nagpur,Nagpur (Urban),4032,484,27,4051
4052,27,505,04033,177449.35537109754,899273872.9072325,MAHARASHTRA,Nagpur,Hingna,4033,484,27,4052
4053,27,505,04034,229754.47010589382,1173224182.7197258,MAHARASHTRA,Nagpur,Umred,4034,484,27,4053
4054,27,505,04035,213766.13204745424,940806592.3514376,MAHARASHTRA,Nagpur,Kuhi,4035,484,27,4054
4055,27,505,04036,214688.33729809444,774780029.1595168,MAHARASHTRA,Nagpur,Bhiwapur,4036,484,27,4055
4056,27,506,04037,238771.9743802827,1085943409.387573,MAHARASHTRA,Bhandara,Tumsar,4037,471,27,4056
4057,27,506,04038,150918.49105171364,443546013.00952095,MAHARASHTRA,Bhandara,Mohadi,4038,471,27,4057
4058,27,506,04039,177790.4334836899,733811156.600356,MAHARASHTRA,Bhandara,Bhandara,4039,471,27,4058
4059,27,506,04040,174458.78768575625,691333709.4985547,MAHARASHTRA,Bhandara,Sakoli,4040,471,27,4059
4060,27,506,04041,123592.21023820053,476915380.2692685,MAHARASHTRA,Bhandara,Lakhani,4041,471,27,4060
4061,27,506,04042,169750.07766728548,768473534.0241995,MAHARASHTRA,Bhandara,Pauni,4042,471,27,4061
4062,27,506,04043,194397.45640232277,447432988.36928993,MAHARASHTRA,Bhandara,Lakhandur,4043,471,27,4062
4063,27,507,04044,180985.9191997411,768514365.7484388,MAHARASHTRA,Gondiya,Tirora,4044,476,27,4063
4064,27,507,04045,185014.6825236123,633354587.5536714,MAHARASHTRA,Gondiya,Goregaon,4045,476,27,4064
4065,27,507,04046,162344.78077548076,710324734.5628477,MAHARASHTRA,Gondiya,Gondiya,4046,476,27,4065
4066,27,507,04047,115622.54671545641,288267270.3297727,MAHARASHTRA,Gondiya,Amgaon,4047,476,27,4066
4067,27,507,04048,147093.1826852389,578179444.8356944,MAHARASHTRA,Gondiya,Salekasa,4048,476,27,4067
4068,27,507,04049,205809.84549928742,818339912.4053683,MAHARASHTRA,Gondiya,Sadak-Arjuni,4049,476,27,4068
4069,27,507,04050,267082.49124665593,1182019924.9331484,MAHARASHTRA,Gondiya,Arjuni Morgaon,4050,476,27,4069
4070,27,507,04051,209753.26856557536,1142473083.1754918,MAHARASHTRA,Gondiya,Deori,4051,476,27,4070
4071,27,508,04052,97009.23749065271,304501937.36824656,MAHARASHTRA,Gadchiroli,Desaiganj (Vadasa),4052,475,27,4071
4072,27,508,04053,195494.76974111196,829501396.8885542,MAHARASHTRA,Gadchiroli,Armori,4053,475,27,4072
4073,27,508,04054,214656.7587718002,972467036.5164816,MAHARASHTRA,Gadchiroli,Kurkheda,4054,475,27,4073
4074,27,508,04055,197393.68830298993,788989102.9538294,MAHARASHTRA,Gadchiroli,Korchi,4055,475,27,4074
4075,27,508,04056,298152.13730864687,2001468987.9967039,MAHARASHTRA,Gadchiroli,Dhanora,4056,475,27,4075
4076,27,508,04057,257009.70862829845,1031672736.5193073,MAHARASHTRA,Gadchiroli,Gadchiroli,4057,475,27,4076
4077,27,508,04058,251486.03994206968,1505145741.481715,MAHARASHTRA,Gadchiroli,Chamorshi,4058,475,27,4077
4078,27,508,04059,192349.9047910999,840471224.8902339,MAHARASHTRA,Gadchiroli,Mulchera,4059,475,27,4078
4079,27,508,04060,353382.9566140002,2591952067.4081545,MAHARASHTRA,Gadchiroli,Etapalli,4060,475,27,4079
4080,27,508,04061,225908.7744250224,1617459620.5626214,MAHARASHTRA,Gadchiroli,Bhamragad,4061,475,27,4080
4081,27,508,04062,278281.14583074447,2592117458.310121,MAHARASHTRA,Gadchiroli,Aheri,4062,475,27,4081
4082,27,508,04063,201277.86692666676,1418876189.3161457,MAHARASHTRA,Gadchiroli,Sironcha,4063,475,27,4082
4083,27,509,04064,233858.14415625547,1149471572.544073,MAHARASHTRA,Chandrapur,Warora,4064,473,27,4083
4084,27,509,04065,245365.8830400608,1335375533.4505074,MAHARASHTRA,Chandrapur,Chimur,4065,473,27,4084
4085,27,509,04066,191447.70177333112,848751662.1829923,MAHARASHTRA,Chandrapur,Nagbhir,4066,473,27,4085
4086,27,509,04067,176759.296391677,922414484.3034742,MAHARASHTRA,Chandrapur,Brahmapuri,4067,473,27,4086
4087,27,509,04068,183104.47821429084,760968604.3290079,MAHARASHTRA,Chandrapur,Sawali,4068,473,27,4087
4088,27,509,04069,229127.55498164616,853375323.1868532,MAHARASHTRA,Chandrapur,Sindewahi,4069,473,27,4088
4089,27,509,04070,263311.72974580707,1286032875.659627,MAHARASHTRA,Chandrapur,Bhadravati,4070,473,27,4089
4090,27,509,04071,316626.7393342826,1345650755.5580704,MAHARASHTRA,Chandrapur,Chandrapur,4071,473,27,4090
4091,27,509,04072,210185.29436033475,592874912.0825614,MAHARASHTRA,Chandrapur,Mul,4072,473,27,4091
4092,27,509,04073,143781.1731595045,445077006.1299672,MAHARASHTRA,Chandrapur,Pombhurna,4073,473,27,4092
4093,27,509,04074,142322.6547218269,302798092.51322246,MAHARASHTRA,Chandrapur,Ballarpur,4074,473,27,4093
4094,27,509,04075,173849.10997891784,649834807.023184,MAHARASHTRA,Chandrapur,Korpana,4075,473,27,4094
4095,27,509,04076,153657.58899847185,590858355.4911542,MAHARASHTRA,Chandrapur,Jiwati,4076,473,27,4095
4096,27,509,04077,211898.74569499312,1009301242.313517,MAHARASHTRA,Chandrapur,Rajura,4077,473,27,4096
4097,27,509,04078,174461.17741346857,852537356.377355,MAHARASHTRA,Chandrapur,Gondpipri,4078,473,27,4097
4098,27,510,04079,193183.66085597227,784560747.6551282,MAHARASHTRA,Yavatmal,Ner,4079,500,27,4098
4099,27,510,04080,161577.87769423015,655344325.0880908,MAHARASHTRA,Yavatmal,Babulgaon,4080,500,27,4099
4100,27,510,04081,179523.41283778,868826755.6342278,MAHARASHTRA,Yavatmal,Kalamb,4081,500,27,4100
4101,27,510,04082,247004.53925940229,1292103958.505183,MAHARASHTRA,Yavatmal,Yavatmal,4082,500,27,4101
4102,27,510,04083,196604.7678982786,1008838209.4545907,MAHARASHTRA,Yavatmal,Darwha,4083,500,27,4102
4103,27,510,04084,152776.72552360248,669672430.040262,MAHARASHTRA,Yavatmal,Digras,4084,500,27,4103
4104,27,510,04085,233114.59195641172,1331015619.0651522,MAHARASHTRA,Yavatmal,Pusad,4085,500,27,4104
4105,27,510,04086,320767.5519655899,1465463037.1527684,MAHARASHTRA,Yavatmal,Umarkhed,4086,500,27,4105
4106,27,510,04087,209806.94025860325,1023063276.8118204,MAHARASHTRA,Yavatmal,Mahagaon,4087,500,27,4106
4107,27,510,04088,178343.4165810395,929362034.6009536,MAHARASHTRA,Yavatmal,Arni,4088,500,27,4107
4108,27,510,04089,204985.87772293866,1105769648.3708944,MAHARASHTRA,Yavatmal,Ghatanji,4089,500,27,4108
4109,27,510,04090,225643.78733271445,936009801.7984941,MAHARASHTRA,Yavatmal,Kelapur,4090,500,27,4109
4110,27,510,04091,175547.47748511442,861645824.3686342,MAHARASHTRA,Yavatmal,Ralegaon,4091,500,27,4110
4111,27,510,04092,162040.51715571436,712742455.6892606,MAHARASHTRA,Yavatmal,Maregaon,4092,500,27,4111
4112,27,510,04093,172505.75502503075,783001051.1156416,MAHARASHTRA,Yavatmal,Zari-Jamani,4093,500,27,4112
4113,27,510,04094,202400.99829818704,1051981759.4463531,MAHARASHTRA,Yavatmal,Wani,4094,500,27,4113
4114,27,511,04095,136609.5337061931,591458790.343084,MAHARASHTRA,Nanded,Mahoor,4095,485,27,4114
4115,27,511,04096,352665.9697935737,1732364450.9929683,MAHARASHTRA,Nanded,Kinwat,4096,485,27,4115
4116,27,511,04097,128848.10024301492,543941850.0006882,MAHARASHTRA,Nanded,Himayatnagar,4097,485,27,4116
4117,27,511,04098,214307.86747531182,1191314347.721108,MAHARASHTRA,Nanded,Hadgaon,4098,485,27,4117
4118,27,511,04099,119200.1813732842,339401887.79162276,MAHARASHTRA,Nanded,Ardhapur,4099,485,27,4118
4119,27,511,04100,120841.00909442305,428621008.9348333,MAHARASHTRA,Nanded,Nanded,4100,485,27,4119
4120,27,511,04101,109518.45845297152,390525559.6695159,MAHARASHTRA,Nanded,Mudkhed,4101,485,27,4120
4121,27,511,04102,151540.64249180254,734860860.0260315,MAHARASHTRA,Nanded,Bhokar,4102,485,27,4121
4122,27,511,04103,143073.0935933139,439584579.88500094,MAHARASHTRA,Nanded,Umri,4103,485,27,4122
4123,27,511,04104,123811.05051790379,408646068.26137775,MAHARASHTRA,Nanded,Dharmabad,4104,485,27,4123
4124,27,511,04105,135611.34603394676,661561478.7982552,MAHARASHTRA,Nanded,Biloli,4105,485,27,4124
4125,27,511,04106,150343.41790319237,642978563.3562539,MAHARASHTRA,Nanded,Naigaon (Khairgaon),4106,485,27,4125
4126,27,511,04107,261016.77990877428,1004947211.3331662,MAHARASHTRA,Nanded,Loha,4107,485,27,4126
4127,27,511,04108,179523.45338020247,904898137.47893,MAHARASHTRA,Nanded,Kandhar,4108,485,27,4127
4128,27,511,04109,206883.8076042703,1079028718.8609905,MAHARASHTRA,Nanded,Mukhed,4109,485,27,4128
4129,27,511,04110,234476.88965436426,769740571.8475642,MAHARASHTRA,Nanded,Deglur,4110,485,27,4129
4130,27,512,04111,273859.643803074,1269745422.7141252,MAHARASHTRA,Hingoli,Sengaon,4111,477,27,4130
4131,27,512,04112,235105.70930775578,1051818383.2198555,MAHARASHTRA,Hingoli,Hingoli,4112,477,27,4131
4132,27,512,04113,193099.86455440844,955696579.2578816,MAHARASHTRA,Hingoli,Aundha (Nagnath),4113,477,27,4132
4133,27,512,04114,188373.90425731734,1056229141.9870186,MAHARASHTRA,Hingoli,Kalamnuri,4114,477,27,4133
4134,27,512,04115,241040.47677524717,1207801884.3243906,MAHARASHTRA,Hingoli,Basmath,4115,477,27,4134
4135,27,513,04116,196226.3679050452,797383967.7796495,MAHARASHTRA,Parbhani,Sailu,4116,489,27,4135
4136,27,513,04117,308843.6298548933,1436998440.921557,MAHARASHTRA,Parbhani,Jintur,4117,489,27,4136
4137,27,513,04118,212801.0472477295,1293326396.2339735,MAHARASHTRA,Parbhani,Parbhani,4118,489,27,4137
4138,27,513,04119,147507.99015457183,537115765.1807687,MAHARASHTRA,Parbhani,Manwath,4119,489,27,4138
4139,27,513,04120,175070.00663164066,624888796.4014205,MAHARASHTRA,Parbhani,Pathri,4120,489,27,4139
4140,27,513,04121,128548.82158969504,431379377.5883518,MAHARASHTRA,Parbhani,Sonpeth,4121,489,27,4140
4141,27,513,04122,163051.6475248747,733771072.7332455,MAHARASHTRA,Parbhani,Gangakhed,4122,489,27,4141
4142,27,513,04123,170934.4164045996,558682267.7924801,MAHARASHTRA,Parbhani,Palam,4123,489,27,4142
4143,27,513,04124,154868.97170786772,499962977.5353354,MAHARASHTRA,Parbhani,Purna,4124,489,27,4143
4144,27,514,04125,274909.52468218433,1392842231.6504052,MAHARASHTRA,Jalna,Bhokardan,4125,479,27,4144
4145,27,514,04126,176005.6155283439,821854855.5793471,MAHARASHTRA,Jalna,Jafferabad,4126,479,27,4145
4146,27,514,04127,213461.46080272985,1342252389.408242,MAHARASHTRA,Jalna,Jalna,4127,479,27,4146
4147,27,514,04128,190235.96337673382,850234672.9831727,MAHARASHTRA,Jalna,Badnapur,4128,479,27,4147
4148,27,514,04129,194693.97913161974,1233512281.5061269,MAHARASHTRA,Jalna,Ambad,4129,479,27,4148
4149,27,514,04130,210666.1379791638,1322225391.4083595,MAHARASHTRA,Jalna,Ghansawangi,4130,479,27,4149
4150,27,514,04131,186192.9058660252,848054113.1107366,MAHARASHTRA,Jalna,Partur,4131,479,27,4150
4151,27,514,04132,184687.2413092807,905800771.8037938,MAHARASHTRA,Jalna,Mantha,4132,479,27,4151
4152,27,515,04133,325156.5413796507,1796417999.4334018,MAHARASHTRA,Aurangabad,Kannad,4133,469,27,4152
4153,27,515,04134,382901.10587355384,746232646.5268114,MAHARASHTRA,Aurangabad,Soegaon,4134,469,27,4153
4154,27,515,04135,331679.7720562437,1727798721.9605389,MAHARASHTRA,Aurangabad,Sillod,4135,469,27,4154
4155,27,515,04136,126896.47789716114,369659618.7031057,MAHARASHTRA,Aurangabad,Phulambri,4136,469,27,4155
4156,27,515,04137,240016.2183403308,1512548569.6463704,MAHARASHTRA,Aurangabad,Aurangabad,4137,469,27,4156
4157,27,515,04138,160086.98694670098,564062238.150285,MAHARASHTRA,Aurangabad,Khuldabad,4138,469,27,4157
4158,27,515,04139,285295.4930431472,1754525982.648606,MAHARASHTRA,Aurangabad,Vaijapur,4139,469,27,4158
4159,27,515,04140,217285.6903058657,1494486907.067222,MAHARASHTRA,Aurangabad,Gangapur,4140,469,27,4159
4160,27,515,04141,279748.3299984011,1612661489.9484518,MAHARASHTRA,Aurangabad,Paithan,4141,469,27,4160
4161,27,516,04142,221039.93850224174,939167558.6565605,MAHARASHTRA,Nashik,Surgana,4142,487,27,4161
4162,27,516,04143,196874.82171350022,971723895.8618541,MAHARASHTRA,Nashik,Kalwan,4143,487,27,4162
4163,27,516,04144,188268.92683732923,680090333.958862,MAHARASHTRA,Nashik,Deola,4144,487,27,4163
4164,27,516,04145,269357.270823261,1671464488.342182,MAHARASHTRA,Nashik,Baglan,4145,487,27,4164
4165,27,516,04146,291185.84116686747,2055951662.68785,MAHARASHTRA,Nashik,Malegaon,4146,487,27,4165
4166,27,516,04147,258797.81192341083,1242917288.9517927,MAHARASHTRA,Nashik,Nandgaon,4147,487,27,4166
4167,27,516,04148,226971.84122985456,1089174724.4296932,MAHARASHTRA,Nashik,Chandvad,4148,487,27,4167
4168,27,516,04149,201481.38604729838,1506540322.6664758,MAHARASHTRA,Nashik,Dindori,4149,487,27,4168
4169,27,516,04150,139493.03477741627,635862527.755159,MAHARASHTRA,Nashik,Peint,4150,487,27,4169
4170,27,516,04151,211701.59163676883,997499756.4557993,MAHARASHTRA,Nashik,Trimbakeshwar,4151,487,27,4170
4171,27,516,04152,183159.4717398336,1014109999.2420186,MAHARASHTRA,Nashik,Nashik,4152,487,27,4171
4172,27,516,04153,163884.0364014982,982835991.4371911,MAHARASHTRA,Nashik,Igatpuri,4153,487,27,4172
4173,27,516,04154,226418.6446740181,1525003888.6366963,MAHARASHTRA,Nashik,Sinnar,4154,487,27,4173
4174,27,516,04155,203914.82294058282,1194664742.6508822,MAHARASHTRA,Nashik,Niphad,4155,487,27,4174
4175,27,516,04156,225798.93985031525,1206570125.2026727,MAHARASHTRA,Nashik,Yevla,4156,487,27,4175
4176,27,517,04165,151426.8360791344,447793302.2764288,MAHARASHTRA,Thane,Thane,4165,497,27,4176
4177,27,517,04166,144507.6620802762,784764865.9042958,MAHARASHTRA,Thane,Bhiwandi,4166,497,27,4177
4178,27,517,04167,275815.9346892384,1816925695.3117278,MAHARASHTRA,Thane,Shahapur,4167,497,27,4178
4179,27,517,04168,150302.74251575643,356906119.46481997,MAHARASHTRA,Thane,Kalyan,4168,497,27,4179
4180,27,517,04169,45467.41515636598,56559571.3870328,MAHARASHTRA,Thane,Ulhasnagar,4169,497,27,4180
4181,27,517,04170,128975.25760142367,319138900.3393587,MAHARASHTRA,Thane,Ambarnath,4170,497,27,4181
4182,27,517,04171,237352.40895963882,1033808390.6982694,MAHARASHTRA,Thane,Murbad,4171,497,27,4182
4183,27,519,05926,76521.27348718788,159725603.10705248,MAHARASHTRA,Mumbai,Greater Mumbai,0,482,27,4183
4184,27,518,05927,118971.15870413983,490870437.1609719,MAHARASHTRA,Mumbai Suburban,Mumbai Suburban,0,483,27,4184
4185,27,520,04172,130868.12008341518,412588842.23404324,MAHARASHTRA,Raigarh,Uran,4172,491,27,4185
4186,27,520,04173,183702.0185223248,680290766.1948843,MAHARASHTRA,Raigarh,Panvel,4173,491,27,4186
4187,27,520,04174,177952.2885957384,734665030.1184818,MAHARASHTRA,Raigarh,Karjat,4174,491,27,4187
4188,27,520,04175,141639.22645455555,462261533.6731474,MAHARASHTRA,Raigarh,Khalapur,4175,491,27,4188
4189,27,520,04176,136258.5181643627,567809253.8236499,MAHARASHTRA,Raigarh,Pen,4176,491,27,4189
4190,27,520,04177,129882.03449653366,559244962.5894386,MAHARASHTRA,Raigarh,Alibag,4177,491,27,4190
4191,27,520,04178,111884.9109091867,270724550.4613563,MAHARASHTRA,Raigarh,Murud,4178,491,27,4191
4192,27,520,04179,170171.0667617815,708789142.4320456,MAHARASHTRA,Raigarh,Roha,4179,491,27,4192
4193,27,520,04180,149872.26280890315,519791134.8146967,MAHARASHTRA,Raigarh,Sudhagad,4180,491,27,4193
4194,27,520,04181,181480.6622269095,761508083.0761062,MAHARASHTRA,Raigarh,Mangaon,4181,491,27,4194
4195,27,520,04182,107050.7769300466,255728843.2984215,MAHARASHTRA,Raigarh,Tala,4182,491,27,4195
4196,27,520,04183,126535.19166326289,284580179.4905424,MAHARASHTRA,Raigarh,Shrivardhan,4183,491,27,4196
4197,27,520,04184,158313.3585137417,319396702.74040604,MAHARASHTRA,Raigarh,Mhasla,4184,491,27,4197
4198,27,520,04185,244974.97041039992,910131621.6275216,MAHARASHTRA,Raigarh,Mahad,4185,491,27,4198
4199,27,520,04186,122469.76871764632,407842888.13358605,MAHARASHTRA,Raigarh,Poladpur,4186,491,27,4199
4200,27,521,04187,282341.32157866424,1563690301.6914468,MAHARASHTRA,Pune,Junnar,4187,490,27,4200
4201,27,521,04188,267852.3286161373,1172051018.3463578,MAHARASHTRA,Pune,Ambegaon,4188,490,27,4201
4202,27,521,04189,305376.7497743817,1741472393.2970932,MAHARASHTRA,Pune,Shirur,4189,490,27,4202
4203,27,521,04190,265403.57658144634,1538334081.1860373,MAHARASHTRA,Pune,Khed,4190,490,27,4203
4204,27,521,04191,196807.00583504204,1270380820.1550865,MAHARASHTRA,Pune,Mawal,4191,490,27,4204
4205,27,521,04192,251171.60966038526,1152642878.797001,MAHARASHTRA,Pune,Mulshi,4192,490,27,4205
4206,27,521,04193,413713.03608368686,1276333265.640241,MAHARASHTRA,Pune,Haveli,4193,490,27,4206
4207,27,521,04194,135699.6121870309,338689487.79970855,MAHARASHTRA,Pune,Pune City,4194,490,27,4207
4208,27,521,04195,282917.5528982187,1448194897.83813,MAHARASHTRA,Pune,Daund,4195,490,27,4208
4209,27,521,04196,189866.55817661862,1228599834.1870205,MAHARASHTRA,Pune,Purandhar,4196,490,27,4209
4210,27,521,04197,208752.7079670432,607101793.8932452,MAHARASHTRA,Pune,Velhe,4197,490,27,4210
4211,27,521,04198,262138.55474392505,996279383.165366,MAHARASHTRA,Pune,Bhor,4198,490,27,4211
4212,27,521,04199,202827.3818446353,1542530186.626707,MAHARASHTRA,Pune,Baramati,4199,490,27,4212
4213,27,521,04200,261336.73164942843,1635752519.0992336,MAHARASHTRA,Pune,Indapur,4200,490,27,4213
4214,27,522,04201,318176.17405783,1699507582.1755347,MAHARASHTRA,Ahmadnagar,Akola,4201,466,27,4214
4215,27,522,04202,324033.45121110044,1908533565.8101203,MAHARASHTRA,Ahmadnagar,Sangamner,4202,466,27,4215
4216,27,522,04203,209600.64967045505,828239415.7236526,MAHARASHTRA,Ahmadnagar,Kopargaon,4203,466,27,4216
4217,27,522,04204,178409.12115342368,751121973.947912,MAHARASHTRA,Ahmadnagar,Rahta,4204,466,27,4217
4218,27,522,04205,173171.38783568118,627556596.8875335,MAHARASHTRA,Ahmadnagar,Shrirampur,4205,466,27,4218
4219,27,522,04206,207579.1280351448,1460329494.5447023,MAHARASHTRA,Ahmadnagar,Nevasa,4206,466,27,4219
4220,27,522,04207,241995.98636533672,1229320610.346217,MAHARASHTRA,Ahmadnagar,Shevgaon,4207,466,27,4220
4221,27,522,04208,360398.8379351869,1355854162.7209,MAHARASHTRA,Ahmadnagar,Pathardi,4208,466,27,4221
4222,27,522,04209,295960.34450139594,1702768712.518992,MAHARASHTRA,Ahmadnagar,Nagar,4209,466,27,4222
4223,27,522,04210,238732.45970044762,1153606850.2094579,MAHARASHTRA,Ahmadnagar,Rahuri,4210,466,27,4223
4224,27,522,04211,290747.97522932745,2098274874.1407487,MAHARASHTRA,Ahmadnagar,Parner,4211,466,27,4224
4225,27,522,04212,274128.28365056234,1808648545.2353122,MAHARASHTRA,Ahmadnagar,Shrigonda,4212,466,27,4225
4226,27,522,04213,225113.90618484857,1670553857.025971,MAHARASHTRA,Ahmadnagar,Karjat,4213,466,27,4226
4227,27,522,04214,179221.15997552127,982496812.3584044,MAHARASHTRA,Ahmadnagar,Jamkhed,4214,466,27,4227
4228,27,523,04215,349446.0337537964,1652223796.3346605,MAHARASHTRA,Bid,Ashti,4215,470,27,4228
4229,27,523,04216,251184.39314518037,856753835.8054782,MAHARASHTRA,Bid,Patoda,4216,470,27,4229
4230,27,523,04217,208713.57025677705,616911158.9692491,MAHARASHTRA,Bid,Shirur (Kasar),4217,470,27,4230
4231,27,523,04218,279080.6653429392,1763186081.633691,MAHARASHTRA,Bid,Georai,4218,470,27,4231
4232,27,523,04219,211069.2657396314,987370835.9131584,MAHARASHTRA,Bid,Manjlegaon,4219,470,27,4232
4233,27,523,04220,149525.5029667721,503648677.57123524,MAHARASHTRA,Bid,Wadwani,4220,470,27,4233
4234,27,523,04221,266358.6206500405,1721412848.2834296,MAHARASHTRA,Bid,Bid,4221,470,27,4234
4235,27,523,04222,221220.08327422733,1273382092.6065216,MAHARASHTRA,Bid,Kaij,4222,470,27,4235
4236,27,523,04223,167123.62729105257,655849250.6580217,MAHARASHTRA,Bid,Dharur,4223,470,27,4236
4237,27,523,04224,156768.5920594584,313259977.7648624,MAHARASHTRA,Bid,Parli,4224,470,27,4237
4238,27,523,04225,291943.78098669223,1572012377.2673922,MAHARASHTRA,Bid,Ambejogai,4225,470,27,4238
4239,27,524,04226,224926.3059599556,1124045820.3950481,MAHARASHTRA,Latur,Latur,4226,481,27,4239
4240,27,524,04227,170224.84778687934,637639378.459589,MAHARASHTRA,Latur,Renapur,4227,481,27,4240
4241,27,524,04228,198467.29224518395,984585611.4429946,MAHARASHTRA,Latur,Ahmadpur,4228,481,27,4241
4242,27,524,04229,85692.97123114488,280520594.0897062,MAHARASHTRA,Latur,Jalkot,4229,481,27,4242
4243,27,524,04230,161183.66364849778,765291854.9025266,MAHARASHTRA,Latur,Chakur,4230,481,27,4243
4244,27,524,04231,110649.65058954486,349825435.2139554,MAHARASHTRA,Latur,Shirur-Anantpal,4231,481,27,4244
4245,27,524,04232,231878.1088054195,1344859065.3623152,MAHARASHTRA,Latur,Ausa,4232,481,27,4245
4246,27,524,04233,240005.77033638948,1247949107.6561441,MAHARASHTRA,Latur,Nilanga,4233,481,27,4246
4247,27,524,04234,125337.1671106273,471604112.5214844,MAHARASHTRA,Latur,Deoni,4234,481,27,4247
4248,27,524,04235,201057.4699004926,828461838.6720977,MAHARASHTRA,Latur,Udgir,4235,481,27,4248
4249,27,525,04236,236521.66492910704,1184143112.9147298,MAHARASHTRA,Osmanabad,Paranda,4236,488,27,4249
4250,27,525,04237,164545.67253243903,638860574.4933434,MAHARASHTRA,Osmanabad,Bhum,4237,488,27,4250
4251,27,525,04238,168923.43496370013,683694975.2111108,MAHARASHTRA,Osmanabad,Washi,4238,488,27,4251
4252,27,525,04239,219342.53558459808,1046965052.6881971,MAHARASHTRA,Osmanabad,Kalamb,4239,488,27,4252
4253,27,525,04240,200224.71284873784,1504340068.5750554,MAHARASHTRA,Osmanabad,Osmanabad,4240,488,27,4253
4254,27,525,04241,265720.4786662308,1717364160.564262,MAHARASHTRA,Osmanabad,Tuljapur,4241,488,27,4254
4255,27,525,04242,178905.65367835067,566297416.7679954,MAHARASHTRA,Osmanabad,Lohara,4242,488,27,4255
4256,27,525,04243,222457.60957976803,1097612897.8196976,MAHARASHTRA,Osmanabad,Umarga,4243,488,27,4256
4257,27,526,04244,254728.41582936025,1776983491.7993507,MAHARASHTRA,Solapur,Karmala,4244,496,27,4257
4258,27,526,04245,268159.9772627805,1702552464.9192746,MAHARASHTRA,Solapur,Madha,4245,496,27,4258
4259,27,526,04246,247445.0151711311,1706338055.5253475,MAHARASHTRA,Solapur,Barshi,4246,496,27,4259
4260,27,526,04247,176573.32360739182,761189889.744532,MAHARASHTRA,Solapur,Solapur North,4247,496,27,4260
4261,27,526,04248,231551.095221578,1465959691.8296409,MAHARASHTRA,Solapur,Mohol,4248,496,27,4261
4262,27,526,04249,210208.79220821132,1429252277.6196961,MAHARASHTRA,Solapur,Pandharpur,4249,496,27,4262
4263,27,526,04250,328223.2701456643,1781489197.5845249,MAHARASHTRA,Solapur,Malshiras,4250,496,27,4263
4264,27,526,04251,324162.07734210877,1723803459.672793,MAHARASHTRA,Solapur,Sangole,4251,496,27,4264
4265,27,557,05450,300401.0694643266,2439656317.9807878,KARNATAKA,Vijayapura,Indi,5450,530,29,4265
4266,27,526,04253,259069.01744584445,1320461571.9552133,MAHARASHTRA,Solapur,Solapur South,4253,496,27,4266
4267,27,526,04254,290873.76296646387,1558372632.8694115,MAHARASHTRA,Solapur,Akkalkot,4254,496,27,4267
4268,27,527,04255,184058.89732190536,236053661.68107787,MAHARASHTRA,Satara,Mahabaleshwar,4255,494,27,4268
4269,27,527,04256,197043.99390957528,688421867.641247,MAHARASHTRA,Satara,Wai,4256,494,27,4269
4270,27,527,04257,141252.0416257508,577811930.4965198,MAHARASHTRA,Satara,Khandala,4257,494,27,4270
4271,27,527,04258,251625.55540822618,1310213157.219178,MAHARASHTRA,Satara,Phaltan,4258,494,27,4271
4272,27,527,04259,340923.0786799121,1645898957.5132804,MAHARASHTRA,Satara,Man,4259,494,27,4272
4273,27,527,04260,311103.7952011022,1496410323.2646582,MAHARASHTRA,Satara,Khatav,4260,494,27,4273
4274,27,527,04261,242875.2987527033,1013726982.699989,MAHARASHTRA,Satara,Koregaon,4261,494,27,4274
4275,27,527,04262,187771.53056617515,1002345233.2015864,MAHARASHTRA,Satara,Satara,4262,494,27,4275
4276,27,527,04263,269860.2240457979,959541553.5478867,MAHARASHTRA,Satara,Jaoli,4263,494,27,4276
4277,27,527,04264,214592.21546207304,1528199823.1780183,MAHARASHTRA,Satara,Patan,4264,494,27,4277
4278,27,527,04265,224866.51414586927,1144811984.0248175,MAHARASHTRA,Satara,Karad,4265,494,27,4278
4279,27,528,04266,131025.06307437395,477198440.4631027,MAHARASHTRA,Ratnagiri,Mandangad,4266,492,27,4279
4280,27,528,04267,202156.53584086063,964175595.229465,MAHARASHTRA,Ratnagiri,Dapoli,4267,492,27,4280
4281,27,528,04268,202223.6044289319,1151229590.9466004,MAHARASHTRA,Ratnagiri,Khed,4268,492,27,4281
4282,27,528,04269,226019.83171613535,1244040084.6130342,MAHARASHTRA,Ratnagiri,Chiplun,4269,492,27,4282
4283,27,528,04270,183856.77587354826,699359515.9149145,MAHARASHTRA,Ratnagiri,Guhagar,4270,492,27,4283
4284,27,528,04271,285091.3545783793,1032745557.2017012,MAHARASHTRA,Ratnagiri,Ratnagiri,4271,492,27,4284
4285,27,528,04272,245812.490946335,1398391349.8170376,MAHARASHTRA,Ratnagiri,Sangameshwar,4272,492,27,4285
4286,27,528,04273,182278.58556727474,831304326.3851411,MAHARASHTRA,Ratnagiri,Lanja,4273,492,27,4286
4287,27,528,04274,242951.12286504594,1334573332.3082986,MAHARASHTRA,Ratnagiri,Rajapur,4274,492,27,4287
4288,27,529,04275,258325.12348872033,846647420.8385284,MAHARASHTRA,Sindhudurg,Devgad,4275,495,27,4288
4289,27,529,04276,135617.7222135353,463693874.26132333,MAHARASHTRA,Sindhudurg,Vaibhavvadi,4276,495,27,4289
4290,27,529,04277,250827.24669198197,850689135.4825476,MAHARASHTRA,Sindhudurg,Kankavli,4277,495,27,4290
4291,27,529,04278,148946.3815211104,680585992.8967675,MAHARASHTRA,Sindhudurg,Malwan,4278,495,27,4291
4292,27,529,04279,95756.77870927226,229267130.51270723,MAHARASHTRA,Sindhudurg,Vengurla,4279,495,27,4292
4293,27,529,04280,249666.37623868522,988854000.774972,MAHARASHTRA,Sindhudurg,Kudal,4280,495,27,4293
4294,27,529,04281,200316.85182624418,926257211.8376815,MAHARASHTRA,Sindhudurg,Sawantwadi,4281,495,27,4294
4295,27,529,04282,147938.69464865865,554553536.944268,MAHARASHTRA,Sindhudurg,Dodamarg,4282,495,27,4295
4296,27,530,04283,246212.89410524827,1134576433.6122885,MAHARASHTRA,Kolhapur,Shahuwadi,4283,480,27,4296
4297,27,530,04284,198390.29412783586,616688460.9171767,MAHARASHTRA,Kolhapur,Panhala,4284,480,27,4297
4298,27,530,04285,171008.4331961257,656940625.8524224,MAHARASHTRA,Kolhapur,Hatkanangle,4285,480,27,4298
4299,27,530,04286,149701.76034865688,554959843.8655792,MAHARASHTRA,Kolhapur,Shirol,4286,480,27,4299
4300,27,530,04287,179480.51901269366,728780489.3683239,MAHARASHTRA,Kolhapur,Karvir,4287,480,27,4300
4301,27,530,04288,103032.8725215327,304599673.24310744,MAHARASHTRA,Kolhapur,Bavda,4288,480,27,4301
4302,27,530,04289,226005.04242739803,962314163.9051815,MAHARASHTRA,Kolhapur,Radhanagari,4289,480,27,4302
4303,27,530,04290,254541.3690286475,606835377.4695824,MAHARASHTRA,Kolhapur,Kagal,4290,480,27,4303
4304,27,530,04291,197551.7077831344,692643146.2366513,MAHARASHTRA,Kolhapur,Bhudargad,4291,480,27,4304
4305,27,530,04292,173366.0955117472,591865752.0023308,MAHARASHTRA,Kolhapur,Ajra,4292,480,27,4305
4306,27,530,04293,165528.5414995858,514257497.29000866,MAHARASHTRA,Kolhapur,Gadhinglaj,4293,480,27,4306
4307,27,530,04294,242274.34935981006,1033208401.5082698,MAHARASHTRA,Kolhapur,Chandgad,4294,480,27,4307
4308,27,531,04295,206564.39471698465,691218712.0005431,MAHARASHTRA,Sangli,Shirala,4295,493,27,4308
4309,27,531,04296,168519.5113415132,859381145.5662476,MAHARASHTRA,Sangli,Walwa,4296,493,27,4309
4310,27,531,04297,102828.60166249292,296431834.5083678,MAHARASHTRA,Sangli,Palus,4297,493,27,4310
4311,27,531,04298,134357.6354510606,604025240.3501979,MAHARASHTRA,Sangli,Kadegaon,4298,493,27,4311
4312,27,531,04299,306934.36428891576,851847585.6619356,MAHARASHTRA,Sangli,Khanapur,4299,493,27,4312
4313,27,531,04300,277009.8331552966,957605797.504792,MAHARASHTRA,Sangli,Atpadi,4300,493,27,4313
4314,27,531,04301,185781.31405145716,918269088.1659763,MAHARASHTRA,Sangli,Tasgaon,4301,493,27,4314
4315,27,531,04302,220387.06305131453,1019714954.1410604,MAHARASHTRA,Sangli,Miraj,4302,493,27,4315
4316,27,531,04303,198727.60743479806,808030558.1367931,MAHARASHTRA,Sangli,Kavathemahankal,4303,493,27,4316
4317,27,531,04304,356659.1308365746,2469101584.983379,MAHARASHTRA,Sangli,Jat,4304,493,27,4317
4318,27,732,04157,119311.27843381415,303986787.2868078,MAHARASHTRA,Palghar,Talasari,4157,665,27,4318
4319,27,732,04158,297794.2702284039,1081101072.682766,MAHARASHTRA,Palghar,Dahanu,4158,665,27,4319
4320,27,732,04159,147876.54323932726,487551264.9124479,MAHARASHTRA,Palghar,Vikramgad,4159,665,27,4320
4321,27,732,04160,149179.42779595972,428644642.73170793,MAHARASHTRA,Palghar,Jawhar,4160,665,27,4321
4322,27,732,04161,315955.95912426204,843123523.4889458,MAHARASHTRA,Palghar,Mokhada,4161,665,27,4322
4323,27,732,04162,197680.65883068962,902932789.0215232,MAHARASHTRA,Palghar,Vada,4162,665,27,4323
4324,27,732,04163,279359.4858749636,1184823566.8827803,MAHARASHTRA,Palghar,Palghar,4163,665,27,4324
4325,27,732,04164,141935.02224991194,630327213.9803151,MAHARASHTRA,Palghar,Vasai,4164,665,27,4325
5950,27,526,04252,184316.34462994672,1260303745.001064,MAHARASHTRA,Solapur,Mangalvedhe,4252,496,27,5950
5960,27,518,05927,205.00716776940638,4.196568875121329,MAHARASHTRA,Mumbai Suburban,Mumbai Suburban,0,483,27,5960
5961,27,518,05927,255.28760287786196,13.013002607126282,MAHARASHTRA,Mumbai Suburban,Mumbai Suburban,0,483,27,5961
1845,14,272,01858,239505.4227048528,1396217613.1106565,MANIPUR,Senapati,Mao-Maram,0,257,14,1845
1846,14,272,01859,125967.24519077716,371806731.08591604,MANIPUR,Senapati,Paomata,1859,257,14,1846
1847,14,272,01860,91788.04184043173,389970526.2862522,MANIPUR,Senapati,Purul,1860,257,14,1847
1848,14,273,01864,276383.87113760883,1430029671.438454,MANIPUR,Tamenglong,Tamenglong West,1864,258,14,1848
1849,14,273,01865,230623.29171927547,1392416363.7183797,MANIPUR,Tamenglong,Tamenglong North,1865,258,14,1849
1850,14,273,01866,150060.3808110041,1033247867.3114771,MANIPUR,Tamenglong,Tamenglong,1866,258,14,1850
1851,14,274,01870,170184.84254273295,997488136.0552443,MANIPUR,Churachandpur,Churachandpur North,1870,254,14,1851
1852,14,274,01871,261374.5217856122,770197830.4998957,MANIPUR,Churachandpur,Churachandpur,1871,254,14,1852
1853,14,274,01872,158023.6160256241,1202008555.8722823,MANIPUR,Churachandpur,Singngat,1872,254,14,1853
1854,14,275,01873,63276.3178171262,117506403.31974763,MANIPUR,Bishnupur,Nambol,1873,252,14,1854
1855,14,275,01874,119753.80769673224,238306117.76123026,MANIPUR,Bishnupur,Bishnupur,1874,252,14,1855
1856,14,275,01875,193319.46079288636,214156009.99922255,MANIPUR,Bishnupur,Moirang,1875,252,14,1856
1857,14,276,01876,87801.61038709371,74502784.83117399,MANIPUR,Thoubal,Lilong,1876,259,14,1857
1858,14,276,01877,184911.68566997244,288261167.6969803,MANIPUR,Thoubal,Thoubal,1877,259,14,1858
1859,14,277,01879,141846.48310660338,305687708.32370067,MANIPUR,Imphal West,Lamshang,1879,256,14,1859
1860,14,277,01881,35291.11621520188,32827781.50064526,MANIPUR,Imphal West,Lamphelpat,1881,256,14,1860
1861,14,277,01882,130030.02393724637,202142344.04867914,MANIPUR,Imphal West,Wangoi,1882,256,14,1861
1862,14,278,01884,215884.53923440396,253242525.9810243,MANIPUR,Imphal East,Sawombung,1884,255,14,1862
1863,14,278,01886,147179.59148349392,184722513.39370248,MANIPUR,Imphal East,Keirao Bitra,1886,255,14,1863
1864,14,279,01887,207066.0460462152,1180655416.9866502,MANIPUR,Ukhrul,Ukhrul North,1887,260,14,1864
1865,14,279,01888,213996.21465320134,1456034423.3782284,MANIPUR,Ukhrul,Ukhurl Central,1888,260,14,1865
1866,14,280,01894,193182.6778493489,898685589.5375692,MANIPUR,Chandel,Chandel,1894,253,14,1866
1867,14,280,01895,215702.08289626671,1657681970.1877382,MANIPUR,Chandel,Chakpikarong,1895,253,14,1867
1868,14,766,01883,130651.06387194352,400972993.77938324,MANIPUR,Imphal East,Jiribam,1883,713,14,1868
1869,14,767,01861,129869.44197065255,558553013.3164933,MANIPUR,Senapati,Sadar Hills West,1861,712,14,1869
1870,14,767,01862,172950.88240020064,383215511.83592093,MANIPUR,Senapati,Saitu-Gamphazol,1862,712,14,1870
1871,14,767,01863,431236.59306670504,1021966605.7320247,MANIPUR,Senapati,Sadar Hills East,0,712,14,1871
1872,14,769,01892,187912.6541842027,591549974.0707979,MANIPUR,Chandel,Machi,1892,716,14,1872
1873,14,769,01893,170908.43339461568,792652345.6975502,MANIPUR,Chandel,Tengnoupal,1893,716,14,1873
1874,14,770,01889,192777.3058946888,1376756727.5285215,MANIPUR,Ukhrul,Kamjong-Chassad,1889,717,14,1874
1875,14,770,01890,145679.8374037249,786096443.9745253,MANIPUR,Ukhrul,Phungyar-Phaisat,1890,717,14,1875
1876,14,770,01891,148314.6785015376,659002973.7614985,MANIPUR,Ukhrul,Ukhrul South,1891,717,14,1876
1877,14,771,01867,247272.20574350262,1480257310.8538568,MANIPUR,Tamenglong,Nungba,1867,714,14,1877
1878,14,772,01868,199963.95984703235,1227684857.4244556,MANIPUR,Churachandpur,Tipaimukh,1868,715,14,1878
1879,14,772,01869,221181.59797444573,1338076735.309024,MANIPUR,Churachandpur,Thanlon,1869,715,14,1879
5947,14,278,01879,95651.56413385874,106030434.73782097,MANIPUR,Imphal East,Lamshang,1879,255,14,5947
5948,14,768,01871,231465.29777381427,368429628.9941793,MANIPUR,Kakching,Kakching,1871,711,14,5948
1946,17,293,01962,180534.50940637192,628741948.789654,MEGHALAYA,West Garo Hills,Selsella,1962,278,17,1946
1947,17,293,01963,116845.4341839027,623664194.8106023,MEGHALAYA,West Garo Hills,Dadenggiri,1963,278,17,1947
1948,17,293,01964,105788.93287770747,431986292.2981938,MEGHALAYA,West Garo Hills,Tikrikilla,1964,278,17,1948
1949,17,293,01965,151776.01410814066,769874089.4556922,MEGHALAYA,West Garo Hills,Rongram,1965,278,17,1949
1950,17,293,01968,123508.94606219638,398761415.81633306,MEGHALAYA,West Garo Hills,Gambegre,1968,278,17,1950
1951,17,294,01971,125220.61998891376,608891310.8309456,MEGHALAYA,East Garo Hills,Dambo Rongjeng,1971,273,17,1951
1952,17,294,01973,166553.2740376306,916840350.3549938,MEGHALAYA,East Garo Hills,Songsak,1973,273,17,1952
1953,17,294,01974,136815.82216297745,774479391.2147344,MEGHALAYA,East Garo Hills,Samanda,1974,273,17,1953
1954,17,295,01975,109520.28891650158,607363654.4479098,MEGHALAYA,South Garo Hills,Chokpot,1975,277,17,1954
1955,17,295,01976,90551.79792148818,381835556.2185158,MEGHALAYA,South Garo Hills,Gasuapara,1976,277,17,1955
1956,17,295,01977,153599.39283029523,704651031.1152585,MEGHALAYA,South Garo Hills,Baghmara,1977,277,17,1956
1957,17,295,01978,128340.24350078424,668868800.7398906,MEGHALAYA,South Garo Hills,Rongara,1978,277,17,1957
1958,17,296,01979,288386.7340977129,1967422464.0983183,MEGHALAYA,West Khasi Hills,Mawshynrut,1979,279,17,1958
1959,17,296,01980,215500.21610780907,1302836395.5832665,MEGHALAYA,West Khasi Hills,Nongstoin,1980,279,17,1959
1960,17,296,01981,129490.00649183925,506012609.99368197,MEGHALAYA,West Khasi Hills,Mawthadraishan,1981,279,17,1960
1961,17,296,01982,158428.08424813062,1090895860.1263652,MEGHALAYA,West Khasi Hills,Mairang,1982,279,17,1961
1962,17,297,01985,187326.65413915823,834484654.3374882,MEGHALAYA,Ribhoi,Umling,1985,276,17,1962
1963,17,297,01986,242957.69348985725,804740530.0205013,MEGHALAYA,Ribhoi,Jirang,1986,276,17,1963
1964,17,297,01987,248588.45128834786,1333791435.035788,MEGHALAYA,Ribhoi,Umsning,1987,276,17,1964
1965,17,298,01988,142798.74286818938,456221150.5999418,MEGHALAYA,East Khasi Hills,Mawphlang,1988,274,17,1965
1966,17,298,01989,82522.29854697511,266717374.73704296,MEGHALAYA,East Khasi Hills,Mylliem,1989,274,17,1966
1967,17,298,01990,80688.8771282639,287267930.9124357,MEGHALAYA,East Khasi Hills,Mawryngkneng,1990,274,17,1967
1968,17,298,01991,99764.79829926258,528940937.86423624,MEGHALAYA,East Khasi Hills,Mawkynrew,1991,274,17,1968
1969,17,298,01992,99945.15189904397,339341306.1930768,MEGHALAYA,East Khasi Hills,Khatarshnong Laitkroh,1992,274,17,1969
1970,17,298,01993,146480.9093847145,710272781.1285521,MEGHALAYA,East Khasi Hills,Mawsynram,1993,274,17,1970
1971,17,298,01994,83099.75567925758,359436527.44865155,MEGHALAYA,East Khasi Hills,Shella Bholaganj,1994,274,17,1971
1972,17,298,01995,116391.69578773428,503899573.2602029,MEGHALAYA,East Khasi Hills,Pynursla,1995,274,17,1972
1973,17,299,01996,178139.33029371622,1011833319.4370016,MEGHALAYA,West Jaintia Hills,Thadlaskein,1996,275,17,1973
1974,17,299,01997,133601.28456465478,651863656.4437611,MEGHALAYA,West Jaintia Hills,Laskein,1997,275,17,1974
1975,17,299,01998,114362.54821124721,540463833.555235,MEGHALAYA,West Jaintia Hills,Amlarem,1998,275,17,1975
1976,17,711,01966,89667.15197773777,310233617.26770097,MEGHALAYA,South West Garo Hills,Betasing,1966,663,17,1976
1977,17,711,01967,97620.9551724017,435516846.62746763,MEGHALAYA,South West Garo Hills,Zikzak,1967,663,17,1977
1978,17,293,01969,100205.47370212358,492566107.68005794,MEGHALAYA,WEST GARO HILLS,Dalu,1969,278,17,1978
1979,17,712,01970,194518.56323864803,667954333.5659904,MEGHALAYA,North Garo Hills,Resubelpara,1970,656,17,1979
1980,17,712,01972,122067.27166161191,524719333.8387335,MEGHALAYA,North Garo Hills,Kharkutta,1972,656,17,1980
1981,17,713,01983,183584.68968540154,823509260.0001144,MEGHALAYA,South West Khasi Hills,Ranikor,1983,658,17,1981
1982,17,713,01984,169019.24448912602,759278690.6798682,MEGHALAYA,South West Khasi Hills,Mawkyrwat,1984,658,17,1982
1983,17,714,01999,175932.56081827477,1178930204.4491708,MEGHALAYA,East Jaintia Hills,Khliehriat,1999,657,17,1983
1984,17,714,02000,189176.9458377509,1303890074.9372776,MEGHALAYA,East Jaintia Hills,Saipung,2000,657,17,1984
5954,17,293,01969,60746.215746281785,138459644.32927865,MEGHALAYA,WEST GARO HILLS,Dalu,1969,278,17,5954
1880,15,281,01896,259327.73006487504,1472314488.3831105,MIZORAM,Mamit,Zawlnuam,1896,266,15,1880
1881,15,281,01897,203982.47189400656,1169897531.0049262,MIZORAM,Mamit,West Phaileng,1897,266,15,1881
1882,15,281,01898,228565.0433559323,1024948551.9371738,MIZORAM,Mamit,Reiek,1898,266,15,1882
1883,15,282,01899,217597.3589435763,1227040860.1462226,MIZORAM,Kolasib,'N' Thingdawl,1899,263,15,1883
1884,15,282,01900,182372.38765550152,667558289.0949723,MIZORAM,Kolasib,Bilkhawthlir,1900,263,15,1884
1885,15,283,01901,108972.63898191768,460876267.2141644,MIZORAM,Kolasib,Tlangnuam (Part),1901,261,15,1885
1886,15,283,01902,238916.1729850766,1184411418.794741,MIZORAM,Aizawl,Darlawn,1902,261,15,1886
1887,15,283,01903,135494.9843050633,759953260.5233179,MIZORAM,Aizawl,Phullen,1903,261,15,1887
1888,15,283,01904,131680.00998241943,679456924.39006,MIZORAM,Aizawl,Aibawk,1904,261,15,1888
1889,15,283,01905,164390.6374304247,1137807681.3373222,MIZORAM,Aizawl,Thingsulthliah (Part),1905,261,15,1889
1890,15,284,01906,186017.41175880475,917449427.9780598,MIZORAM,Champhai,Ngopa,1906,262,15,1890
1891,15,284,01907,197356.8967459013,1090073375.4073596,MIZORAM,Champhai,Khawzawl,1907,262,15,1891
1892,15,284,01908,173352.3498808452,821776268.4357637,MIZORAM,Champhai,Champhai,1908,262,15,1892
1893,15,284,01909,157657.21963933884,918594824.833744,MIZORAM,Champhai,Khawbung,1909,262,15,1893
1894,15,285,01911,117066.69865314281,520187089.3987987,MIZORAM,Champhai,East Lungdar (Part),1911,268,15,1894
1895,15,285,01910,189687.62235499392,849610469.6611363,MIZORAM,Serchhip,Serchhip,1910,268,15,1895
1896,15,286,01912,214350.44413284256,1315437087.2626464,MIZORAM,Lunglei,West Bunghmun,1912,265,15,1896
1897,15,286,01913,245117.68177119194,1413155346.0708418,MIZORAM,Lunglei,Lungsen,1913,265,15,1897
1898,15,286,01914,227536.25766353452,1545072185.7806785,MIZORAM,Lunglei,Lunglei,1914,265,15,1898
1899,15,286,01915,166672.28556867415,1083141610.8781536,MIZORAM,Lunglei,Hnahthial,1915,265,15,1899
1900,15,287,01916,262764.56830047606,770443196.6514353,MIZORAM,Lawngtlai,Chawngte,1916,264,15,1900
1901,15,287,01917,239771.39050375373,1009219654.0938678,MIZORAM,Lawngtlai,Lawngtlai,1917,264,15,1901
1902,15,287,01918,147875.56073103868,574629051.7273226,MIZORAM,Lawngtlai,S' Bungtlang,1918,264,15,1902
1903,15,287,01919,142275.4297834352,599113659.9849106,MIZORAM,Lawngtlai,Sangau,1919,264,15,1903
1904,15,288,01920,221169.064968536,1201823902.5817597,MIZORAM,Saiha,Tuipang,1920,267,15,1904
1905,15,288,01921,130209.650943412,511348183.8370119,MIZORAM,Saiha,Saiha,1921,267,15,1905
5946,15,284,01911,61150.00779728763,203637240.7633333,MIZORAM,Champhai,East Lungdar (Part),1911,262,15,5946
1735,13,261,01744,89519.19303791212,307008179.7128015,NAGALAND,Mon,Naginimora,1744,247,13,1735
1736,13,261,01745,87600.56918097346,234379135.05873942,NAGALAND,Mon,Tizit,1745,247,13,1736
1737,13,261,01746,70782.27808452258,170893341.14091417,NAGALAND,Mon,Hunta,1746,247,13,1737
1738,13,261,01747,54341.92611043059,134466080.68786678,NAGALAND,Mon,Shangnyu,1747,247,13,1738
1739,13,261,01748,92337.02943954946,372487684.9406364,NAGALAND,Mon,Mon Sadar,1748,247,13,1739
1740,13,261,01749,67056.51754314889,223732625.036504,NAGALAND,Mon,Wakching,1749,247,13,1740
1741,13,261,01750,67532.24982087321,167716791.7265826,NAGALAND,Mon,Aboi,1750,247,13,1741
1742,13,261,01751,58373.17997548979,176429653.0700261,NAGALAND,Mon,Longshen,1751,247,13,1742
1743,13,261,01752,58719.80328196114,114746493.25846945,NAGALAND,Mon,Phomching,1752,247,13,1743
1744,13,261,01753,69264.25311185957,216012539.0236849,NAGALAND,Mon,Chen,1753,247,13,1744
1745,13,261,01754,67056.89557319363,159298485.61526707,NAGALAND,Mon,Angjangyang,1754,247,13,1745
1746,13,261,01755,50385.36754730723,105101414.59616336,NAGALAND,Mon,Mopong,1755,247,13,1746
1747,13,261,01756,51718.63049980916,128637272.6754869,NAGALAND,Mon,Tobu,1756,247,13,1747
1748,13,261,01757,71905.00559989356,180282198.62647334,NAGALAND,Mon,Monyakshu,1757,247,13,1748
1749,13,262,01758,83505.01457762728,169652032.27933252,NAGALAND,Mokokchung,Longchem,1758,246,13,1749
1750,13,262,01759,105846.89586260248,316090070.2305917,NAGALAND,Mokokchung,Alongkima,1759,246,13,1750
1751,13,262,01760,109686.49929622721,224105053.6251991,NAGALAND,Mokokchung,Tuli,1760,246,13,1751
1752,13,262,01761,53283.336847155755,137955253.05918643,NAGALAND,Mokokchung,Changtongya,1761,246,13,1752
1753,13,262,01762,82666.64955392166,219751151.19061452,NAGALAND,Mokokchung,Chuchuyimlang,1762,246,13,1753
1754,13,262,01763,56893.44837556631,151630948.38301492,NAGALAND,Mokokchung,Kubolong,1763,246,13,1754
1755,13,262,01764,95012.77345186166,258833034.2258005,NAGALAND,Mokokchung,Mangkolemba,1764,246,13,1755
1756,13,262,01766,160088.74634127202,534586752.3194547,NAGALAND,Mokokchung,Ongpangkong,1766,246,13,1756
1757,13,263,01767,44866.65152313424,76581357.25358626,NAGALAND,Zunheboto,V.K.,1767,251,13,1757
1758,13,263,01768,68178.67167684398,139134414.03035578,NAGALAND,Zunheboto,Akuluto,1768,251,13,1758
1759,13,263,01769,65236.40671339896,169986812.76470098,NAGALAND,Zunheboto,Suruhuto,1769,251,13,1759
1760,13,263,01770,61410.67992209572,127402933.51878296,NAGALAND,Zunheboto,Asuto,1770,251,13,1760
1761,13,263,01771,67201.07407807723,187833929.6289643,NAGALAND,Zunheboto,Aghunato,1771,251,13,1761
1762,13,263,01772,62733.813668811476,181130376.57781556,NAGALAND,Zunheboto,Zunheboto Sadar,1772,251,13,1762
1763,13,263,01773,66534.96808706764,137955493.4087589,NAGALAND,Zunheboto,Atoizu,1773,251,13,1763
1764,13,263,01774,40896.511609673544,79252389.37514439,NAGALAND,Zunheboto,Akuhaito,1774,251,13,1764
1765,13,263,01776,64967.35016440148,150241859.79300842,NAGALAND,Zunheboto,Ghathashi,1776,251,13,1765
1766,13,263,01777,74343.85082681166,207225476.13212422,NAGALAND,Zunheboto,Satakha,1777,251,13,1766
1767,13,263,01778,50297.49260517657,111228337.078253,NAGALAND,Zunheboto,Saptiqa,1778,251,13,1767
1768,13,263,01779,74085.82060342407,171241281.28871396,NAGALAND,Zunheboto,Satoi,1779,251,13,1768
1769,13,264,01780,83608.11596153941,244330156.82331228,NAGALAND,Wokha,Changpang,1780,250,13,1769
1770,13,264,01781,74045.31774841508,200777753.44371632,NAGALAND,Wokha,Aitepyong,1781,250,13,1770
1771,13,264,01782,107843.5900318136,327403542.0101482,NAGALAND,Wokha,Bhandari,1782,250,13,1771
1772,13,264,01783,24874.238640412506,42247853.88640111,NAGALAND,Wokha,Baghty,1783,250,13,1772
1773,13,264,01784,69091.58383644483,145935309.8603243,NAGALAND,Wokha,Sungro,1784,250,13,1773
1774,13,264,01785,57005.26339726701,118477709.7557807,NAGALAND,Wokha,Sanis,1785,250,13,1774
1775,13,264,01786,46150.93610629508,99714364.55555676,NAGALAND,Wokha,Lotsu,1786,250,13,1775
1776,13,264,01787,46421.18088482885,87295913.3210102,NAGALAND,Wokha,Ralan,1787,250,13,1776
1777,13,264,01788,45630.04585239077,118288828.71645471,NAGALAND,Wokha,Wozhuro,1788,250,13,1777
1778,13,264,01789,95893.17070573947,333481336.4370166,NAGALAND,Wokha,Wokha Sadar,1789,250,13,1778
1779,13,264,01790,37961.99324683675,87820756.86654744,NAGALAND,Wokha,Englan,1790,250,13,1779
1780,13,264,01791,52130.48316930848,131495487.23139781,NAGALAND,Wokha,Chukitong,1791,250,13,1780
1781,13,265,01792,36494.55424291815,48024172.63848604,NAGALAND,Dimapur,Niuland,1792,244,13,1781
1782,13,265,01794,23842.491680954543,27691655.460247,NAGALAND,Dimapur,Kuhoboto,1794,244,13,1782
1783,13,265,01795,52417.268387152944,61938521.968605936,NAGALAND,Dimapur,Nihokhu,1795,244,13,1783
1784,13,265,01796,26955.227168366408,41153020.39043244,NAGALAND,Dimapur,Dimapur Sadar,1796,244,13,1784
1785,13,265,01797,93947.93130026768,207779184.17917123,NAGALAND,Dimapur,Chumukedima,1797,244,13,1785
1786,13,265,01798,96726.52995807597,325339551.04547143,NAGALAND,Dimapur,Dhansiripar,1798,244,13,1786
1787,13,265,01799,95037.05464581208,518429151.8578232,NAGALAND,Dimapur,Medziphema,1799,244,13,1787
1788,13,266,01800,52160.482279430835,136713396.71529073,NAGALAND,Phek,Sekruzu,1800,248,13,1788
1789,13,266,01801,92733.53774171625,348708326.11146975,NAGALAND,Phek,Phek Sadar,1801,248,13,1789
1790,13,266,01802,45398.07534429124,92994147.53654543,NAGALAND,Phek,Khuza,1802,248,13,1790
1791,13,266,01803,119965.90075608132,443162421.4453984,NAGALAND,Phek,Meluri,1803,248,13,1791
1792,13,266,01804,57262.04180890296,140276591.14304653,NAGALAND,Phek,Phor,1804,248,13,1792
1793,13,266,01805,118686.08782924755,519491623.6631293,NAGALAND,Phek,Phokhungri,1805,248,13,1793
1794,13,266,01807,49193.93658244623,115172206.81654601,NAGALAND,Phek,Chetheba,1807,248,13,1794
1795,13,266,01808,39910.47556900546,87394827.09995364,NAGALAND,Phek,Sakraba,1808,248,13,1795
1796,13,266,01809,61726.630762208304,140484808.0895754,NAGALAND,Phek,Pfutsero,1809,248,13,1796
1797,13,266,01810,35363.87901816352,49905305.46110203,NAGALAND,Phek,Zuketsa,1810,248,13,1797
1798,13,266,01811,25791.342937525835,28651611.24391479,NAGALAND,Phek,Khezhakeno,1811,248,13,1798
1799,13,266,01812,40264.70593777365,80792883.1503828,NAGALAND,Phek,Chizami,1812,248,13,1799
1800,13,266,01813,26304.56520184463,41190527.87534065,NAGALAND,Phek,Razieba,1813,248,13,1800
1801,13,267,01814,82538.28035820476,239070473.48619762,NAGALAND,Tuensang,Noksen,1814,249,13,1801
1802,13,267,01815,49697.75673250494,97681337.37481391,NAGALAND,Tuensang,Chare,1815,249,13,1802
1803,13,267,01816,60738.20083013373,159714391.36322,NAGALAND,Tuensang,Longkhim,1816,249,13,1803
1804,13,267,01817,67473.45030322757,141899252.4715768,NAGALAND,Tuensang,Tuensang Sadar,1817,249,13,1804
1805,13,267,01818,49420.76168952603,118582936.40419573,NAGALAND,Tuensang,Ngoungchung,1818,249,13,1805
1806,13,267,01819,61390.955746579166,141279193.3414166,NAGALAND,Tuensang,Sangsangnyu,1819,249,13,1806
1807,13,267,01820,63021.28592064138,176716851.79061761,NAGALAND,Tuensang,Sotokur,1820,249,13,1807
1808,13,267,01821,62679.691293659096,132134101.4576897,NAGALAND,Tuensang,Noklak,1821,249,13,1808
1809,13,267,01822,79421.79718549285,163120204.52433398,NAGALAND,Tuensang,Chingmei,1822,249,13,1809
1810,13,267,01823,96431.56282066976,355117159.6550761,NAGALAND,Tuensang,Nokhu,1823,249,13,1810
1811,13,267,01824,45261.921635183455,119101510.30356292,NAGALAND,Tuensang,Panso,1824,249,13,1811
1812,13,267,01825,68496.22714715643,243496451.71029338,NAGALAND,Tuensang,Shamator,1825,249,13,1812
1813,13,269,01826,29151.09393715939,45261190.75235849,NAGALAND,Tuensang,Tsurungto,1826,614,13,1813
1814,13,267,01827,36377.272572342925,64178305.192494445,NAGALAND,Tuensang,Chessore,1827,249,13,1814
1815,13,267,01828,54531.87291560602,79835596.50319113,NAGALAND,Tuensang,Mangko,1828,249,13,1815
1816,13,267,01829,113855.87011994784,462953745.46367234,NAGALAND,Tuensang,Thonoknyu,1829,249,13,1816
1817,13,268,01830,46919.409940450496,72826912.97898807,NAGALAND,Longleng,Tamlu,1830,615,13,1817
1818,13,268,01831,53269.1378431273,86021981.48483875,NAGALAND,Longleng,Namsang,1831,615,13,1818
1819,13,268,01832,74442.1388383124,187741120.82836068,NAGALAND,Longleng,Yongnyah,1832,615,13,1819
1820,13,268,01833,69530.55424401653,211524780.22777957,NAGALAND,Longleng,Longleng,1833,615,13,1820
1821,13,268,01834,57651.4359142089,136939593.11774188,NAGALAND,Longleng,Sakshi,1834,615,13,1821
1822,13,269,01835,70119.10207603572,187472444.44534355,NAGALAND,Kiphire,Seyochung,1835,614,13,1822
1823,13,269,01836,46981.67032062955,119148337.28426887,NAGALAND,Kiphire,Amahator,1836,614,13,1823
1824,13,269,01837,64293.39642939346,135683960.5984089,NAGALAND,Kiphire,Kiphire Sadar,1837,614,13,1824
1825,13,269,01838,74657.19763736836,188142582.43134427,NAGALAND,Kiphire,Kiusam,1838,614,13,1825
1826,13,269,01839,46946.3171899285,127486756.10896966,NAGALAND,Kiphire,Sitimi,1839,614,13,1826
1827,13,269,01840,58414.32393027062,96427647.31132583,NAGALAND,Kiphire,Longmatra,1840,614,13,1827
1828,13,269,01841,113991.13809771091,405689480.0471092,NAGALAND,Kiphire,Pungro,1841,614,13,1828
1829,13,269,01842,52647.488346227765,138798615.0248815,NAGALAND,Kiphire,Khongsa,1842,614,13,1829
1830,13,270,01843,69643.87320478079,200396435.21551996,NAGALAND,Kohima,Tseminyu,1843,245,13,1830
1831,13,270,01844,65516.28141379057,168743394.53211987,NAGALAND,Kohima,Tsogin,1844,245,13,1831
1832,13,270,01845,107158.8311785712,369881402.3305171,NAGALAND,Kohima,Chiephobozou,1845,245,13,1832
1833,13,270,01846,79127.1081722174,193051981.25724936,NAGALAND,Kohima,Botsa,1846,245,13,1833
1834,13,270,01847,91195.4846428573,160501731.30084684,NAGALAND,Kohima,Kezocha,1847,245,13,1834
1835,13,270,01848,64323.01058942326,186178396.4315986,NAGALAND,Kohima,Jakhama,1848,245,13,1835
1836,13,270,01849,25523.470548825728,32416238.93271731,NAGALAND,Kohima,Kohima Sadar,1849,245,13,1836
1837,13,270,01850,90072.82850548482,282979086.9714525,NAGALAND,Kohima,Sechu-Zubza,1850,245,13,1837
1838,13,271,01851,73467.98507585342,230632783.66689602,NAGALAND,Peren,Pedi (Ngwalwa),1851,613,13,1838
1839,13,271,01852,56039.93773467169,147697817.45996317,NAGALAND,Peren,Jalukie,1852,613,13,1839
1840,13,271,01853,126076.89736085244,520259744.0108731,NAGALAND,Peren,Athibung,1853,613,13,1840
1841,13,271,01854,66756.56213768407,151030163.92951232,NAGALAND,Peren,Kebai Khelma,1854,613,13,1841
1842,13,271,01855,93984.86547287836,293400619.2391557,NAGALAND,Peren,Nsong,1855,613,13,1842
1843,13,271,01856,108699.47236800006,411520238.7034145,NAGALAND,Peren,Tening,1856,613,13,1843
1844,13,271,01857,105881.89473849563,290657943.1789021,NAGALAND,Peren,Peren,1857,613,13,1844
5955,13,266,01806,46065.49279796219,108371273.81475542,NAGALAND,Phek,Chozuba,1806,248,13,5955
5956,13,263,01806,83166.42838638811,209717465.5292663,NAGALAND,ZUNHEBOTO,Chozuba,1806,251,13,5956
2773,21,370,02755,175809.42168290407,651663013.1763536,ODISHA,Bargarh,Paikamal,2755,347,21,2773
2774,21,370,02756,192057.189613589,762609592.0726155,ODISHA,Bargarh,Jharbandha,2756,347,21,2774
2775,21,370,02757,133403.0316508865,345667470.30086434,ODISHA,Bargarh,Padmapur,2757,347,21,2775
2776,21,370,02758,113949.81262006357,267203929.5741114,ODISHA,Bargarh,BurdenP.S.,2758,347,21,2776
2777,21,370,02759,135841.04834877857,375209166.29752743,ODISHA,Bargarh,Gaisilet,2759,347,21,2777
2778,21,370,02760,111097.80590198838,352346374.409637,ODISHA,Bargarh,Melchhamunda,2760,347,21,2778
2779,21,370,02761,151039.15315281786,489591723.7333345,ODISHA,Bargarh,Sohela,2761,347,21,2779
2780,21,370,02762,130550.30432979853,380054000.3669425,ODISHA,Bargarh,Bijepur,2762,347,21,2780
2781,21,370,02763,130627.45788575964,330728002.30920184,ODISHA,Bargarh,Barapali,2763,347,21,2781
2782,21,370,02764,110095.31102089648,429030347.51613736,ODISHA,Bargarh,Bheden,2764,347,21,2782
2783,21,370,02765,84920.45012871975,199815077.9417325,ODISHA,Bargarh,Bargarh,2765,347,21,2783
2784,21,370,02766,107163.66246825286,244423426.02496243,ODISHA,Bargarh,Bargarh Sadar,2766,347,21,2784
2785,21,370,02767,126468.39138048387,452431355.95080835,ODISHA,Bargarh,Bhatli,2767,347,21,2785
2786,21,370,02768,182236.22742631778,748663120.7799644,ODISHA,Bargarh,Ambabhona,2768,347,21,2786
2787,21,370,02769,139077.61226881098,731141951.9095639,ODISHA,Bargarh,Attabira,2769,347,21,2787
2788,21,371,02770,123926.9392323554,383289208.95903265,ODISHA,Jharsuguda,Rengali,2770,357,21,2788
2789,21,371,02771,102445.59252762234,292690754.4207255,ODISHA,Jharsuguda,Lakhanpur,2771,357,21,2789
2790,21,371,02772,39879.97964664386,51636171.794619374,ODISHA,Jharsuguda,Belpahar,2772,357,21,2790
2791,21,371,02773,146243.43288686793,405195378.12704283,ODISHA,Jharsuguda,Banaharapali,2773,357,21,2791
2792,21,371,02774,38604.121092760535,63723656.34343859,ODISHA,Jharsuguda,Orient,2774,357,21,2792
2793,21,371,02775,77464.31118645887,150491325.74969098,ODISHA,Jharsuguda,Brajarajnagar,2775,357,21,2793
2794,21,371,02776,71630.48379948488,182666001.10086885,ODISHA,Jharsuguda,Jharsuguda,2776,357,21,2794
2795,21,371,02777,73791.969918441,108517737.25356346,ODISHA,Jharsuguda,Badmal,2777,357,21,2795
2796,21,371,02778,156116.511899713,667393843.6524856,ODISHA,Jharsuguda,Laikera,2778,357,21,2796
2797,21,371,02779,61975.65167615747,118058383.53832729,ODISHA,Jharsuguda,Kolabira,2779,357,21,2797
2798,21,372,02780,108019.96425235237,411968326.8064806,ODISHA,Sambalpur,Govindpur,2780,371,21,2798
2799,21,372,02781,184931.38294017618,690100654.2495395,ODISHA,Sambalpur,Mahulpalli,2781,371,21,2799
2800,21,372,02782,169879.13309951618,624563552.8083063,ODISHA,Sambalpur,Kochinda,2782,371,21,2800
2801,21,372,02783,111456.44998265557,327889454.93386716,ODISHA,Sambalpur,Katarbaga,2783,371,21,2801
2802,21,372,02784,74373.59506507986,147628862.93124807,ODISHA,Sambalpur,Thelkoloi,2784,371,21,2802
2803,21,372,02785,64303.589720133874,134321646.36097425,ODISHA,Sambalpur,Rengali,2785,371,21,2803
2804,21,372,02786,120945.88690688943,280630044.0039692,ODISHA,Sambalpur,Sasan,2786,371,21,2804
2805,21,372,02787,62197.69991772076,133674550.42331867,ODISHA,Sambalpur,Hirakud,2787,371,21,2805
2806,21,372,02788,89208.37114876218,240941129.2957764,ODISHA,Sambalpur,Burla,2788,371,21,2806
2807,21,372,02789,22376.875509541598,15481659.811308622,ODISHA,Sambalpur,Dhanupali,2789,371,21,2807
2808,21,372,02790,29800.049882428775,27103647.20503809,ODISHA,Sambalpur,Ainthapali,2790,371,21,2808
2809,21,372,02791,76776.31767142184,162698970.1030216,ODISHA,Sambalpur,Sadar,2791,371,21,2809
2810,21,372,02792,197975.8651698588,811089402.5422873,ODISHA,Sambalpur,Jamankira,2792,371,21,2810
2811,21,372,02793,142889.381269396,503700805.45268977,ODISHA,Sambalpur,Kisinda,2793,371,21,2811
2812,21,372,02794,151139.40286474975,713097896.3463937,ODISHA,Sambalpur,Jujomura,2794,371,21,2812
2813,21,372,02795,109520.56441495926,344058001.71047294,ODISHA,Sambalpur,Dhama,2795,371,21,2813
2814,21,372,02796,129306.32861542572,593423516.9496166,ODISHA,Sambalpur,Charamal,2796,371,21,2814
2815,21,372,02797,250059.012309086,957487326.8340151,ODISHA,Sambalpur,Rairakhol,2797,371,21,2815
2816,21,372,02798,148803.32728792084,532734370.8847569,ODISHA,Sambalpur,Naktideul,2798,371,21,2816
2817,21,372,02799,43441.911403259866,55382457.89958875,ODISHA,Sambalpur,Sambalpur (M),2799,371,21,2817
2818,21,373,02800,228599.6373071696,1112459552.7993472,ODISHA,Debagarh,Debagarh,2800,351,21,2818
2819,21,373,02801,191712.98456671528,730316976.7806736,ODISHA,Debagarh,Barkot,2801,351,21,2819
2820,21,373,02802,199838.58809822242,751681962.525693,ODISHA,Debagarh,Kundheigola,2802,351,21,2820
2821,21,373,02803,190135.41687467703,819436143.9536612,ODISHA,Debagarh,Reamal,2803,351,21,2821
2822,21,374,02804,179954.26833749487,1037482870.0292251,ODISHA,Sundargarh,Hemgir,2804,373,21,2822
2823,21,374,02805,155751.24618620734,645255226.845677,ODISHA,Sundargarh,Lephripara,2805,373,21,2823
2824,21,374,02806,99432.36119029016,241028089.52145824,ODISHA,Sundargarh,Bhasma,2806,373,21,2824
2825,21,374,02807,81395.40540703821,223278391.63209817,ODISHA,Sundargarh,Dharuadihi,2807,373,21,2825
2826,21,374,02808,39605.72780691738,49609642.58315372,ODISHA,Sundargarh,Sundargarh Town,2808,373,21,2826
2827,21,374,02809,198892.29978437425,486316762.7827812,ODISHA,Sundargarh,Sundargarh,2809,373,21,2827
2828,21,374,02810,127907.4463048871,481353397.20339507,ODISHA,Sundargarh,Kinjirkela,2810,373,21,2828
2829,21,374,02811,149540.47466456192,598922246.9494976,ODISHA,Sundargarh,Talasara,2811,373,21,2829
2830,21,374,02812,137765.521137594,526098732.6825794,ODISHA,Sundargarh,Baragaon,2812,373,21,2830
2831,21,374,02813,134713.88977164068,367624650.0130207,ODISHA,Sundargarh,Kutra,2813,373,21,2831
2832,21,374,02814,163954.53779472798,714841859.6491995,ODISHA,Sundargarh,Rajagangapur,2814,373,21,2832
2833,21,374,02815,90998.84121928309,293402953.2380039,ODISHA,Sundargarh,Raiboga,2815,373,21,2833
2834,21,374,02816,110556.17061962117,398139945.69918144,ODISHA,Sundargarh,Biramitrapur,2816,373,21,2834
2835,21,374,02817,93949.36392704112,278553871.30981624,ODISHA,Sundargarh,Hatibari,2817,373,21,2835
2836,21,374,02818,150352.86706334326,484297407.1581162,ODISHA,Sundargarh,Bisra,2818,373,21,2836
2837,21,374,02819,33294.919086828035,28702806.31905516,ODISHA,Sundargarh,Bondamunda,2819,373,21,2837
2838,21,374,02820,114881.21003705713,363546084.73802793,ODISHA,Sundargarh,Brahmani Tarang,2820,373,21,2838
2839,21,374,02821,22501.65040378422,21041902.855713315,ODISHA,Sundargarh,Raghunathapali,2821,373,21,2839
2840,21,374,02822,22416.37273533734,18882560.918770503,ODISHA,Sundargarh,Tangarapali,2822,373,21,2840
2841,21,374,02823,79649.87926144192,142013109.02055612,ODISHA,Sundargarh,Lathikata,2823,373,21,2841
2842,21,374,02824,140875.57796858868,376553357.2952393,ODISHA,Sundargarh,Chandiposh,2824,373,21,2842
2843,21,374,02825,140230.4430331255,548202831.9802359,ODISHA,Sundargarh,Kamarposh Balang,2825,373,21,2843
2844,21,374,02826,112778.02866544323,411975225.0420416,ODISHA,Sundargarh,Koida,2826,373,21,2844
2845,21,374,02827,169988.5260816018,582241148.9184661,ODISHA,Sundargarh,Lahunipara,2827,373,21,2845
2846,21,374,02828,195336.69763739145,961652238.5586083,ODISHA,Sundargarh,Gurundia,2828,373,21,2846
2847,21,374,02829,91948.63242780973,267728682.34052977,ODISHA,Sundargarh,Tikaetpali,2829,373,21,2847
2848,21,374,02830,173417.4822065851,381828548.661474,ODISHA,Sundargarh,Banei,2830,373,21,2848
2849,21,374,02831,99592.96529359692,337491125.1798878,ODISHA,Sundargarh,Mahulapada,2831,373,21,2849
2850,21,374,02832,50762.469386181794,81763907.41952147,ODISHA,Sundargarh,Raurkela (M),2832,373,21,2850
2851,21,374,02833,33838.39468089148,50773307.227117725,ODISHA,Sundargarh,Raurkela (ITS)P.S.,2833,373,21,2851
2852,21,375,02834,106455.5301275894,226666941.0636139,ODISHA,Kendujhar,Barbil,2834,361,21,2852
2853,21,375,02835,70773.88996616239,117327259.21485932,ODISHA,Kendujhar,Bolani,2835,361,21,2853
2854,21,375,02836,58861.033882107855,71485666.70185077,ODISHA,Kendujhar,Rugudi,2836,361,21,2854
2855,21,375,02837,97024.63773816479,196313610.31936207,ODISHA,Kendujhar,Joda,2837,361,21,2855
2856,21,375,02838,107010.84649570251,416827257.701038,ODISHA,Kendujhar,Bamebari,2838,361,21,2856
2857,21,375,02839,121702.71895199169,362834435.86661196,ODISHA,Kendujhar,Champua,2839,361,21,2857
2858,21,375,02840,66710.18878549687,169407479.8408029,ODISHA,Kendujhar,Jhumpura,2840,361,21,2858
2859,21,375,02841,98331.98544053914,304756517.77011114,ODISHA,Kendujhar,Baria,2841,361,21,2859
2860,21,375,02842,113668.08048192569,341481194.41892684,ODISHA,Kendujhar,Turumunga,2842,361,21,2860
2861,21,375,02843,152711.25033753453,528771255.47247434,ODISHA,Kendujhar,Patana,2843,361,21,2861
2862,21,375,02844,304570.5353913951,827702072.1144729,ODISHA,Kendujhar,Kendujhar Sadar,2844,361,21,2862
2863,21,375,02845,112878.00619877002,226759103.5383723,ODISHA,Kendujhar,Kendujhar Town,2845,361,21,2863
2864,21,375,02846,179929.5368800837,653082224.861506,ODISHA,Kendujhar,Nayakote,2846,361,21,2864
2865,21,375,02847,119044.18539984697,386317471.1751584,ODISHA,Kendujhar,Kanjipani,2847,361,21,2865
2866,21,375,02848,211452.8155001625,995632027.4823468,ODISHA,Kendujhar,Telkoi,2848,361,21,2866
2867,21,375,02849,146357.60432628184,478886200.19205374,ODISHA,Kendujhar,Pandapara,2849,361,21,2867
2868,21,375,02850,215414.95044362676,791515555.9809011,ODISHA,Kendujhar,Ghatgaon,2850,361,21,2868
2869,21,375,02851,164070.01710077375,651023133.3673166,ODISHA,Kendujhar,Harichandanpur,2851,361,21,2869
2870,21,375,02852,87872.54641319698,321283772.24665594,ODISHA,Kendujhar,Daitari,2852,361,21,2870
2871,21,375,02853,174878.58020424732,473795250.6974192,ODISHA,Kendujhar,Ghasipura,2853,361,21,2871
2872,21,375,02854,186716.4440963736,431540578.6307495,ODISHA,Kendujhar,Anandapur,2854,361,21,2872
2873,21,375,02855,91903.90024761073,292533440.0776451,ODISHA,Kendujhar,Soso,2855,361,21,2873
2874,21,375,02856,81979.67412410348,187117286.33719033,ODISHA,Kendujhar,Nandipada,2856,361,21,2874
2875,21,375,02857,78360.49887947901,202347476.28991804,ODISHA,Kendujhar,Sainkul,2857,361,21,2875
2876,21,376,02858,104994.34001739169,374995048.3420443,ODISHA,Mayurbhanj,Tiring,2858,365,21,2876
2877,21,376,02859,97887.7128199422,178534161.27274886,ODISHA,Mayurbhanj,Bahalda,2859,365,21,2877
2878,21,376,02860,76891.06359723087,234385002.8607178,ODISHA,Mayurbhanj,Jamda,2860,365,21,2878
2879,21,376,02861,61407.55814834705,102060674.2331875,ODISHA,Mayurbhanj,Rairangpur Town,2861,365,21,2879
2880,21,376,02862,138726.0136760255,384835068.0749547,ODISHA,Mayurbhanj,Gorumahisani,2862,365,21,2880
2881,21,376,02863,151188.17393448894,401982774.575315,ODISHA,Mayurbhanj,Jharpokharia,2863,365,21,2881
2882,21,376,02864,168884.614471749,406115027.78068346,ODISHA,Mayurbhanj,Bisoi,2864,365,21,2882
2883,21,376,02865,182955.0588302636,310008804.219394,ODISHA,Mayurbhanj,Rairangpur,2865,365,21,2883
2884,21,376,02866,123636.71304895479,254928722.74104133,ODISHA,Mayurbhanj,Badampahar,2866,365,21,2884
2885,21,376,02867,296005.18335823546,1078467034.252368,ODISHA,Mayurbhanj,Jashipur,2867,365,21,2885
2886,21,376,02868,97410.5031241189,293143112.23616123,ODISHA,Mayurbhanj,Raruan,2868,365,21,2886
2887,21,376,02869,75680.11369016844,130835016.18080114,ODISHA,Mayurbhanj,Ghagarbeda,2869,365,21,2887
2888,21,376,02870,227453.76399625096,772721604.6463764,ODISHA,Mayurbhanj,Karanjia,2870,365,21,2888
2889,21,376,02871,174041.8998630597,706265408.5244374,ODISHA,Mayurbhanj,Thakurmunda,2871,365,21,2889
2890,21,376,02872,344839.6898402542,1063639094.0812573,ODISHA,Mayurbhanj,Baripada Sadar,2872,365,21,2890
2891,21,376,02873,51456.136323768136,36429770.377058655,ODISHA,Mayurbhanj,Baripada Town,2873,365,21,2891
2892,21,376,02874,86319.37572951574,262668551.1261093,ODISHA,Mayurbhanj,Koliana,2874,365,21,2892
2893,21,376,02875,243675.8481220943,937912474.882816,ODISHA,Mayurbhanj,Bangiriposi,2875,365,21,2893
2894,21,376,02876,98274.08690933454,284821201.1036209,ODISHA,Mayurbhanj,Chandua,2876,365,21,2894
2895,21,376,02877,106360.61522185376,342438874.9604763,ODISHA,Mayurbhanj,Suliapada,2877,365,21,2895
2896,21,376,02878,141428.42945897108,263482998.3448877,ODISHA,Mayurbhanj,Muruda,2878,365,21,2896
2897,21,376,02879,170330.36091678098,270176857.8381793,ODISHA,Mayurbhanj,Rasagobindapur,2879,365,21,2897
2898,21,376,02880,161597.99185533132,314070257.64662874,ODISHA,Mayurbhanj,Baisinga,2880,365,21,2898
2899,21,376,02881,140320.00177115217,297695642.8656589,ODISHA,Mayurbhanj,Betanati,2881,365,21,2899
2900,21,376,02882,166223.93622331595,388203823.35937685,ODISHA,Mayurbhanj,Barsahi,2882,365,21,2900
2901,21,376,02883,127624.13601354972,392094261.50624174,ODISHA,Mayurbhanj,Khunta,2883,365,21,2901
2902,21,376,02884,201884.55233459716,599941598.6341587,ODISHA,Mayurbhanj,Udala,2884,365,21,2902
2903,21,376,02885,97089.79027184198,192626356.4634559,ODISHA,Mayurbhanj,Kaptipada,2885,365,21,2903
2904,21,376,02886,110617.61710045596,434022138.5949826,ODISHA,Mayurbhanj,Sharata,2886,365,21,2904
2905,21,376,02887,155529.99023698163,424021675.13944316,ODISHA,Mayurbhanj,Mahuldiha,2887,365,21,2905
2906,21,376,02888,14496.832896228201,6300014.2388991015,ODISHA,Mayurbhanj,Baripada (M),2888,365,21,2906
2907,21,377,02889,70236.7858874604,216759075.3192027,ODISHA,Baleshwar,Raibania,2889,346,21,2907
2908,21,377,02890,101818.29930940844,224545453.017066,ODISHA,Baleshwar,Jaleswar,2890,346,21,2908
2909,21,377,02891,85961.75966602954,244006445.50936037,ODISHA,Baleshwar,Bhograi,2891,346,21,2909
2910,21,377,02892,82043.13328326751,160778825.5981764,ODISHA,Baleshwar,Kamarda,2892,346,21,2910
2911,21,377,02893,106572.14404003865,288213659.5632105,ODISHA,Baleshwar,Baliapal,2893,346,21,2911
2912,21,377,02894,131330.79750584264,253513990.93846577,ODISHA,Baleshwar,Singla,2894,346,21,2912
2913,21,377,02895,195956.7974347376,291315124.1843054,ODISHA,Baleshwar,Basta,2895,346,21,2913
2914,21,377,02896,57591.00656278685,37151591.18634732,ODISHA,Baleshwar,Rupsa,2896,346,21,2914
2915,21,377,02897,226833.73929169495,419354632.02408844,ODISHA,Baleshwar,Baleshwar Sadar,2897,346,21,2915
2916,21,377,02898,26880.718200023784,12057314.59874545,ODISHA,Baleshwar,Sahadevkhunta,2898,346,21,2916
2917,21,377,02899,51259.70798114556,89085515.82768257,ODISHA,Baleshwar,Chandipur,2899,346,21,2917
2918,21,377,02900,47646.08390580345,38617706.55172809,ODISHA,Baleshwar,Balaramgadi Marine,2900,346,21,2918
2919,21,377,02901,47191.21409829218,35524524.68863834,ODISHA,Baleshwar,Bampada,2901,346,21,2919
2920,21,377,02902,82331.80373014128,132546935.50435047,ODISHA,Baleshwar,Remuna,2902,346,21,2920
2921,21,377,02903,145589.69675898543,320163865.6480207,ODISHA,Baleshwar,Nilagiri,2903,346,21,2921
2922,21,377,02904,85819.73844875694,274372274.5864125,ODISHA,Baleshwar,Berhampur,2904,346,21,2922
2923,21,377,02905,77476.0221038863,196204216.22159067,ODISHA,Baleshwar,Oupada,2905,346,21,2923
2924,21,377,02906,113017.51847657005,297506961.26399225,ODISHA,Baleshwar,Khaira,2906,346,21,2924
2925,21,377,02907,186548.49144360542,607399928.9270449,ODISHA,Baleshwar,Soro,2907,346,21,2925
2926,21,377,02908,150376.01619897207,331836111.0135869,ODISHA,Baleshwar,Similia,2908,346,21,2926
2927,21,377,02909,44323.597436780365,32379853.31015011,ODISHA,Baleshwar,Baleshwar (M),2909,346,21,2927
2928,21,378,02910,66146.01607115533,107615766.24379216,ODISHA,Bhadrak,Agarpada,2910,348,21,2928
2929,21,378,02911,80285.50751280434,116476864.4693898,ODISHA,Bhadrak,Bant,2911,348,21,2929
2930,21,378,02912,84384.18738233631,256629148.29317397,ODISHA,Bhadrak,Bhandari Pokhari,2912,348,21,2930
2931,21,378,02913,93284.88718663093,172168313.25570333,ODISHA,Bhadrak,Dhamanagar,2913,348,21,2931
2932,21,378,02914,148997.89529008864,471817876.50516844,ODISHA,Bhadrak,Bhadrak Rural,2914,348,21,2932
2933,21,378,02915,111975.71222713923,291173374.8759024,ODISHA,Bhadrak,Basudebpur,2915,348,21,2933
2934,21,378,02916,80711.3022968896,289331729.5925161,ODISHA,Bhadrak,Naikanidihi,2916,348,21,2934
2935,21,378,02917,120537.35148893105,355702005.26058906,ODISHA,Bhadrak,Tihidi,2917,348,21,2935
2936,21,378,02918,108806.53846759732,197427401.2832393,ODISHA,Bhadrak,Dhusuri,2918,348,21,2936
2937,21,378,02919,96143.89217410535,224248656.19128895,ODISHA,Bhadrak,Chandabali,2919,348,21,2937
2938,21,378,02920,101478.17990529675,392947013.15099585,ODISHA,Bhadrak,Bansada,2920,348,21,2938
2939,21,378,02921,11454.34157742073,7450787.123253131,ODISHA,Bhadrak,Dhamara Marine,2921,348,21,2939
2940,21,379,02922,113959.24113033968,294372555.69040394,ODISHA,Kendrapara,Rajkanika,2922,360,21,2940
2941,21,379,02923,192969.25379243254,609556768.0977718,ODISHA,Kendrapara,Rajnagar,2923,360,21,2941
2942,21,379,02924,129236.9365792564,86388621.65925604,ODISHA,Kendrapara,Jamboo Marine,2924,360,21,2942
2943,21,379,02925,125163.69249167082,258852882.64211515,ODISHA,Kendrapara,Aali,2925,360,21,2943
2944,21,379,02926,138467.44359135412,349978230.3655567,ODISHA,Kendrapara,Pattamundai,2926,360,21,2944
2945,21,379,02927,21999.393727562125,11355300.731439164,ODISHA,Kendrapara,Kendrapara,2927,360,21,2945
2946,21,379,02928,159286.9210199284,256598409.06906486,ODISHA,Kendrapara,Kendrapara Sadar,2928,360,21,2946
2947,21,379,02929,81188.3058168973,116838090.07766773,ODISHA,Kendrapara,Nikirai,2929,360,21,2947
2948,21,379,02930,63117.26652538631,99230642.3706191,ODISHA,Kendrapara,Derabish,2930,360,21,2948
2949,21,379,02931,114744.6473505114,251435037.982843,ODISHA,Kendrapara,Patkura,2931,360,21,2949
2950,21,379,02932,88379.63761144808,183088810.1401809,ODISHA,Kendrapara,Marsaghai,2932,360,21,2950
2951,21,379,02933,214078.14521284378,385384920.2550249,ODISHA,Kendrapara,Mahakalapada,2933,360,21,2951
2952,21,380,02934,64096.71626944846,52237495.20228867,ODISHA,Jagatsinghapur,Paradip,2934,355,21,2952
2953,21,380,02935,40808.43728505268,51288882.80624474,ODISHA,Jagatsinghapur,Paradeep Lock,2935,355,21,2953
2954,21,380,02936,92003.13314308773,170640792.30717418,ODISHA,Jagatsinghapur,Kujang,2936,355,21,2954
2955,21,380,02937,66415.63357299626,103020348.20585911,ODISHA,Jagatsinghapur,Abhyachandpur,2937,355,21,2955
2956,21,380,02938,109782.99069794119,306031068.0976239,ODISHA,Jagatsinghapur,Ersama,2938,355,21,2956
2957,21,380,02939,142588.99523146945,354867386.23896265,ODISHA,Jagatsinghapur,Tirtol,2939,355,21,2957
2958,21,380,02940,99523.9139366256,321616764.42954046,ODISHA,Jagatsinghapur,Jagatsinghapur,2940,355,21,2958
2959,21,380,02941,64656.68810485242,131095328.44400309,ODISHA,Jagatsinghapur,Biridi,2941,355,21,2959
2960,21,380,02942,72631.09308133365,141797195.3042956,ODISHA,Jagatsinghapur,Naugaon,2942,355,21,2960
2961,21,380,02943,128711.11366637514,346479350.39468235,ODISHA,Jagatsinghapur,Balikuda,2943,355,21,2961
2962,21,381,02944,115215.28338643818,538618364.2134185,ODISHA,Cuttack,Narasinghpur,2944,350,21,2962
2963,21,381,02945,74572.07220423534,191154003.7740728,ODISHA,Cuttack,Kanpur,2945,350,21,2963
2964,21,381,02946,102031.18306479148,420913317.4462782,ODISHA,Cuttack,Badamba,2946,350,21,2964
2965,21,381,02947,73145.26370974918,117417205.52625456,ODISHA,Cuttack,Baidyeswar,2947,350,21,2965
2966,21,381,02948,154413.49217572925,475522941.2679144,ODISHA,Cuttack,Banki,2948,350,21,2966
2967,21,381,02949,82843.72278075681,131384384.2545192,ODISHA,Cuttack,Tigiria,2949,350,21,2967
2968,21,381,02950,97114.49590619521,174212215.43644828,ODISHA,Cuttack,Athagad,2950,350,21,2968
2969,21,381,02951,66939.7217298392,77306980.59222054,ODISHA,Cuttack,Barang,2951,350,21,2969
2970,21,381,02952,105612.99246520802,174161693.8059458,ODISHA,Cuttack,Gurudijhatia,2952,350,21,2970
2971,21,381,02953,77174.53603078179,137397237.99036372,ODISHA,Cuttack,Khuntuni,2953,350,21,2971
2972,21,381,02954,126128.44207451852,233462256.7588546,ODISHA,Cuttack,Choudwar,2954,350,21,2972
2973,21,381,02955,94691.19574279433,191332830.85489926,ODISHA,Cuttack,Tangi,2955,350,21,2973
2974,21,381,02956,105937.6267528056,232593280.74191847,ODISHA,Cuttack,Mahanga,2956,350,21,2974
2975,21,381,02957,69341.88461318384,165445703.255948,ODISHA,Cuttack,Salepur,2957,350,21,2975
2976,21,381,02958,49508.22858316355,58436867.173297435,ODISHA,Cuttack,Nischintakoili,2958,350,21,2976
2977,21,381,02959,72862.10458324534,105117116.00560461,ODISHA,Cuttack,Nemalo,2959,350,21,2977
2978,21,381,02960,93562.39560386317,170655279.83600795,ODISHA,Cuttack,Kishannagar,2960,350,21,2978
2979,21,381,02961,50742.98970023005,102435191.55269112,ODISHA,Cuttack,Jagatpur,2961,350,21,2979
2980,21,381,02962,76761.87559604002,162616162.80956984,ODISHA,Cuttack,Cuttack Sadar,2962,350,21,2980
2981,21,381,02963,35712.28404322005,42963294.65564819,ODISHA,Cuttack,Kandarpur,2963,350,21,2981
2982,21,381,02964,10055.155639396353,2965721.9694716996,ODISHA,Cuttack,C.R.R.I.,2964,350,21,2982
2983,21,381,02965,71873.79513896264,94743561.45356652,ODISHA,Cuttack,Gobindpur,2965,350,21,2983
2984,21,381,02966,43803.78283405527,41204395.84221998,ODISHA,Cuttack,Olatapur,2966,350,21,2984
2985,21,381,02967,111249.60525990902,235919019.96278617,ODISHA,Cuttack,Niali,2967,350,21,2985
2986,21,381,02968,86216.41212999792,137506267.14074212,ODISHA,Cuttack,Cuttack (M.Corp.) P.S,2968,350,21,2986
2987,21,382,02969,90442.4718670563,251623471.20249045,ODISHA,Jajapur,Sukinda,2969,356,21,2987
2988,21,382,02970,95850.97923447973,201567120.90429708,ODISHA,Jajapur,Tomka,2970,356,21,2988
2989,21,382,02971,86440.80558260034,256625690.92716995,ODISHA,Jajapur,Kaliapani,2971,356,21,2989
2990,21,382,02972,78294.70718444399,157336601.48109242,ODISHA,Jajapur,Kalinganagar,2972,356,21,2990
2991,21,382,02973,44552.48820336167,49987971.79245384,ODISHA,Jajapur,Jakhapura,2973,356,21,2991
2992,21,382,02974,87041.10483894043,125122435.37112464,ODISHA,Jajapur,Jajapur Road,2974,356,21,2992
2993,21,382,02975,94957.17576192411,237008967.99500316,ODISHA,Jajapur,Korai,2975,356,21,2993
2994,21,382,02976,86626.26799451598,149487721.62424624,ODISHA,Jajapur,Panikoili,2976,356,21,2994
2995,21,382,02977,105543.22293127653,128468789.58829217,ODISHA,Jajapur,Jajapur,2977,356,21,2995
2996,21,382,02978,109778.3487550883,181807689.84377542,ODISHA,Jajapur,Jajpur Sadar,2978,356,21,2996
2997,21,382,02979,99782.34847124312,207246361.07670042,ODISHA,Jajapur,Dharmasala,2979,356,21,2997
2998,21,382,02980,75498.96887253805,181001393.8246061,ODISHA,Jajapur,Jenapur,2980,356,21,2998
2999,21,382,02981,74434.4837689797,121690488.52707662,ODISHA,Jajapur,Kuakhia,2981,356,21,2999
3000,21,382,02982,113602.14780295458,292949343.1911025,ODISHA,Jajapur,Badachana,2982,356,21,3000
3001,21,382,02983,68972.7056239089,151686811.64107934,ODISHA,Jajapur,Balichandrapur,2983,356,21,3001
3002,21,382,02984,117836.8067481946,269949752.7954674,ODISHA,Jajapur,Binjharpur,2984,356,21,3002
3003,21,382,02985,77384.7075230063,158000674.40303066,ODISHA,Jajapur,Bari - Ramachandrapur,2985,356,21,3003
3004,21,382,02986,85789.14894314998,212321929.73032048,ODISHA,Jajapur,Mangalpur,2986,356,21,3004
3005,21,383,02987,186526.7480672817,950244285.9585551,ODISHA,Dhenkanal,Parajang,2987,352,21,3005
3006,21,383,02988,209693.8948679436,475675139.3655462,ODISHA,Dhenkanal,Kamakshyanagar,2988,352,21,3006
3007,21,383,02989,142442.03606548117,554763827.4912683,ODISHA,Dhenkanal,Kankadahad,2989,352,21,3007
3008,21,383,02990,93365.59885237973,261865732.90135112,ODISHA,Dhenkanal,Bhuban,2990,352,21,3008
3009,21,383,02991,150774.45163291108,590796841.6769476,ODISHA,Dhenkanal,Gandia,2991,352,21,3009
3010,21,383,02992,79521.63003651987,181206716.6025869,ODISHA,Dhenkanal,Nihalprasad,2992,352,21,3010
3011,21,383,02993,98926.98093384909,261041249.07362074,ODISHA,Dhenkanal,Tumusingha,2993,352,21,3011
3012,21,383,02994,82492.23442747325,151214510.97711062,ODISHA,Dhenkanal,Motunga,2994,352,21,3012
3013,21,383,02995,60174.79219521534,76258230.15629,ODISHA,Dhenkanal,Bhusan Steel Limited,2995,352,21,3013
3014,21,383,02996,65205.03563801884,138761365.73204693,ODISHA,Dhenkanal,Balimi,2996,352,21,3014
3015,21,383,02997,101302.25947618905,242793384.89574862,ODISHA,Dhenkanal,Hindol,2997,352,21,3015
3016,21,383,02998,136869.2828194064,455826253.331891,ODISHA,Dhenkanal,Rasol,2998,352,21,3016
3017,21,383,02999,168516.31431981415,787174309.1153721,ODISHA,Dhenkanal,Dhenkanal Sadar,2999,352,21,3017
3018,21,384,02995,9315.414120250249,3531790.30553019,ODISHA,Anugul,Bhusan Steel Limited,2995,344,21,3018
3019,21,384,03000,227315.26970357102,827358603.287567,ODISHA,Anugul,Palalahada,3000,344,21,3019
3020,21,384,03001,149092.17136213873,540680538.6007646,ODISHA,Anugul,Khamar,3001,344,21,3020
3021,21,384,03002,81214.46001971069,196574657.728865,ODISHA,Anugul,Rengali Damsite,3002,344,21,3021
3022,21,384,03003,134053.9949457034,368540454.8393186,ODISHA,Anugul,Kaniha,3003,344,21,3022
3023,21,384,03004,22827.115111031064,24644111.644348387,ODISHA,Anugul,N.T.P.C.,3004,344,21,3023
3024,21,384,03005,94673.6690242705,191103166.7634277,ODISHA,Anugul,Samal Barrage,3005,344,21,3024
3025,21,384,03006,111006.03076076151,203033674.9779253,ODISHA,Anugul,Talcher Sadar,3006,344,21,3025
3026,21,384,03007,99762.04625746999,136785900.49598345,ODISHA,Anugul,Colliery,3007,344,21,3026
3027,21,384,03008,37356.338583739634,35176444.94674572,ODISHA,Anugul,Bikrampur,3008,344,21,3027
3028,21,384,03009,36827.33149777976,47184856.16280729,ODISHA,Anugul,NALCO,3009,344,21,3028
3029,21,384,03010,128281.85540929744,174699420.9256304,ODISHA,Anugul,Banarpal,3010,344,21,3029
3030,21,384,03011,134465.9461272234,236013351.30577603,ODISHA,Anugul,Anugul,3011,344,21,3030
3031,21,384,03012,142016.54130509816,309308241.94552267,ODISHA,Anugul,Jarapada,3012,344,21,3031
3032,21,384,03013,115642.00044825456,185208580.08635017,ODISHA,Anugul,Industrial,3013,344,21,3032
3033,21,384,03014,176330.78126557515,589625125.4145181,ODISHA,Anugul,Chhendipada,3014,344,21,3033
3034,21,384,03015,118397.71004109413,504341666.0043114,ODISHA,Anugul,Handapa,3015,344,21,3034
3035,21,384,03016,122296.24974479081,471358580.8089428,ODISHA,Anugul,Kishorenagar,3016,344,21,3035
3036,21,384,03017,121142.44423110249,474495971.15725714,ODISHA,Anugul,Athmallik,3017,344,21,3036
3037,21,384,03018,75752.15867873923,186867612.28854457,ODISHA,Anugul,Kiakata,3018,344,21,3037
3038,21,384,03019,143426.91295930475,515597237.7251162,ODISHA,Anugul,Thakurgarh,3019,344,21,3038
3039,21,384,03020,170088.39579148215,751267168.3419764,ODISHA,Anugul,Purunakot,3020,344,21,3039
3040,21,384,03021,149473.028972255,383871710.78346896,ODISHA,Anugul,Bantala,3021,344,21,3040
3041,21,385,03022,146083.5943218008,462349086.152011,ODISHA,Nayagarh,Gania,3022,367,21,3041
3042,21,385,03023,123666.61078827766,618445978.96858,ODISHA,Nayagarh,Dasapalla,3023,367,21,3042
3043,21,385,03024,115279.46777526109,425707909.25786287,ODISHA,Nayagarh,Banigochha,3024,367,21,3043
3044,21,385,03025,120386.70864414949,292210055.1808868,ODISHA,Nayagarh,Nuagaon,3025,367,21,3044
3045,21,385,03026,105974.77379248317,385330431.9680346,ODISHA,Nayagarh,Khandapada,3026,367,21,3045
3046,21,385,03027,105344.75044433135,292984477.4323342,ODISHA,Nayagarh,Fategarh,3027,367,21,3046
3047,21,385,03028,44921.25657390663,70345227.89922269,ODISHA,Nayagarh,Nayagarh,3028,367,21,3047
3048,21,385,03029,65660.05027109885,114539595.15882768,ODISHA,Nayagarh,Itamati,3029,367,21,3048
3049,21,385,03030,124990.83305598362,275566188.3316711,ODISHA,Nayagarh,Nayagarh Sadar,3030,367,21,3049
3050,21,385,03031,144352.75684424207,570375971.399525,ODISHA,Nayagarh,Odagaon,3031,367,21,3050
3051,21,385,03032,105700.68742644793,341685552.66509026,ODISHA,Nayagarh,Sarankul,3032,367,21,3051
3052,21,385,03033,160610.71042908606,595980086.6406095,ODISHA,Nayagarh,Ranapur,3033,367,21,3052
3053,21,386,03034,91163.14070158813,187164065.1050138,ODISHA,Khordha,Bolagad,3034,362,21,3053
3054,21,386,03035,123451.7377260497,267528279.1325843,ODISHA,Khordha,Begunia,3035,362,21,3054
3055,21,386,03036,99641.41998008377,282816005.2281469,ODISHA,Khordha,Khordha,3036,362,21,3055
3056,21,386,03037,96929.634520845,169770119.62027395,ODISHA,Khordha,Khordha Sadar,3037,362,21,3056
3057,21,386,03038,109596.59264907983,291700668.0291982,ODISHA,Khordha,Chandaka,3038,362,21,3057
3058,21,386,03039,29115.01246590668,25387860.29687064,ODISHA,Khordha,Nandankanan,3039,362,21,3058
3059,21,386,03040,18439.369098791653,10110306.765246091,ODISHA,Khordha,Saheednagar,3040,362,21,3059
3060,21,386,03041,19646.220593517584,14854306.93409195,ODISHA,Khordha,Mancheswar,3041,362,21,3060
3061,21,386,03042,86823.83038213429,129774415.86209725,ODISHA,Khordha,Balianta,3042,362,21,3061
3062,21,386,03043,108603.65337113416,189084749.07721165,ODISHA,Khordha,Balipatna,3043,362,21,3062
3063,21,386,03044,6579.548863078847,2158710.424811226,ODISHA,Khordha,LINGARAJ,3044,362,21,3063
3064,21,386,03045,35317.78757885859,34810964.490952365,ODISHA,Khordha,Airfield (Kapila Prasad),3045,362,21,3064
3065,21,386,03046,44654.33601914602,24636126.97285116,ODISHA,Khordha,Uttara P.S,3046,362,21,3065
3066,21,386,03047,26031.448271654557,18603815.2862951,ODISHA,Khordha,Khandagiri,3047,362,21,3066
3067,21,386,03048,26132.923569255498,24267100.894400675,ODISHA,Khordha,Tamando,3048,362,21,3067
3068,21,386,03049,111479.46185719896,157554009.62454116,ODISHA,Khordha,Jatani,3049,362,21,3068
3069,21,386,03050,118007.75165349418,198776150.25024766,ODISHA,Khordha,Jankia,3050,362,21,3069
3070,21,386,03051,53611.03155626092,69547309.13107993,ODISHA,Khordha,Nirakarpur,3051,362,21,3070
3071,21,386,03052,125709.92641931772,333279189.6005871,ODISHA,Khordha,Tangi,3052,362,21,3071
3072,21,386,03053,127639.22372666468,182093347.4730238,ODISHA,Khordha,Balugaon,3053,362,21,3072
3073,21,386,03054,150707.84071854778,503557125.0848062,ODISHA,Khordha,Banapur,3054,362,21,3073
3074,21,386,03055,95559.14110891653,175625994.34080017,ODISHA,Khordha,Bhubaneswar (M.Corp.),3055,362,21,3074
3075,21,387,03056,99202.65620449485,208201235.43404332,ODISHA,Puri,Delanga,3056,369,21,3075
3076,21,387,03057,116971.89079024414,235245307.66871625,ODISHA,Puri,Pipili,3057,369,21,3076
3077,21,387,03058,118912.32064044362,362130582.81096727,ODISHA,Puri,Nimapada,3058,369,21,3077
3078,21,387,03059,70654.60783430263,128079463.80929175,ODISHA,Puri,Kakatpur,3059,369,21,3078
3079,21,387,03060,83336.91701290276,153140682.49660188,ODISHA,Puri,Astaranga,3060,369,21,3079
3080,21,387,03061,77666.28772498667,143791737.83732516,ODISHA,Puri,Konark,3061,369,21,3080
3081,21,387,03062,103622.92074040543,237333257.22365475,ODISHA,Puri,Gop,3062,369,21,3081
3082,21,387,03063,47236.04568169233,76872778.2316238,ODISHA,Puri,Ramachandi,3063,369,21,3082
3083,21,387,03064,163653.57819166256,361017793.31070006,ODISHA,Puri,Satyabadi,3064,369,21,3083
3084,21,387,03065,84713.78555247576,151604706.5796038,ODISHA,Puri,Chandanpur,3065,369,21,3084
3085,21,387,03066,129257.8906859638,261848952.54846647,ODISHA,Puri,Sadar,3066,369,21,3085
3086,21,387,03067,146377.10201012503,385517975.76716214,ODISHA,Puri,Brahmagiri,3067,369,21,3086
3087,21,387,03068,106164.9007519537,137943514.80260187,ODISHA,Puri,Gadisagada,3068,369,21,3087
3088,21,387,03069,199212.78307696842,1062151752.0172153,ODISHA,Puri,Krushna Prasad,3069,369,21,3088
3089,21,387,03070,19891.06920055494,15276086.689297646,ODISHA,Puri,Puri (M),3070,369,21,3089
3090,21,388,03071,186504.23543525313,798367626.6745555,ODISHA,Ganjam,TARASINGI,3071,354,21,3090
3091,21,388,03072,157396.51727868372,516218623.2923917,ODISHA,Ganjam,BUGUDA,3072,354,21,3091
3092,21,388,03073,116141.6727699143,257566505.1944346,ODISHA,Ganjam,JAGANNATH PRASAD,3073,354,21,3092
3093,21,388,03074,207929.46418987974,793103000.5569539,ODISHA,Ganjam,BHANJANAGAR,3074,354,21,3093
3094,21,388,03075,137959.67432619154,289248491.70636344,ODISHA,Ganjam,GANGAPUR,3075,354,21,3094
3095,21,388,03076,145644.83449469044,529881043.95935,ODISHA,Ganjam,SURADA,3076,354,21,3095
3096,21,388,03077,266493.7425665341,967138042.6183351,ODISHA,Ganjam,BADAGADA,3077,354,21,3096
3097,21,388,03078,115734.70285114631,200956357.73842373,ODISHA,Ganjam,ASIKA,3078,354,21,3097
3098,21,388,03079,115589.23931673379,81113653.00555347,ODISHA,Ganjam,DHARAKOTE,3079,354,21,3098
3099,21,388,03080,130410.0909859555,293287398.72025126,ODISHA,Ganjam,KABISURYANAGAR,3080,354,21,3099
3100,21,388,03081,129039.90492738668,444297618.1210854,ODISHA,Ganjam,POLASARA,3081,354,21,3100
3101,21,388,03082,150921.27248239788,284821878.6415227,ODISHA,Ganjam,KODALA,3082,354,21,3101
3102,21,388,03083,174350.16216133075,388235667.4996947,ODISHA,Ganjam,KHALIKOTE,3083,354,21,3102
3103,21,388,03084,133929.09928976063,262847311.11001346,ODISHA,Ganjam,RAMBHA,3084,354,21,3103
3104,21,388,03085,87260.35953552011,146850212.80909067,ODISHA,Ganjam,CHHATRAPUR,3085,354,21,3104
3105,21,388,03086,73110.52112079218,77582048.83363844,ODISHA,Ganjam,GANJAM,3086,354,21,3105
3106,21,388,03087,71050.1883098751,111571331.47021401,ODISHA,Ganjam,CHAMAKHANDI,3087,354,21,3106
3107,21,388,03088,10928.871928673809,5574484.698855094,ODISHA,Ganjam,ARJYAPALLI MARINE,3088,354,21,3107
3108,21,388,03089,117936.92475830407,285676118.46380556,ODISHA,Ganjam,PURUSOTTAMPUR,3089,354,21,3108
3109,21,388,03090,134352.10508224068,209530331.50937575,ODISHA,Ganjam,HINJILI,3090,354,21,3109
3110,21,388,03091,185026.27927289862,374577353.23299944,ODISHA,Ganjam,PATAPUR,3091,354,21,3110
3111,21,388,03092,85012.43411919176,117836253.70145284,ODISHA,Ganjam,SERAGAD,3092,354,21,3111
3112,21,388,03093,185973.05593411787,212039635.86059487,ODISHA,Ganjam,BRAHMAPUR SADAR,3093,354,21,3112
3113,21,388,03094,71276.4202198605,91414842.19042377,ODISHA,Ganjam,GOPALPUR,3094,354,21,3113
3114,21,388,03095,102798.96533352393,302882626.1362445,ODISHA,Ganjam,GOLANTHARA,3095,354,21,3114
3115,21,388,03096,162099.14403336588,433657209.5269405,ODISHA,Ganjam,DIGAPAHANDI,3096,354,21,3115
3116,21,388,03097,166901.9449775092,410744916.03278506,ODISHA,Ganjam,NUAGAON,3097,354,21,3116
3117,21,388,03098,161270.03600074266,366761898.70510864,ODISHA,Ganjam,JARADA,3098,354,21,3117
3118,21,388,03099,54172.41832188611,38928244.09575591,ODISHA,Ganjam,Brahmapur (M.Corp.),3099,354,21,3118
3119,21,388,03109,112616.80028292396,204843260.66170394,ODISHA,Ganjam,Ramagiri,3109,354,21,3119
3120,21,389,03100,182691.13907731313,913690691.0425042,ODISHA,Gajapati,Adva,3100,353,21,3120
3121,21,389,03101,200538.30311622113,722814782.3906728,ODISHA,Gajapati,Mohana,3101,353,21,3121
3122,21,389,03102,246922.47732836343,1058398772.4208882,ODISHA,Gajapati,R.Udaygiri,3102,353,21,3122
3123,21,389,03103,192116.75301872063,502035475.6033233,ODISHA,Gajapati,Serango,3103,353,21,3123
3124,21,389,03104,134983.40490808588,247733754.31801295,ODISHA,Gajapati,Kashinagara,3104,353,21,3124
3125,21,389,03105,107706.08742193636,130996818.19555683,ODISHA,Gajapati,Parlakhemundi,3105,353,21,3125
3126,21,389,03106,87089.68158363666,129565205.41802396,ODISHA,Gajapati,Gurandi,3106,353,21,3126
3127,21,389,03107,136841.30753543304,310757925.11234665,ODISHA,Gajapati,Rayagada,3107,353,21,3127
3128,21,389,03108,165907.02340438584,291054111.4099733,ODISHA,Gajapati,Garabandha,3108,353,21,3128
3129,21,389,03109,158120.40384079522,339778316.805038,ODISHA,Gajapati,Ramagiri,3109,353,21,3129
3130,21,390,03110,175118.6152690659,767933115.9352804,ODISHA,Kandhamal,Gochhapada,3110,359,21,3130
3131,21,390,03111,258520.94873545397,660009989.031097,ODISHA,Kandhamal,Phulabani,3111,359,21,3131
3132,21,390,03112,30571.378193519024,21983245.244268622,ODISHA,Kandhamal,Phulabani Town,3112,359,21,3132
3133,21,390,03113,130466.47330285606,380715086.2143898,ODISHA,Kandhamal,Khajuripada,3113,359,21,3133
3134,21,390,03114,190267.1529077218,371541193.46572125,ODISHA,Kandhamal,G.Udayagiri,3114,359,21,3134
3135,21,390,03115,154623.15386633592,398309014.4971491,ODISHA,Kandhamal,Tikabali,3115,359,21,3135
3136,21,390,03116,108635.45147932551,288512572.06588125,ODISHA,Kandhamal,Chakapada,3116,359,21,3136
3137,21,390,03117,152030.37576356748,378268804.821569,ODISHA,Kandhamal,Sarangagarh,3117,359,21,3137
3138,21,390,03118,198135.3098575114,628847136.0538195,ODISHA,Kandhamal,Phiringia,3118,359,21,3138
3139,21,390,03119,290666.25100259844,1273239539.550693,ODISHA,Kandhamal,Baliguda,3119,359,21,3139
3140,21,390,03120,122270.22675970643,278619585.4426007,ODISHA,Kandhamal,Nuagaon,3120,359,21,3140
3141,21,390,03121,136220.98854520923,394498098.9018941,ODISHA,Kandhamal,Tumudibandha,3121,359,21,3141
3142,21,390,03122,147426.81567551638,468259329.5999919,ODISHA,Kandhamal,Belaghar,3122,359,21,3142
3143,21,390,03123,209180.43002420958,984558254.0422688,ODISHA,Kandhamal,Kotagarh,3123,359,21,3143
3144,21,390,03124,131287.68531553366,479605844.5428441,ODISHA,Kandhamal,Brahmanigaon,3124,359,21,3144
3145,21,390,03125,175580.48165464794,833116945.6103648,ODISHA,Kandhamal,Daringbadi,3125,359,21,3145
3146,21,390,03126,173509.95213715368,535794706.76644987,ODISHA,Kandhamal,Raikia,3126,359,21,3146
3147,21,391,03127,167028.6976591898,698313717.6346309,ODISHA,Baudh,Kantamal,3127,349,21,3147
3148,21,391,03128,153358.97564917695,755777373.7184978,ODISHA,Baudh,Manamunda,3128,349,21,3148
3149,21,391,03129,71418.36921967322,186424191.25842917,ODISHA,Baudh,Baunsuni,3129,349,21,3149
3150,21,391,03130,186109.08149396288,845428482.3133993,ODISHA,Baudh,Baudh Sadar,3130,349,21,3150
3151,21,391,03131,168033.12881365448,542701158.4947333,ODISHA,Baudh,Puruna Katak,3131,349,21,3151
3152,21,391,03132,179199.93959319612,533732133.9253801,ODISHA,Baudh,Harbhanga,3132,349,21,3152
3153,21,392,03133,179382.28611396285,461096645.8104502,ODISHA,Subarnapur,Dunguripali,3133,372,21,3153
3154,21,392,03134,71122.83639519733,129561369.78788328,ODISHA,Subarnapur,Rampur,3134,372,21,3154
3155,21,392,03135,99072.9849772996,329409367.95617646,ODISHA,Subarnapur,Binika,3135,372,21,3155
3156,21,392,03136,105387.85924457962,439195956.7870448,ODISHA,Subarnapur,Ulunda,3136,372,21,3156
3157,21,392,03137,121145.38365275886,492707634.4338517,ODISHA,Subarnapur,Biramaharajpur,3137,372,21,3157
3158,21,392,03138,94794.49141008187,245630137.95651743,ODISHA,Subarnapur,Subalaya,3138,372,21,3158
3159,21,392,03139,73237.79167424221,174941679.3506871,ODISHA,Subarnapur,Sonapur,3139,372,21,3159
3160,21,392,03140,158421.52991612683,450512116.88753974,ODISHA,Subarnapur,Tarbha,3140,372,21,3160
3161,21,393,03141,153498.30563379475,558524553.9186597,ODISHA,Balangir,Loisinga,3141,345,21,3161
3162,21,393,03142,213749.31009700298,1032029185.041582,ODISHA,Balangir,Balangir,3142,345,21,3162
3163,21,393,03143,242749.28375023295,968022120.9926312,ODISHA,Balangir,Tushura,3143,345,21,3163
3164,21,393,03144,171425.39637789334,871842116.0922682,ODISHA,Balangir,Patnagarh,3144,345,21,3164
3165,21,393,03145,140990.5826408464,681455365.4801776,ODISHA,Balangir,Khaprakhol,3145,345,21,3165
3166,21,393,03146,119182.5388614232,485515433.5431373,ODISHA,Balangir,Turekela,3146,345,21,3166
3167,21,393,03147,153577.23030186756,577901069.4826145,ODISHA,Balangir,Belpara,3147,345,21,3167
3168,21,393,03148,215567.55893248421,946110932.0805457,ODISHA,Balangir,Saintala,3148,345,21,3168
3169,21,393,03149,110708.01189864981,197059555.68429753,ODISHA,Balangir,Kantabanji,3149,345,21,3169
3170,21,393,03150,126909.78547102543,236502540.51872241,ODISHA,Balangir,Bangomunda,3150,345,21,3170
3171,21,393,03151,109086.42325272612,331705827.59426713,ODISHA,Balangir,Sindhekela,3151,345,21,3171
3172,21,393,03152,141084.37893966236,606939746.3171444,ODISHA,Balangir,Titlagarh,3152,345,21,3172
3173,21,394,03153,106501.49423346663,415801851.3426138,ODISHA,Nuapada,JONK,3153,368,21,3173
3174,21,394,03154,167941.999078459,692545956.5154206,ODISHA,Nuapada,NUAPADA,3154,368,21,3174
3175,21,394,03155,208543.95561496023,1372064332.9062588,ODISHA,Nuapada,KOMNA,3155,368,21,3175
3176,21,394,03156,193447.5001061922,469931938.34979284,ODISHA,Nuapada,KHARIAR,3156,368,21,3176
3177,21,394,03157,175627.5552417855,694920663.4010738,ODISHA,Nuapada,BODEN,3157,368,21,3177
3178,21,394,03158,175893.59643342326,766513634.5108597,ODISHA,Nuapada,SINAPALI,3158,368,21,3178
3179,21,395,03159,147548.94654808543,600355006.8996314,ODISHA,Kalahandi,Kesinga,3159,358,21,3179
3180,21,395,03160,226304.01850800408,1214471412.9168034,ODISHA,Kalahandi,Madanpur Rampur,3160,358,21,3180
3181,21,395,03161,232054.46648093392,628964733.8946307,ODISHA,Kalahandi,Narala,3161,358,21,3181
3182,21,395,03162,202498.79467228294,492956240.573063,ODISHA,Kalahandi,Lanjigarh,3162,358,21,3182
3183,21,395,03163,114708.89858374487,287566700.58277315,ODISHA,Kalahandi,Biswanathpur,3163,358,21,3183
3184,21,395,03164,243307.4695544757,1119488389.6138673,ODISHA,Kalahandi,Sadar,3164,358,21,3184
3185,21,395,03165,149308.21774471094,579320843.3990178,ODISHA,Kalahandi,Kegaon,3165,358,21,3185
3186,21,395,03166,150582.19037916476,693204458.5213877,ODISHA,Kalahandi,Junagarh,3166,358,21,3186
3187,21,395,03167,144217.18984724686,336403335.7364718,ODISHA,Kalahandi,Golamunda,3167,358,21,3187
3188,21,395,03168,113582.37519292266,320881329.1469892,ODISHA,Kalahandi,Dharamgarh,3168,358,21,3188
3189,21,395,03169,155593.11372313483,703536970.6818287,ODISHA,Kalahandi,Kokasara,3169,358,21,3189
3190,21,395,03170,192855.47832308823,744498414.7641115,ODISHA,Kalahandi,Jayapatna,3170,358,21,3190
3191,21,395,03171,349428.5091707639,1258247246.1074452,ODISHA,Kalahandi,Thuamul Rampur,3171,358,21,3191
3192,21,396,03172,148584.9116323508,546721980.6502713,ODISHA,Rayagada,Ambadala,3172,370,21,3192
3193,21,396,03173,198256.60306593624,466038779.91364205,ODISHA,Rayagada,Muniguda,3173,370,21,3193
3194,21,396,03174,173669.63844239412,689565086.4530438,ODISHA,Rayagada,Chandrapur,3174,370,21,3194
3195,21,396,03175,198459.70972492776,787424898.0784615,ODISHA,Rayagada,Bishamakatak,3175,370,21,3195
3196,21,396,03176,165425.44760830852,643166460.2329108,ODISHA,Rayagada,Kalyanasingpur,3176,370,21,3196
3197,21,396,03177,216258.39776693683,923618153.2527543,ODISHA,Rayagada,Kashipur,3177,370,21,3197
3198,21,396,03178,75944.71049129547,167090248.30104348,ODISHA,Rayagada,Andirakanch,3178,370,21,3198
3199,21,396,03179,122017.53959616875,260138832.0236956,ODISHA,Rayagada,Tikiri,3179,370,21,3199
3200,21,396,03180,91075.63301414161,220797711.74735224,ODISHA,Rayagada,Doraguda,3180,370,21,3200
3201,21,396,03181,288467.7894334706,1027412899.286674,ODISHA,Rayagada,Rayagada,3181,370,21,3201
3202,21,396,03182,169013.79221728956,398692770.84981024,ODISHA,Rayagada,Seskhal,3182,370,21,3202
3203,21,396,03183,203077.08685525035,654247915.5294405,ODISHA,Rayagada,Gunupur,3183,370,21,3203
3204,21,396,03184,167315.16079720482,719826370.9428942,ODISHA,Rayagada,Gudari,3184,370,21,3204
3205,21,396,03185,108325.73396219479,383471102.80846536,ODISHA,Rayagada,Padmapur,3185,370,21,3205
3206,21,396,03186,134126.14732515716,388946174.5106898,ODISHA,Rayagada,Puttasing,3186,370,21,3206
3207,21,397,03187,151445.27524946153,646928865.5270176,ODISHA,Nabarangapur,Raighar,3187,366,21,3207
3208,21,397,03188,87337.09492498531,289234859.069974,ODISHA,Nabarangapur,Kundei,3188,366,21,3208
3209,21,397,03189,240747.8560726998,1086922005.1878343,ODISHA,Nabarangapur,Umarkote,3189,366,21,3209
3210,21,397,03190,107249.6459640518,286947649.3793985,ODISHA,Nabarangapur,Chandahandi,3190,366,21,3210
3211,21,397,03191,199225.07221666278,735811658.2638438,ODISHA,Nabarangapur,Jharigan,3191,366,21,3211
3212,21,397,03192,223878.22358940289,886009264.3932962,ODISHA,Nabarangapur,Dabugan,3192,366,21,3212
3213,21,397,03193,180689.47515243487,537051030.4218308,ODISHA,Nabarangapur,Paparahandi,3193,366,21,3213
3214,21,397,03194,190580.12593863474,442594347.96317124,ODISHA,Nabarangapur,Kodinga,3194,366,21,3214
3215,21,397,03195,184132.4618890426,456463129.88192815,ODISHA,Nabarangapur,Kosagumuda,3195,366,21,3215
3216,21,397,03196,124129.94865847378,306116652.6021195,ODISHA,Nabarangapur,Nabarangapur P.S,3196,366,21,3216
3217,21,397,03197,113655.7591574875,304979492.88240105,ODISHA,Nabarangapur,Tentulikhunti,3197,366,21,3217
3218,21,397,03198,100480.48810755699,199607960.47832796,ODISHA,Nabarangapur,Khatiguda,3198,366,21,3218
3219,21,398,03199,129748.8828228075,580599249.0305005,ODISHA,Koraput,Kotpad,3199,363,21,3219
3220,21,398,03200,129134.3069707808,413808446.8519624,ODISHA,Koraput,Boriguma,3200,363,21,3220
3221,21,398,03201,136590.52216546988,388142252.01966745,ODISHA,Koraput,Bhairabsingipur,3201,363,21,3221
3222,21,398,03202,192068.27752994327,690062526.3388666,ODISHA,Koraput,Dasamantapur,3202,363,21,3222
3223,21,398,03203,141493.96635512146,348715861.4982611,ODISHA,Koraput,Lakshmipur,3203,363,21,3223
3224,21,398,03204,151456.72154845338,596281927.13161,ODISHA,Koraput,Narayanpatana,3204,363,21,3224
3225,21,398,03205,182449.87996557355,448322880.00571,ODISHA,Koraput,Bandhugaon,3205,363,21,3225
3226,21,398,03206,115655.81392804213,211363168.67041174,ODISHA,Koraput,Kakiriguma,3206,363,21,3226
3227,21,398,03207,226340.33060176333,754174424.1718831,ODISHA,Koraput,Koraput,3207,363,21,3227
3228,21,398,03208,63345.75274180327,108368987.37132134,ODISHA,Koraput,Koraput Town,3208,363,21,3228
3229,21,398,03209,112826.70017946306,411944882.3138361,ODISHA,Koraput,Jeypore,3209,363,21,3229
3230,21,398,03210,89141.170089046,345999843.1985512,ODISHA,Koraput,Kundura,3210,363,21,3230
3231,21,398,03211,219140.84510078953,1281092197.2019773,ODISHA,Koraput,Boipariguda,3211,363,21,3231
3232,21,398,03212,155399.4711437117,421422132.0861764,ODISHA,Koraput,Machh kund,3212,363,21,3232
3233,21,398,03213,155290.47752418747,497323665.8281288,ODISHA,Koraput,Padua,3213,363,21,3233
3234,21,398,03214,190516.83624542988,659634018.2952684,ODISHA,Koraput,Nandapur,3214,363,21,3234
3235,21,398,03215,106037.2506097683,182407537.06007653,ODISHA,Koraput,Similiguda,3215,363,21,3235
3236,21,398,03216,63992.85902017233,123100769.27919045,ODISHA,Koraput,Sunabeda,3216,363,21,3236
3237,21,398,03217,58064.44445088432,97737990.59152018,ODISHA,Koraput,Damonjodi,3217,363,21,3237
3238,21,398,03218,272614.22841827053,712518206.7511303,ODISHA,Koraput,Pottangi,3218,363,21,3238
3239,21,398,03219,101026.96633020314,110791193.29128118,ODISHA,Koraput,Kotiya,3219,363,21,3239
3240,21,399,03220,226117.51604570754,1361292604.9142306,ODISHA,Malkangiri,Malkangiri,3220,364,21,3240
3241,21,399,03221,171878.9045812556,679725125.4210134,ODISHA,Malkangiri,Mathili,3221,364,21,3241
3242,21,399,03222,124079.02263659822,433444426.63035035,ODISHA,Malkangiri,Mudulipada,3222,364,21,3242
3243,21,399,03223,200002.48805726314,544338087.1889209,ODISHA,Malkangiri,Chitrakonda,3223,364,21,3243
3244,21,399,03224,126918.03900333177,286741670.4526064,ODISHA,Malkangiri,Paparmetla,3224,364,21,3244
3245,21,399,03225,150691.43500678244,392832165.75904864,ODISHA,Malkangiri,Jodamba,3225,364,21,3245
3246,21,399,03226,149569.99241832766,510020041.3220969,ODISHA,Malkangiri,Orkel,3226,364,21,3246
3247,21,399,03227,269711.22564261954,988596275.9587517,ODISHA,Malkangiri,Kalimela,3227,364,21,3247
3248,21,399,03228,129218.45050975314,429173432.12744635,ODISHA,Malkangiri,Podia,3228,364,21,3248
3249,21,399,03229,130042.31296221295,367649822.66576767,ODISHA,Malkangiri,M.V. 79,3229,364,21,3249
3250,21,399,03230,130653.1228221521,412934925.70825595,ODISHA,Malkangiri,Motu,3230,364,21,3250
4800,34,634,05908,46176.90516353648,34286823.32882776,PUDUCHERRY,Yanam,Yanam Taluk,5908,601,34,4800
4801,34,635,05909,51264.191108222185,45809055.371458314,PUDUCHERRY,Puducherry,Puducherry Taluk,5909,600,34,4801
4802,34,635,05910,48267.65819923864,36950097.14583302,PUDUCHERRY,Puducherry,Ozhukarai Taluk,5910,600,34,4802
4803,34,635,05911,199833.59173129458,141000638.8237269,PUDUCHERRY,Puducherry,Villianur Taluk,5911,600,34,4803
4804,34,635,05912,116470.11481504417,89938904.8622109,PUDUCHERRY,Puducherry,Bahour Taluk,5912,600,34,4804
4805,34,636,05913,27726.6851616009,9293844.29983979,PUDUCHERRY,Mahe,Mahe Taluk,5913,599,34,4805
4806,34,637,05914,70730.89086292774,85668175.68589123,PUDUCHERRY,Karaikal,Karaikal Taluk,5914,598,34,4806
4807,34,637,05915,95103.85399998087,82848271.44060564,PUDUCHERRY,Karaikal,Thirunallar Taluk,5915,598,34,4807
200,03,035,00202,294622.73243462126,1889140918.4927797,PUNJAB,Gurdaspur,Gurdaspur,202,32,3,200
201,03,035,00203,302659.4280171613,1323275046.8271918,PUNJAB,Gurdaspur,Batala,203,32,3,201
202,03,035,00204,159710.50329211014,413781171.98425895,PUNJAB,Gurdaspur,Dera Baba Nanak,204,32,3,202
203,03,036,00205,115468.79646975908,324025183.62798154,PUNJAB,Kapurthala,Bhulath,205,35,3,203
204,03,036,00206,206921.38414298013,902576541.6896646,PUNJAB,Kapurthala,Kapurthala,206,35,3,204
205,03,036,00207,175896.89091517832,610155512.8932182,PUNJAB,Kapurthala,Sultanpur Lodhi,207,35,3,205
206,03,036,00208,163674.0163927649,406889177.8094021,PUNJAB,Kapurthala,Phagwara,208,35,3,206
207,03,037,00209,187237.9875498761,593147984.5219603,PUNJAB,Jalandhar,Shahkot,209,34,3,207
208,03,037,00210,193315.97030557762,613753917.6294621,PUNJAB,Jalandhar,Nakodar,210,34,3,208
209,03,037,00211,184607.4733843586,1025422898.362234,PUNJAB,Jalandhar,Phillaur,211,34,3,209
210,03,037,00212,263732.9044989525,647324496.1536614,PUNJAB,Jalandhar,Jalandhar - I,212,34,3,210
211,03,037,00213,316996.0614008891,741414101.2895379,PUNJAB,Jalandhar,Jalandhar - II,213,34,3,211
212,03,038,00214,264979.63760931994,1166536254.4746523,PUNJAB,Hoshiarpur,Dasua,214,33,3,212
213,03,038,00215,201437.9311701002,873768305.8728194,PUNJAB,Hoshiarpur,Mukerian,215,33,3,213
214,03,038,00216,262145.8641559074,1544816189.8720505,PUNJAB,Hoshiarpur,Hoshiarpur,216,33,3,214
215,03,038,00217,244464.05534776716,1093824138.6348267,PUNJAB,Hoshiarpur,Garhshankar,217,33,3,215
216,03,039,00218,215297.54186652158,1045870557.508146,PUNJAB,Shahid Bhagat Singh Nagar,Nawanshahr,218,40,3,216
217,03,039,00219,155566.71303218152,684549330.2834573,PUNJAB,Shahid Bhagat Singh Nagar,Balachaur,219,40,3,217
218,03,040,00220,111458.85105987477,299643771.71652603,PUNJAB,Fatehgarh Sahib,Bassi Pathana,220,30,3,218
219,03,040,00221,155679.20815723317,641656033.9620174,PUNJAB,Fatehgarh Sahib,Fatehgarh Sahib,221,30,3,219
220,03,040,00222,144252.66623448944,359674613.5571114,PUNJAB,Fatehgarh Sahib,Amloh,222,30,3,220
221,03,040,00223,95812.83405653262,266745030.43254784,PUNJAB,Fatehgarh Sahib,Khamanon,223,30,3,221
222,03,041,00224,167008.87096945095,690396589.8042713,PUNJAB,Ludhiana,Samrala,224,36,3,222
223,03,041,00225,147199.64280356033,297485570.0449864,PUNJAB,Ludhiana,Khanna,225,36,3,223
224,03,041,00226,176105.53566324626,600737865.3519924,PUNJAB,Ludhiana,Payal,226,36,3,224
225,03,041,00227,269489.9709008661,784244386.9500564,PUNJAB,Ludhiana,Ludhiana (East),227,36,3,225
226,03,041,00228,195649.64559497932,870134617.6028769,PUNJAB,Ludhiana,Ludhiana (West),228,36,3,226
227,03,041,00229,169854.43042227847,676036956.7900177,PUNJAB,Ludhiana,Raikot,229,36,3,227
228,03,041,00230,215701.78553479447,1100746034.5124154,PUNJAB,Ludhiana,Jagraon,230,36,3,228
229,03,042,00231,124775.03854573198,568705049.1737248,PUNJAB,Moga,Nihal Singhwala,231,38,3,229
230,03,042,00232,150598.37718444216,792724966.7757475,PUNJAB,Moga,Bagha Purana,232,38,3,230
231,03,042,00233,261393.82179013506,1674706840.717428,PUNJAB,Moga,Moga,233,38,3,231
232,03,043,00234,181049.91606444967,998029729.8475698,PUNJAB,Firozpur,Zira,234,31,3,232
233,03,043,00235,281209.1106991488,1740577219.1589696,PUNJAB,Firozpur,Firozpur,235,31,3,233
234,03,044,00239,246354.33659969948,1442032400.7399132,PUNJAB,Sri Muktsar Sahib,Malout,239,39,3,234
235,03,044,00240,216594.25176401634,896479813.3544904,PUNJAB,Sri Muktsar Sahib,Gidderbaha,240,39,3,235
236,03,044,00241,214280.44655029563,1216760285.6982937,PUNJAB,Sri Muktsar Sahib,Muktsar,241,39,3,236
237,03,045,00242,193401.5650188151,1446223607.8238072,PUNJAB,Faridkot,Faridkot,242,29,3,237
238,03,045,00243,133091.56688476156,553376800.1388632,PUNJAB,Faridkot,Jaitu,243,29,3,238
239,03,046,00244,297197.1823403519,1177737737.0983112,PUNJAB,Bathinda,Rampura Phul,244,28,3,239
240,03,046,00245,343028.3205837497,2054188999.7563093,PUNJAB,Bathinda,Bathinda,245,28,3,240
241,03,046,00246,289733.78079334786,1273743083.4670932,PUNJAB,Bathinda,Talwandi Sabo,246,28,3,241
242,03,047,00247,177027.6895430527,785055931.7693254,PUNJAB,Mansa,Sardulgarh,247,37,3,242
243,03,047,00248,210924.3734746077,950131852.9124658,PUNJAB,Mansa,Budhlada,248,37,3,243
244,03,047,00249,237735.8672157388,1195385804.215667,PUNJAB,Mansa,Mansa,249,37,3,244
245,03,048,00250,159230.84681780767,494663072.1278716,PUNJAB,Patiala,Samana,250,41,3,245
246,03,048,00251,165332.98120179703,597739064.974823,PUNJAB,Patiala,Patran,251,41,3,246
247,03,048,00252,174902.0114148136,836964082.9026921,PUNJAB,Patiala,Nabha,252,41,3,247
248,03,048,00253,373591.77121656673,1524688356.9821987,PUNJAB,Patiala,Patiala,253,41,3,248
249,03,048,00254,208792.11294018078,963818137.0269827,PUNJAB,Patiala,Rajpura,254,41,3,249
250,03,049,00255,260720.7775048703,1520030926.3284888,PUNJAB,Amritsar,Ajnala,255,27,3,250
251,03,049,00256,244181.26432131612,677808420.407962,PUNJAB,Amritsar,Amritsar -I,256,27,3,251
252,03,049,00257,252912.85917916102,775368168.5468016,PUNJAB,Amritsar,Amritsar- II,257,27,3,252
253,03,049,00258,185543.30227184983,735511229.1570408,PUNJAB,Amritsar,Baba Bakala,258,27,3,253
254,03,050,00259,278606.36126637575,1223787882.3322432,PUNJAB,Tarn Taran,Tarn Taran,259,609,3,254
255,03,050,00260,248193.57032086665,1502533384.709592,PUNJAB,Tarn Taran,Patti,260,609,3,255
256,03,050,00261,174147.0012044865,596568820.7612164,PUNJAB,Tarn Taran,Khadur Sahib,261,609,3,256
257,03,051,00262,182499.11126053476,665777503.8933402,PUNJAB,Rupnagar,Anandpur Sahib,262,42,3,257
258,03,051,00263,104046.75601845596,227275110.08852962,PUNJAB,Rupnagar,Nangal,263,42,3,258
259,03,051,00264,151294.1946485527,486818829.36692315,PUNJAB,Rupnagar,Rup Nagar,264,42,3,259
260,03,051,00265,147394.62876646593,499010317.48897904,PUNJAB,Rupnagar,Chamkaur Sahib,265,42,3,260
261,03,052,00266,194531.52444946606,701090706.6654845,PUNJAB,Sahibzada Ajit Singh Nagar,Kharar,266,608,3,261
262,03,052,00267,112894.83697839135,253130766.2111166,PUNJAB,Sahibzada Ajit Singh Nagar,SAS Nagar (Mohali),267,608,3,262
263,03,052,00268,183959.15241404373,523694345.2853611,PUNJAB,Sahibzada Ajit Singh Nagar,Dera Bassi,268,608,3,263
264,03,053,00269,227595.9974027307,921029940.9520341,PUNJAB,Sangrur,Malerkotla,269,43,3,264
265,03,053,00270,195515.98463827217,813589045.706188,PUNJAB,Sangrur,Dhuri,270,43,3,265
266,03,053,00271,282084.1240021834,1049935121.7208064,PUNJAB,Sangrur,Sangrur,271,43,3,266
267,03,053,00272,264227.5126593825,1060472199.8719022,PUNJAB,Sangrur,Sunam,272,43,3,267
268,03,053,00273,179561.45793959548,511384544.0303262,PUNJAB,Sangrur,Lehra,273,43,3,268
269,03,053,00274,126246.5369193257,501917587.09360224,PUNJAB,Sangrur,Moonak,274,43,3,269
270,03,054,00275,229128.7944734781,1151442139.4107928,PUNJAB,Barnala,Barnala,275,605,3,270
271,03,054,00276,230760.9643751486,769482018.1082791,PUNJAB,Barnala,Tapa,276,605,3,271
272,03,701,00236,135577.7842249882,736430049.0196116,PUNJAB,Fazilka,Jalalabad,236,651,3,272
273,03,701,00237,240006.2856335866,1538343281.9729424,PUNJAB,Fazilka,Fazilka,237,651,3,273
274,03,701,00238,213017.79944479067,1605214854.8725586,PUNJAB,Fazilka,Abohar,238,651,3,274
275,03,773,00200,105960.86676068614,371119902.1396476,PUNJAB,Pathankot,Dhar Kalan,200,662,3,275
276,03,773,00201,232628.75667705253,964149845.0002012,PUNJAB,Pathankot,Pathankot,201,662,3,276
5949,03,043,00236,124791.98343376888,482826391.10783553,PUNJAB,Firozpur,Jalalabad,236,31,3,5949
456,08,099,00457,184880.10414920372,1093849786.1044888,RAJASTHAN,Ganganagar,Karanpur,457,100,8,456
457,08,099,00458,254162.66091189304,1312586775.611166,RAJASTHAN,Ganganagar,Ganganagar,458,100,8,457
458,08,099,00459,232313.03531043557,1026154663.3244469,RAJASTHAN,Ganganagar,Sadulshahar,459,100,8,458
459,08,099,00460,252860.12598003054,1130655674.0743527,RAJASTHAN,Ganganagar,Padampur,460,100,8,459
460,08,099,00461,312009.78011519543,1745450627.3580174,RAJASTHAN,Ganganagar,Raisinghnagar,461,100,8,460
461,08,099,00462,278769.08048844425,1518344266.5033805,RAJASTHAN,Ganganagar,Anupgarh,462,100,8,461
462,08,099,00463,258144.6235262883,1801536501.355123,RAJASTHAN,Ganganagar,Gharsana,463,100,8,462
463,08,099,00464,327776.2105546239,1107468471.2979207,RAJASTHAN,Ganganagar,Vijainagar,464,100,8,463
464,08,099,00465,524667.1393163768,3687189146.852734,RAJASTHAN,Ganganagar,Suratgarh,465,100,8,464
465,08,100,00466,215226.93134675897,870880999.2782302,RAJASTHAN,Hanumangarh,Sangaria,466,101,8,465
466,08,100,00467,246704.47779775507,985739906.2250546,RAJASTHAN,Hanumangarh,Tibi,467,101,8,466
467,08,100,00468,322869.3771609265,1619092827.9747777,RAJASTHAN,Hanumangarh,Hanumangarh,468,101,8,467
468,08,100,00469,330092.3545898891,1340184162.9732764,RAJASTHAN,Hanumangarh,Pilibanga,469,101,8,468
469,08,100,00470,351323.37667800934,2466725077.555692,RAJASTHAN,Hanumangarh,Rawatsar,470,101,8,469
470,08,100,00471,346159.04905747896,3239057183.000227,RAJASTHAN,Hanumangarh,Nohar,471,101,8,470
471,08,100,00472,390963.43455225567,2275265796.554296,RAJASTHAN,Hanumangarh,Bhadra,472,101,8,471
472,08,101,00473,463846.9678940742,4773994506.72967,RAJASTHAN,Bikaner,Bikaner,473,93,8,472
473,08,101,00474,423896.26003712456,2998070499.5342326,RAJASTHAN,Bikaner,Poogal,474,93,8,473
474,08,101,00475,530176.5168096456,6642249117.193825,RAJASTHAN,Bikaner,Lunkaransar,475,93,8,474
475,08,101,00476,773373.5115798054,10657662615.267803,RAJASTHAN,Bikaner,Kolayat,476,93,8,475
476,08,101,00477,447493.2718354533,4855391857.771934,RAJASTHAN,Bikaner,Nokha,477,93,8,476
477,08,101,00478,301253.0480342055,2650871490.414701,RAJASTHAN,Bikaner,Khajuwala,478,93,8,477
478,08,101,00479,412112.50570757594,2663525589.8563585,RAJASTHAN,Bikaner,Chhatargarh,479,93,8,478
479,08,101,00480,353621.09386877314,3851274763.4151044,RAJASTHAN,Bikaner,Sridungargarh,480,93,8,479
480,08,102,00481,356169.52701672586,2359272724.47783,RAJASTHAN,Churu,Taranagar,481,96,8,480
481,08,102,00482,360137.9297692175,2885684235.072468,RAJASTHAN,Churu,Rajgarh,482,96,8,481
482,08,102,00483,414365.52466743975,4996663132.817484,RAJASTHAN,Churu,Sardarshahar,483,96,8,482
483,08,102,00484,297273.49173687596,2089866520.5077815,RAJASTHAN,Churu,Churu,484,96,8,483
484,08,102,00485,306327.5994073774,2190829060.9930825,RAJASTHAN,Churu,Ratangarh,485,96,8,484
485,08,102,00486,465913.42449689994,3462036774.7000427,RAJASTHAN,Churu,Sujangarh,486,96,8,485
486,08,103,00487,330973.71238432184,2086828662.1335905,RAJASTHAN,Jhunjhunun,Jhunjhunun,487,106,8,486
487,08,103,00488,324410.9481819859,1688194984.3452296,RAJASTHAN,Jhunjhunun,Chirawa,488,106,8,487
488,08,103,00489,190722.24900581327,835894247.6420248,RAJASTHAN,Jhunjhunun,Buhana,489,106,8,488
489,08,103,00490,215155.72190599598,1043944264.4751931,RAJASTHAN,Jhunjhunun,Khetri,490,106,8,489
490,08,103,00491,219742.67433166105,885516392.5150052,RAJASTHAN,Jhunjhunun,Nawalgarh,491,106,8,490
491,08,103,00492,244211.48246577333,1090427684.5109124,RAJASTHAN,Jhunjhunun,Udaipurwati,492,106,8,491
492,08,104,00493,251582.45971328832,955948623.5248811,RAJASTHAN,Alwar,Behror,493,87,8,492
493,08,104,00494,225822.9269095305,734094379.1566164,RAJASTHAN,Alwar,Mandawar,494,87,8,493
494,08,104,00495,161499.79936031046,437759495.8556132,RAJASTHAN,Alwar,Kotkasim,495,87,8,494
495,08,104,00496,228085.98660654083,903396592.4544162,RAJASTHAN,Alwar,Tijara,496,87,8,495
496,08,104,00497,214952.7556791443,505759334.850573,RAJASTHAN,Alwar,Kishangarh Bas,497,87,8,496
497,08,104,00498,307009.82181693334,891085589.8358877,RAJASTHAN,Alwar,Ramgarh,498,87,8,497
498,08,104,00499,297909.6125148271,1536998397.8914745,RAJASTHAN,Alwar,Alwar,499,87,8,498
499,08,104,00500,225398.44318599007,900431621.7340821,RAJASTHAN,Alwar,Bansur,500,87,8,499
500,08,104,00501,269808.63865009486,1049474891.0312667,RAJASTHAN,Alwar,Thanagazi,501,87,8,500
501,08,104,00502,322836.63270033314,1538340989.2957304,RAJASTHAN,Alwar,Rajgarh,502,87,8,501
502,08,104,00503,195692.78475082267,631084905.829296,RAJASTHAN,Alwar,Lachhmangarh,503,87,8,502
503,08,104,00504,203025.80060770153,649047050.2402728,RAJASTHAN,Alwar,Kathumar,504,87,8,503
504,08,105,00505,148378.2488960811,494495439.9051082,RAJASTHAN,Bharatpur,Pahari,505,91,8,504
505,08,105,00506,143454.05578986485,457509954.7414325,RAJASTHAN,Bharatpur,Kaman,506,91,8,505
506,08,105,00507,268509.0991037363,602563571.5252119,RAJASTHAN,Bharatpur,Nagar,507,91,8,506
507,08,105,00508,184792.71190467247,643718308.2674228,RAJASTHAN,Bharatpur,Deeg,508,91,8,507
508,08,105,00509,160957.5564483274,566882125.0377152,RAJASTHAN,Bharatpur,Nadbai,509,91,8,508
509,08,105,00510,225871.67752175796,570275907.3608503,RAJASTHAN,Bharatpur,Kumher,510,91,8,509
510,08,105,00511,187875.61154131635,636091681.502827,RAJASTHAN,Bharatpur,Bharatpur,511,91,8,510
511,08,105,00512,190133.11841817116,767365659.597277,RAJASTHAN,Bharatpur,Weir,512,91,8,511
512,08,105,00513,276070.5131929325,982740875.4841793,RAJASTHAN,Bharatpur,Bayana,513,91,8,512
513,08,105,00514,210297.7230277798,708841033.9225296,RAJASTHAN,Bharatpur,Rupbas,514,91,8,513
514,08,106,00515,274194.0697119633,1255529990.797277,RAJASTHAN,Dhaulpur,Baseri,515,98,8,514
515,08,106,00516,202941.04474167892,997076017.3221099,RAJASTHAN,Dhaulpur,Bari,516,98,8,515
516,08,106,00517,126654.90017165539,393731025.41246974,RAJASTHAN,Dhaulpur,Sepau,517,98,8,516
517,08,106,00518,162187.52298714445,659258273.2344679,RAJASTHAN,Dhaulpur,Dhaulpur,518,98,8,517
518,08,106,00519,161397.68079684002,508117867.51153994,RAJASTHAN,Dhaulpur,Rajakhera,519,98,8,518
519,08,107,00520,122453.54922260786,683165996.1632718,RAJASTHAN,Karauli,Todabhim,520,108,8,519
520,08,107,00521,158656.3461980552,814719808.5089985,RAJASTHAN,Karauli,Nadoti,521,108,8,520
521,08,107,00522,154117.92840242028,801179625.7305022,RAJASTHAN,Karauli,Hindaun,522,108,8,521
522,08,107,00523,333672.8897616594,1577840970.92471,RAJASTHAN,Karauli,Karauli,523,108,8,522
523,08,107,00524,145728.96774355424,719651289.6128057,RAJASTHAN,Karauli,Mandrail,524,108,8,523
524,08,107,00525,310720.274126509,1700260522.464187,RAJASTHAN,Karauli,Sapotra,525,108,8,524
525,08,108,00526,199673.40575603285,800051901.8050574,RAJASTHAN,Sawai Madhopur,Gangapur,526,113,8,525
526,08,108,00527,196721.49258654023,916471217.9311535,RAJASTHAN,Sawai Madhopur,Bamanwas,527,113,8,526
527,08,108,00528,129792.7859518654,475498355.66517097,RAJASTHAN,Sawai Madhopur,Malarna Doongar,528,113,8,527
528,08,108,00529,151129.7520900236,771755699.0210861,RAJASTHAN,Sawai Madhopur,Bonli,529,113,8,528
529,08,108,00530,179743.3113950423,652844603.7672272,RAJASTHAN,Sawai Madhopur,Chauth Ka Barwara,530,113,8,529
530,08,108,00531,237047.91272843938,1364133559.3135653,RAJASTHAN,Sawai Madhopur,Sawai Madhopur,531,113,8,530
531,08,108,00532,184120.2390464665,1283928049.7206225,RAJASTHAN,Sawai Madhopur,Khandar,532,113,8,531
532,08,109,00533,222931.63663753486,801014180.9477232,RAJASTHAN,Dausa,Baswa,533,97,8,532
533,08,109,00534,188418.2549782543,614571620.7479091,RAJASTHAN,Dausa,Mahwa,534,97,8,533
534,08,109,00535,139075.64878430165,646884330.4138664,RAJASTHAN,Dausa,Sikrai,535,97,8,534
535,08,109,00536,238751.26987192358,1160234783.467527,RAJASTHAN,Dausa,Dausa,536,97,8,535
536,08,109,00537,203528.70792627745,1088234300.079646,RAJASTHAN,Dausa,Lalsot,537,97,8,536
537,08,110,00538,210467.21333402366,1036185594.2254014,RAJASTHAN,Jaipur,Kotputli,538,102,8,537
538,08,110,00539,159026.47594445932,614547343.2462783,RAJASTHAN,Jaipur,Viratnagar,539,102,8,538
539,08,110,00540,186515.6625940565,674300622.0435668,RAJASTHAN,Jaipur,Shahpura,540,102,8,539
540,08,110,00541,197245.00619274675,863827307.5697829,RAJASTHAN,Jaipur,Chomu,541,102,8,540
541,08,110,00542,340877.2190129403,1972847775.863663,RAJASTHAN,Jaipur,Phulera (Hq.Sambhar),542,102,8,541
542,08,110,00543,348389.37065116514,1685643006.0237036,RAJASTHAN,Jaipur,Mauzamabad,543,102,8,542
543,08,110,00544,259307.35658208476,1404677681.7239344,RAJASTHAN,Jaipur,Phagi,544,102,8,543
544,08,110,00545,227575.92049668837,895040333.9214369,RAJASTHAN,Jaipur,Sanganer,545,102,8,544
545,08,110,00546,176174.12855131604,682242690.8393947,RAJASTHAN,Jaipur,Jaipur,546,102,8,545
546,08,110,00547,288813.2119495086,1076257555.9828353,RAJASTHAN,Jaipur,Amber,547,102,8,546
547,08,110,00548,259004.34898601312,1293620251.4208882,RAJASTHAN,Jaipur,Jamwa Ramgarh,548,102,8,547
548,08,110,00549,267320.4561685473,857075877.7149881,RAJASTHAN,Jaipur,Bassi,549,102,8,548
549,08,110,00550,218707.34904162155,1026114015.0085855,RAJASTHAN,Jaipur,Chaksu,550,102,8,549
550,08,111,00551,239496.86499136896,1375938996.122351,RAJASTHAN,Sikar,Fatehpur,551,114,8,550
551,08,111,00552,292590.54410134675,1562137239.8794882,RAJASTHAN,Sikar,Lachhmangarh,552,114,8,551
552,08,111,00553,388591.4683574977,1933956712.2162266,RAJASTHAN,Sikar,Sikar,553,114,8,552
553,08,111,00554,387010.38636244956,1742611811.3364432,RAJASTHAN,Sikar,Danta Ramgarh,554,114,8,553
554,08,111,00555,271407.5822258717,1748337241.2770681,RAJASTHAN,Sikar,Sri Madhopur,555,114,8,554
555,08,111,00556,288221.8077110931,1505648602.4872847,RAJASTHAN,Sikar,Neem-Ka-Thana,556,114,8,555
556,08,112,00557,282834.5501368079,1612363892.8925104,RAJASTHAN,Nagaur,Ladnu,557,110,8,556
557,08,112,00558,302486.58114445367,2106074120.2216985,RAJASTHAN,Nagaur,Didwana,558,110,8,557
558,08,112,00559,342344.8822383433,2635001332.0671663,RAJASTHAN,Nagaur,Jayal,559,110,8,558
559,08,112,00560,427902.14921152894,3891903050.0898943,RAJASTHAN,Nagaur,Nagaur,560,110,8,559
560,08,112,00561,294204.6533857218,2094353249.4417622,RAJASTHAN,Nagaur,Kheenvsar,561,110,8,560
561,08,112,00562,331918.6355166208,2887250347.9659295,RAJASTHAN,Nagaur,Merta,562,110,8,561
562,08,112,00563,392552.44518513384,2403789912.2143154,RAJASTHAN,Nagaur,Degana,563,110,8,562
563,08,112,00564,278115.9602460236,1400008487.0678267,RAJASTHAN,Nagaur,Parbatsar,564,110,8,563
564,08,112,00565,240271.52429176113,1434131841.0942316,RAJASTHAN,Nagaur,Makrana,565,110,8,564
565,08,112,00566,303364.90219316876,2071113091.6106522,RAJASTHAN,Nagaur,Nawa,566,110,8,565
566,08,113,00567,640260.3784986744,9693782691.730913,RAJASTHAN,Jodhpur,Phalodi,567,107,8,566
567,08,113,00568,389115.3509048935,4430111064.766192,RAJASTHAN,Jodhpur,Osian,568,107,8,567
568,08,113,00569,367170.3595414984,3107942060.8989296,RAJASTHAN,Jodhpur,Bhopalgarh,569,107,8,568
569,08,113,00570,364381.76303550525,2382654888.2870493,RAJASTHAN,Jodhpur,Jodhpur,570,107,8,569
570,08,113,00571,405420.92775148165,4815644426.124086,RAJASTHAN,Jodhpur,Shergarh,571,107,8,570
571,08,113,00572,290078.60718282603,2059726958.7440124,RAJASTHAN,Jodhpur,Luni,572,107,8,571
572,08,113,00573,299780.9562522112,2067102675.2364886,RAJASTHAN,Jodhpur,Bilara,573,107,8,572
573,08,114,00574,978401.8802983888,30913422622.367123,RAJASTHAN,Jaisalmer,Jaisalmer,574,103,8,573
574,08,114,00575,908253.6068072943,12183013436.425966,RAJASTHAN,Jaisalmer,Pokaran,575,103,8,574
575,08,114,00576,566339.7545885063,5581149673.4068775,RAJASTHAN,Jaisalmer,Fatehgarh,576,103,8,575
576,08,115,00577,615370.3319269074,8229615011.741125,RAJASTHAN,Barmer,Sheo,577,90,8,576
577,08,115,00578,386250.5749401274,3855302772.512417,RAJASTHAN,Barmer,Baytoo,578,90,8,577
578,08,115,00579,437107.57287216577,4327267006.987642,RAJASTHAN,Barmer,Pachpadra,579,90,8,578
579,08,115,00580,322794.5063330145,2548588473.7067313,RAJASTHAN,Barmer,Siwana,580,90,8,579
580,08,115,00581,447044.2929588261,4952952205.5498905,RAJASTHAN,Barmer,Gudha Malani,581,90,8,580
581,08,115,00582,368424.95096079714,3609164022.850902,RAJASTHAN,Barmer,Barmer,582,90,8,581
582,08,115,00583,240339.19206300797,1799921916.2903962,RAJASTHAN,Barmer,Ramsar,583,90,8,582
583,08,115,00584,473904.737068958,5814042410.1983385,RAJASTHAN,Barmer,Chohtan,584,90,8,583
584,08,116,00585,201505.92819440895,1185313123.739188,RAJASTHAN,Jalor,Sayla,585,104,8,584
585,08,116,00586,283603.74145496986,2326440664.8580914,RAJASTHAN,Jalor,Ahore,586,104,8,585
586,08,116,00587,229962.14427149866,1592422721.754553,RAJASTHAN,Jalor,Jalor,587,104,8,586
587,08,116,00588,328937.147009073,1990039784.1533828,RAJASTHAN,Jalor,Bhinmal,588,104,8,587
588,08,116,00589,216596.81301635707,1037147743.3756303,RAJASTHAN,Jalor,Bagora,589,104,8,588
589,08,116,00590,365285.61925554316,3655861246.798552,RAJASTHAN,Jalor,Sanchore,590,104,8,589
590,08,116,00591,192717.20245747722,1248040470.873834,RAJASTHAN,Jalor,Raniwara,591,104,8,590
591,08,117,00592,211551.6017543604,1083368669.7902954,RAJASTHAN,Sirohi,Sheoganj,592,115,8,591
592,08,117,00593,212663.82444067262,1434477871.2448401,RAJASTHAN,Sirohi,Sirohi,593,115,8,592
593,08,117,00594,233288.38727602075,1355024803.7997682,RAJASTHAN,Sirohi,Pindwara,594,115,8,593
594,08,117,00595,220918.00998658905,1066586636.2584922,RAJASTHAN,Sirohi,Abu Road,595,115,8,594
595,08,117,00596,236100.87974392425,1319210381.5500145,RAJASTHAN,Sirohi,Reodar,596,115,8,595
596,08,118,00597,249582.83007925004,1720701825.2655673,RAJASTHAN,Pali,Jaitaran,597,111,8,596
597,08,118,00598,293131.4131624265,1369316334.013661,RAJASTHAN,Pali,Raipur,598,111,8,597
598,08,118,00599,326405.27375867724,2127865476.1637518,RAJASTHAN,Pali,Sojat,599,111,8,598
599,08,118,00600,267837.530641997,1772265543.629144,RAJASTHAN,Pali,Rohat,600,111,8,599
600,08,118,00601,286675.86032452283,2047690830.803489,RAJASTHAN,Pali,Pali,601,111,8,600
601,08,118,00602,254739.34226123733,1729177916.205253,RAJASTHAN,Pali,Marwar Junction,602,111,8,601
602,08,118,00603,246967.24272414125,1624679496.6944287,RAJASTHAN,Pali,Desuri,603,111,8,602
603,08,118,00604,243378.3904907667,1192779020.3660467,RAJASTHAN,Pali,Sumerpur,604,111,8,603
604,08,118,00605,259010.29500209313,1732939402.5954368,RAJASTHAN,Pali,Bali,605,111,8,604
605,08,119,00606,362049.3530137512,2155204503.0014906,RAJASTHAN,Ajmer,Kishangarh,606,86,8,605
606,08,119,00607,256197.41946101008,1125387137.8500147,RAJASTHAN,Ajmer,Ajmer,607,86,8,606
607,08,119,00608,197842.34798773352,818358463.2447156,RAJASTHAN,Ajmer,Peesangan,608,86,8,607
608,08,119,00609,297291.6704468563,855047864.2615131,RAJASTHAN,Ajmer,Beawar,609,86,8,608
609,08,119,00610,219559.40246643894,1090150650.2007198,RAJASTHAN,Ajmer,Masuda,610,86,8,609
610,08,119,00611,214624.44206939393,969933736.0780939,RAJASTHAN,Ajmer,Nasirabad,611,86,8,610
611,08,119,00612,186707.18596995567,1021793588.772225,RAJASTHAN,Ajmer,Bhinay,612,86,8,611
612,08,119,00613,240976.30317903156,1311461023.492551,RAJASTHAN,Ajmer,Sarwar,613,86,8,612
613,08,119,00614,238671.82339855528,1250527266.143979,RAJASTHAN,Ajmer,Kekri,614,86,8,613
614,08,120,00615,255695.70626241062,1865441196.4773097,RAJASTHAN,Tonk,Malpura,615,116,8,614
615,08,120,00616,182125.7461598889,865950594.0323157,RAJASTHAN,Tonk,Peeplu,616,116,8,615
616,08,120,00617,231152.73889251618,1227872034.8973112,RAJASTHAN,Tonk,Niwai,617,116,8,616
617,08,120,00618,242024.29553490086,1014962810.3558369,RAJASTHAN,Tonk,Tonk,618,116,8,617
618,08,120,00619,236682.4559598287,1246176213.4830678,RAJASTHAN,Tonk,Todaraisingh,619,116,8,618
619,08,120,00620,285650.4598705105,1522652949.1144998,RAJASTHAN,Tonk,Deoli,620,116,8,619
620,08,120,00621,317241.3413898275,1233363054.2050786,RAJASTHAN,Tonk,Uniara,621,116,8,620
621,08,121,00622,258402.92669725063,1655390796.2782583,RAJASTHAN,Bundi,Hindoli,622,94,8,621
622,08,121,00623,223856.66980146483,1466335897.7348008,RAJASTHAN,Bundi,Nainwa,623,94,8,622
623,08,121,00624,190767.96197067504,854687112.2279226,RAJASTHAN,Bundi,Indragarh,624,94,8,623
624,08,121,00625,192499.11605517086,801983195.1589924,RAJASTHAN,Bundi,Keshoraipatan,625,94,8,624
625,08,121,00626,326377.7984927161,2311735670.623012,RAJASTHAN,Bundi,Bundi,626,94,8,625
626,08,122,00627,278015.165381288,1403046363.2258968,RAJASTHAN,Bhilwara,Asind,627,92,8,626
627,08,122,00628,171798.39916031665,758368545.6511426,RAJASTHAN,Bhilwara,Hurda,628,92,8,627
628,08,122,00629,215239.63079446074,1398730612.235699,RAJASTHAN,Bhilwara,Shahpura,629,92,8,628
629,08,122,00630,152602.2645939047,817816225.9167409,RAJASTHAN,Bhilwara,Banera,630,92,8,629
630,08,122,00631,358203.9145042166,1506450708.3937168,RAJASTHAN,Bhilwara,Mandal,631,92,8,630
631,08,122,00632,193889.25886808653,627110540.0734959,RAJASTHAN,Bhilwara,Raipur,632,92,8,631
632,08,122,00633,198644.28265707937,808092912.6605512,RAJASTHAN,Bhilwara,Sahara,633,92,8,632
633,08,122,00634,242846.4142405777,1193875338.9216342,RAJASTHAN,Bhilwara,Bhilwara,634,92,8,633
634,08,122,00635,210450.1245202121,1149919957.45904,RAJASTHAN,Bhilwara,Kotri,635,92,8,634
635,08,122,00636,213200.67358721053,1332232056.311763,RAJASTHAN,Bhilwara,Jahazpur,636,92,8,635
636,08,122,00637,232015.97477063324,1144366603.4058933,RAJASTHAN,Bhilwara,Mandalgarh,637,92,8,636
637,08,122,00638,160170.8897803798,774681819.9356705,RAJASTHAN,Bhilwara,Beejoliya,638,92,8,637
638,08,123,00639,383891.04663878836,813212795.7824903,RAJASTHAN,Rajsamand,Bhim,639,112,8,638
639,08,123,00640,333381.0068964963,741230620.1272788,RAJASTHAN,Rajsamand,Deogarh,640,112,8,639
640,08,123,00641,291898.00862375833,639713506.4778265,RAJASTHAN,Rajsamand,Amet,641,112,8,640
641,08,123,00642,250157.98467428845,1091478372.277375,RAJASTHAN,Rajsamand,Kumbhalgarh,642,112,8,641
642,08,123,00643,220188.9638250107,754096223.5288134,RAJASTHAN,Rajsamand,Rajsamand,643,112,8,642
643,08,123,00644,165326.61123682588,698364878.11786,RAJASTHAN,Rajsamand,Railmagra,644,112,8,643
644,08,123,00645,270198.1091101943,954164636.9556354,RAJASTHAN,Rajsamand,Nathdwara,645,112,8,644
645,08,124,00646,273430.3321244404,1591598287.1320999,RAJASTHAN,Dungarpur,Dungarpur,646,99,8,645
646,08,124,00647,179674.02730014132,858345160.0823411,RAJASTHAN,Dungarpur,Aspur,647,99,8,646
647,08,124,00648,232653.90619752172,1056895513.2003813,RAJASTHAN,Dungarpur,Sagwara,648,99,8,647
648,08,124,00649,230089.3457898797,1037841136.9438142,RAJASTHAN,Dungarpur,Simalwara,649,99,8,648
649,08,125,00650,172360.15061151018,916433807.8003038,RAJASTHAN,Banswara,Ghatol,650,88,8,649
650,08,125,00651,186189.58611058336,863497631.1301756,RAJASTHAN,Banswara,Garhi,651,88,8,650
651,08,125,00652,249274.05465597648,1343769201.0895278,RAJASTHAN,Banswara,Banswara,652,88,8,651
652,08,125,00653,216723.03930206277,1019447820.7506901,RAJASTHAN,Banswara,Bagidora,653,88,8,652
653,08,125,00654,217520.6545125505,1207487672.666682,RAJASTHAN,Banswara,Kushalgarh,654,88,8,653
654,08,126,00655,149771.70397534446,552451272.7169224,RAJASTHAN,Chittaurgarh,Rashmi,655,95,8,654
655,08,126,00656,161027.86769727396,681291096.0354291,RAJASTHAN,Chittaurgarh,Gangrar,656,95,8,655
656,08,126,00657,200438.0837744403,1119989829.0139167,RAJASTHAN,Chittaurgarh,Begun,657,95,8,656
657,08,126,00658,287822.3242513509,1953652791.8391464,RAJASTHAN,Chittaurgarh,Rawatbhata,658,95,8,657
658,08,126,00659,230169.5979523805,1204548744.5211153,RAJASTHAN,Chittaurgarh,Chittaurgarh,659,95,8,658
659,08,126,00660,216072.45487777103,1108176872.0716057,RAJASTHAN,Chittaurgarh,Kapasan,660,95,8,659
660,08,126,00661,215228.32115709467,605261728.9099486,RAJASTHAN,Chittaurgarh,Dungla,661,95,8,660
661,08,126,00662,172025.4146778976,650982510.6964395,RAJASTHAN,Chittaurgarh,Bhadesar,662,95,8,661
662,08,126,00663,261134.4260024685,1014766654.8329215,RAJASTHAN,Chittaurgarh,Nimbahera,663,95,8,662
663,08,126,00664,152437.39773206314,618551715.2064422,RAJASTHAN,Chittaurgarh,Bari Sadri,664,95,8,663
664,08,127,00665,204527.8375117431,1119543609.367801,RAJASTHAN,Kota,Pipalda,665,109,8,664
665,08,127,00666,195186.19225955824,1123696878.8731942,RAJASTHAN,Kota,Digod,666,109,8,665
666,08,127,00667,267611.0756589287,1823933334.00896,RAJASTHAN,Kota,Ladpura,667,109,8,666
667,08,127,00668,167439.50361851943,928595893.1988673,RAJASTHAN,Kota,Ramganj Mandi,668,109,8,667
668,08,127,00669,271901.1800992435,1272462822.7240365,RAJASTHAN,Kota,Sangod,669,109,8,668
669,08,128,00670,142737.3446456466,540918962.0682786,RAJASTHAN,Baran,Mangrol,670,89,8,669
670,08,128,00671,149518.11473886666,665645432.8632767,RAJASTHAN,Baran,Antah,671,89,8,670
671,08,128,00672,188742.32230122676,767396156.880491,RAJASTHAN,Baran,Baran,672,89,8,671
672,08,128,00673,187035.0914450535,1016356354.2473509,RAJASTHAN,Baran,Atru,673,89,8,672
673,08,128,00674,224269.6117256426,1745944355.9965649,RAJASTHAN,Baran,Kishanganj,674,89,8,673
674,08,128,00675,252851.51400254382,1804220750.1607518,RAJASTHAN,Baran,Shahbad,675,89,8,674
675,08,128,00676,174316.41810391008,972540773.6525947,RAJASTHAN,Baran,Chhabra,676,89,8,675
676,08,128,00677,172199.85165814403,1032489383.036811,RAJASTHAN,Baran,Chhipabarod,677,89,8,676
677,08,129,00678,184662.52954010654,1139692260.7093084,RAJASTHAN,Jhalawar,Khanpur,678,105,8,677
678,08,129,00679,248325.82726607594,1566417480.8731663,RAJASTHAN,Jhalawar,Jhalrapatan,679,105,8,678
679,08,129,00680,155569.9604572255,962538392.9262749,RAJASTHAN,Jhalawar,Aklera,680,105,8,679
680,08,129,00681,151554.33082035033,769442977.8669088,RAJASTHAN,Jhalawar,Manohar Thana,681,105,8,680
681,08,129,00682,255727.8651364372,848639559.8463663,RAJASTHAN,Jhalawar,Pachpahar,682,105,8,681
682,08,129,00683,192729.5256784713,1267198825.1725714,RAJASTHAN,Jhalawar,Pirawa,683,105,8,682
683,08,129,00684,249179.3745383992,1117925630.768613,RAJASTHAN,Jhalawar,Gangdhar,684,105,8,683
684,08,130,00685,303650.0318464782,1018482056.5361924,RAJASTHAN,Udaipur,Mavli,685,117,8,684
685,08,130,00686,252844.55740701608,1229460758.6134148,RAJASTHAN,Udaipur,Gogunda,686,117,8,685
686,08,130,00687,332672.90440401365,2099802919.8249846,RAJASTHAN,Udaipur,Kotra,687,117,8,686
687,08,130,00688,228706.0281248907,1721991254.8298848,RAJASTHAN,Udaipur,Jhadol,688,117,8,687
688,08,130,00689,532817.5978153443,2254550753.4334707,RAJASTHAN,Udaipur,Girwa,689,117,8,688
689,08,130,00690,388677.23080576066,1297822464.583353,RAJASTHAN,Udaipur,Vallabhnagar,690,117,8,689
690,08,130,00691,171936.30344208784,622893514.336805,RAJASTHAN,Udaipur,Lasadiya,691,117,8,690
691,08,130,00692,238622.17001669327,1256793068.190093,RAJASTHAN,Udaipur,Salumbar,692,117,8,691
692,08,130,00693,278222.83260669,1114782712.650835,RAJASTHAN,Udaipur,Sarada,693,117,8,692
693,08,130,00694,203391.01575303669,804610108.888217,RAJASTHAN,Udaipur,Rishabhdeo,694,117,8,693
694,08,130,00695,173539.46554684106,764258619.7105756,RAJASTHAN,Udaipur,Kherwara,695,117,8,694
695,08,131,00696,201558.41103172052,1073331198.4686681,RAJASTHAN,Pratapgarh,Dhariawad,696,629,8,695
696,08,131,00697,209051.90488384714,1004931333.7387097,RAJASTHAN,Pratapgarh,Peepalkhoont,697,629,8,696
697,08,131,00698,148237.10267749426,873631078.2366732,RAJASTHAN,Pratapgarh,Chhoti Sadri,698,629,8,697
698,08,131,00699,236749.8764168421,1590950251.173185,RAJASTHAN,Pratapgarh,Pratapgarh,699,629,8,698
699,08,131,00700,181599.6791940214,781571731.7387043,RAJASTHAN,Pratapgarh,Arnod,700,629,8,699
1541,11,241,01547,337823.65163828817,4212379659.2956195,SIKKIM,North  District,Chungthang,1547,226,11,1541
1542,11,241,01548,211108.4128482013,1200388098.1252882,SIKKIM,North  District,Mangan,1548,226,11,1542
1543,11,242,01549,174728.0391821931,1114402941.9371307,SIKKIM,West District,Gyalshing,1549,228,11,1543
1544,11,242,01550,105408.51153185089,398243879.7331536,SIKKIM,West District,Soreng,1550,228,11,1544
1545,11,243,01551,97064.18220850844,374702001.6012476,SIKKIM,South District,Namchi,1551,227,11,1545
1546,11,243,01552,137551.3677863317,559741814.4432379,SIKKIM,South District,Ravong,1552,227,11,1546
1547,11,244,01553,170286.47006524313,736904173.681127,SIKKIM,East District,Gangtok,1553,225,11,1547
1548,11,244,01554,83133.42817696807,206432650.05157965,SIKKIM,East District,Pakyong,1554,225,11,1548
1549,11,244,01555,102105.53997918143,274889776.75885874,SIKKIM,East District,Rongli,1555,225,11,1549
4584,33,602,05693,162613.07620310865,452793411.72803706,TAMILNADU,Thiruvallur,Gummidipoondi,5693,589,33,4584
4585,33,602,05694,178560.47218070377,719481716.0361124,TAMILNADU,Thiruvallur,Ponneri,5694,589,33,4585
4586,33,602,05695,155286.895158719,392526964.19217914,TAMILNADU,Thiruvallur,Uthukkottai,5695,589,33,4586
4587,33,602,05696,242210.91617316724,475006251.8347493,TAMILNADU,Thiruvallur,Tiruttani,5696,589,33,4587
4588,33,602,05697,220657.53121765633,372450313.2184178,TAMILNADU,Thiruvallur,Pallipattu,5697,589,33,4588
4589,33,602,05698,260685.96076473652,706962063.5723976,TAMILNADU,Thiruvallur,Thiruvallur,5698,589,33,4589
4590,33,602,05699,66811.68659048586,160197840.8427921,TAMILNADU,Thiruvallur,Poonamallee,5699,589,33,4590
4591,33,602,05700,92462.19603583774,190746721.80701038,TAMILNADU,Thiruvallur,Ambattur,5700,589,33,4591
4592,33,602,05701,73767.08676198844,135216813.5050321,TAMILNADU,Thiruvallur,Mathavaram,5701,589,33,4592
4593,33,603,05925,78017.79698367603,187443431.68781105,TAMILNADU,Chennai,Chennai,0,568,33,4593
4594,33,604,05702,227985.2059404776,685415930.4476444,TAMILNADU,Kancheepuram,Sriperumbudur,5702,574,33,4594
4595,33,604,05703,56416.38664319674,72104913.86488993,TAMILNADU,Kancheepuram,Tambaram,5703,574,33,4595
4596,33,604,05704,43435.57183812343,66286457.02017415,TAMILNADU,Kancheepuram,Alandur,5704,574,33,4596
4597,33,604,05705,58884.475575519675,107920694.339057,TAMILNADU,Kancheepuram,Sholinganallur,5705,574,33,4597
4598,33,604,05706,182197.42967311328,815436583.5745676,TAMILNADU,Kancheepuram,Chengalpattu,5706,574,33,4598
4599,33,604,05707,156472.90745260988,678060680.1498924,TAMILNADU,Kancheepuram,Kancheepuram,5707,574,33,4599
4600,33,604,05708,130925.42349153984,454318731.3857851,TAMILNADU,Kancheepuram,Uthiramerur,5708,574,33,4600
4601,33,604,05709,111581.8484070495,381044929.0862745,TAMILNADU,Kancheepuram,Tirukalukundram,5709,574,33,4601
4602,33,604,05710,236916.19184252797,809543120.5888839,TAMILNADU,Kancheepuram,Maduranthakam,5710,574,33,4602
4603,33,604,05711,179531.15180057948,670307741.6619473,TAMILNADU,Kancheepuram,Cheyyur,5711,574,33,4603
4604,33,605,05712,192765.16110143234,766238029.396779,TAMILNADU,Vellore,Gudiyatham,5712,595,33,4604
4605,33,605,05713,162313.55502331987,539999986.5326877,TAMILNADU,Vellore,Katpadi,5713,595,33,4605
4606,33,605,05714,235892.27301246263,536600573.3183274,TAMILNADU,Vellore,Wallajah,5714,595,33,4606
4607,33,605,05715,207642.42208041882,894502548.7242072,TAMILNADU,Vellore,Arakonam,5715,595,33,4607
4608,33,605,05716,218338.55272097405,554252127.8044308,TAMILNADU,Vellore,Arcot,5716,595,33,4608
4609,33,605,05717,210591.4752633283,1039195153.2527127,TAMILNADU,Vellore,Vellore,5717,595,33,4609
4610,33,605,05718,232635.31012034192,593031395.1056647,TAMILNADU,Vellore,Vaniyambadi,5718,595,33,4610
4611,33,605,05719,158076.50758758766,447179666.3242325,TAMILNADU,Vellore,Ambur,5719,595,33,4611
4612,33,605,05720,270308.24214279914,1055511114.4699875,TAMILNADU,Vellore,Tirupathur,5720,595,33,4612
4613,33,606,05721,226780.3149288282,443684503.9255905,TAMILNADU,Tiruvannamalai,Arani,5721,593,33,4613
4614,33,606,05722,241498.5057388724,899601586.7274089,TAMILNADU,Tiruvannamalai,Cheyyar,5722,593,33,4614
4615,33,606,05723,218908.42824318472,930098614.3728,TAMILNADU,Tiruvannamalai,Vandavasi,5723,593,33,4615
4616,33,606,05724,317945.68668089545,1458138908.915823,TAMILNADU,Tiruvannamalai,Polur,5724,593,33,4616
4617,33,606,05725,232175.9275856095,1016304163.7179632,TAMILNADU,Tiruvannamalai,Chengam,5725,593,33,4617
4618,33,606,05726,168889.05920778745,757407670.2203758,TAMILNADU,Tiruvannamalai,THANDRAMPET,5726,593,33,4618
4619,33,606,05727,253289.74561991988,1024881206.7364867,TAMILNADU,Tiruvannamalai,Tiruvannamalai,5727,593,33,4619
4620,33,607,05728,237093.36917774825,1122143766.6997569,TAMILNADU,Viluppuram,Gingee,5728,596,33,4620
4621,33,607,05729,257230.95895607077,1050110948.7838467,TAMILNADU,Viluppuram,Tindivanam,5729,596,33,4621
4622,33,607,05730,173398.53687791064,493578638.63657683,TAMILNADU,Viluppuram,Vanur,5730,596,33,4622
4623,33,607,05731,299649.7151422729,939517761.9888289,TAMILNADU,Viluppuram,Viluppuram,5731,596,33,4623
4624,33,607,05732,228253.20123139213,774024323.9948543,TAMILNADU,Viluppuram,Tirukkoyilur,5732,596,33,4624
4625,33,607,05733,274818.6834608496,1345066552.8793147,TAMILNADU,Viluppuram,Sankarapuram,5733,596,33,4625
4626,33,607,05734,240962.0351350086,1018274657.912923,TAMILNADU,Viluppuram,Kallakkurichi,5734,596,33,4626
4627,33,607,05735,215868.77512588847,818785071.6221011,TAMILNADU,Viluppuram,Ulundurpettai,5735,596,33,4627
4628,33,608,05736,219898.35778712615,814384228.9106354,TAMILNADU,Salem,Mettur,5736,584,33,4628
4629,33,608,05737,209374.48403515868,700225923.6135027,TAMILNADU,Salem,Omalur,5737,584,33,4629
4630,33,608,05738,113182.65876690041,333000659.75308806,TAMILNADU,Salem,Edappadi,5738,584,33,4630
4631,33,608,05739,192229.57558543747,444058794.3649291,TAMILNADU,Salem,Sankari,5739,584,33,4631
4632,33,608,05740,195177.2293873916,565622846.2945917,TAMILNADU,Salem,Salem,5740,584,33,4632
4633,33,608,05741,126216.3690604013,404947775.7624293,TAMILNADU,Salem,Yercaud,5741,584,33,4633
4634,33,608,05742,164278.13729492,460758605.9627517,TAMILNADU,Salem,Vazhapadi,5742,584,33,4634
4635,33,608,05743,280679.86993633624,1222861907.0158694,TAMILNADU,Salem,Attur,5743,584,33,4635
4636,33,608,05744,212089.6469892741,548532636.555412,TAMILNADU,Salem,Gangavalli,5744,584,33,4636
4637,33,609,05745,244363.69910232152,864800895.5693524,TAMILNADU,Namakkal,Tiruchengode,5745,580,33,4637
4638,33,609,05746,256645.61495880893,858718241.6255232,TAMILNADU,Namakkal,Rasipuram,5746,580,33,4638
4639,33,609,05747,307314.42000137817,1305808111.181378,TAMILNADU,Namakkal,Namakkal,5747,580,33,4639
4640,33,609,05748,132012.66189103073,548497109.4725492,TAMILNADU,Namakkal,Paramathi-Velur,5748,580,33,4640
4641,33,610,05749,347294.29104685574,2382878498.5967093,TAMILNADU,Erode,Sathyamangalam,5749,573,33,4641
4642,33,610,05750,269786.0914532606,1568761441.560631,TAMILNADU,Erode,Bhavani,5750,573,33,4642
4643,33,610,05751,230339.6051982723,693755096.1290601,TAMILNADU,Erode,Gobichettipalayam,5751,573,33,4643
4644,33,610,05752,207642.9656368457,829767798.6264799,TAMILNADU,Erode,Perundurai,5752,573,33,4644
4645,33,610,05753,194923.78841265952,800696801.2509707,TAMILNADU,Erode,Erode,5753,573,33,4645
4646,33,611,05754,79703.15953652625,228476474.44756687,TAMILNADU,The Nilgiris,Panthalur,5754,587,33,4646
4647,33,611,05755,151880.4868180806,531427749.8646395,TAMILNADU,The Nilgiris,Gudalur,5755,587,33,4647
4648,33,611,05756,163041.9921588349,920651010.4740541,TAMILNADU,The Nilgiris,Udhagamandalam,5756,587,33,4648
4649,33,611,05757,138013.5020495524,416144213.8139198,TAMILNADU,The Nilgiris,Kotagiri,5757,587,33,4649
4650,33,611,05758,102019.28815355203,242805842.3913647,TAMILNADU,The Nilgiris,Coonoor,5758,587,33,4650
4651,33,611,05759,102644.76885176361,345092400.10099524,TAMILNADU,The Nilgiris,Kundah,5759,587,33,4651
4652,33,612,05760,159578.60911610175,760357734.8955309,TAMILNADU,Dindigul,Palani,5760,572,33,4652
4653,33,612,05761,200859.59356082886,812687523.93443,TAMILNADU,Dindigul,Oddanchatram,5761,572,33,4653
4654,33,612,05762,274416.38230716664,1103826440.807824,TAMILNADU,Dindigul,Vedasandur,5762,572,33,4654
4655,33,612,05763,158121.65541877848,597072247.0150403,TAMILNADU,Dindigul,Natham,5763,572,33,4655
4656,33,612,05764,260403.28312482213,1156964173.0697327,TAMILNADU,Dindigul,Dindigul,5764,572,33,4656
4657,33,612,05765,144752.75130973282,288454728.9515642,TAMILNADU,Dindigul,Attur,5765,572,33,4657
4658,33,612,05766,226414.1344794209,1071431114.9428691,TAMILNADU,Dindigul,Kodaikanal,5766,572,33,4658
4659,33,612,05767,160899.0678633555,500242843.77096105,TAMILNADU,Dindigul,Nilakkottai,5767,572,33,4659
4660,33,613,05768,253470.52461312784,1022153874.2506527,TAMILNADU,Karur,Aravakurichi,5768,576,33,4660
4661,33,613,05769,163184.8735161633,635343602.7916718,TAMILNADU,Karur,Karur,5769,576,33,4661
4662,33,613,05770,169199.10313087952,409838352.41035575,TAMILNADU,Karur,Krishnarayapuram,5770,576,33,4662
4663,33,613,05771,152279.29941599633,515413103.02402014,TAMILNADU,Karur,Kulithalai,5771,576,33,4663
4664,33,613,05772,125877.30333690367,445325435.43637276,TAMILNADU,Karur,Kadavur,5772,576,33,4664
4665,33,614,05773,106700.80693963019,288671820.76618916,TAMILNADU,Tiruchirappalli,Thottiyam,5773,591,33,4665
4666,33,614,05774,200123.36180479263,697242766.6202246,TAMILNADU,Tiruchirappalli,Musiri,5774,591,33,4666
4667,33,614,05775,198265.96997680314,841072639.8398209,TAMILNADU,Tiruchirappalli,Thuraiyur,5775,591,33,4667
4668,33,614,05776,137997.16760264672,390031247.64368397,TAMILNADU,Tiruchirappalli,Manachanallur,5776,591,33,4668
4669,33,614,05777,150810.55420201027,616328876.1757447,TAMILNADU,Tiruchirappalli,Lalgudi,5777,591,33,4669
4670,33,614,05778,188136.60668800535,376911788.24929494,TAMILNADU,Tiruchirappalli,Srirangam,5778,591,33,4670
4671,33,614,05779,49651.96524663911,72934869.18893388,TAMILNADU,Tiruchirappalli,Tiruchirappalli,5779,591,33,4671
4672,33,614,05780,95543.4955831227,278648342.39982253,TAMILNADU,Tiruchirappalli,Thiruverumbur,5780,591,33,4672
4673,33,614,05781,254127.12694216942,1127939716.6479228,TAMILNADU,Tiruchirappalli,Manapparai,5781,591,33,4673
4674,33,615,05782,173834.42878555384,602367048.6855136,TAMILNADU,Perambalur,Veppanthattai,5974,581,33,4674
4675,33,615,05783,108972.80130424292,342936171.72169334,TAMILNADU,Perambalur,Perambalur,5973,581,33,4675
4676,33,615,05784,277613.68947351753,881198107.2146541,TAMILNADU,Perambalur,Kunnam,5976,581,33,4676
4677,33,616,05785,131439.92054980184,331546633.9975327,TAMILNADU,Ariyalur,Sendurai,5785,610,33,4677
4678,33,616,05786,198961.4251130133,981664913.4977525,TAMILNADU,Ariyalur,Udayarpalayam,5786,610,33,4678
4679,33,616,05787,184912.12253965155,713828698.6645256,TAMILNADU,Ariyalur,Ariyalur,5787,610,33,4679
4680,33,617,05788,177879.3105463121,673487846.0395011,TAMILNADU,Cuddalore,Panruti,5788,570,33,4680
4681,33,617,05789,198078.04281997558,319150078.07681525,TAMILNADU,Cuddalore,Cuddalore,5789,570,33,4681
4682,33,617,05790,115997.40193584927,236545927.93621773,TAMILNADU,Cuddalore,Kurinjipadi,5790,570,33,4682
4683,33,617,05791,162755.48677182908,627867814.4638768,TAMILNADU,Cuddalore,Chidambaram,5791,570,33,4683
4684,33,617,05792,184173.3294903072,475729004.7140838,TAMILNADU,Cuddalore,Kattumannarkoil,5792,570,33,4684
4685,33,617,05793,230391.03679257372,910490367.5000616,TAMILNADU,Cuddalore,Virudhachalam,5793,570,33,4685
4686,33,617,05794,175573.36640609783,651983490.7244862,TAMILNADU,Cuddalore,Tittakudi,5794,570,33,4686
4687,33,618,05795,131556.03194462645,488927889.37683684,TAMILNADU,Nagapattinam,Sirkali,5795,579,33,4687
4688,33,618,05796,110301.30600396814,267863937.76387417,TAMILNADU,Nagapattinam,Mayiladuthurai,5796,579,33,4688
4689,33,618,05797,105693.43864279444,181153951.60387063,TAMILNADU,Nagapattinam,Kuthalam,5797,579,33,4689
4690,33,618,05798,93529.20379356004,295796074.2311253,TAMILNADU,Nagapattinam,Tharangambadi,5798,579,33,4690
4691,33,618,05799,191568.0594703614,326200259.1791646,TAMILNADU,Nagapattinam,Nagapattinam,5799,579,33,4691
4692,33,618,05800,165168.01975962947,288641440.3710829,TAMILNADU,Nagapattinam,Kilvelur,5800,579,33,4692
4693,33,618,05801,79096.42941172412,150435907.09468994,TAMILNADU,Nagapattinam,Thirukkuvalai,5801,579,33,4693
4694,33,618,05802,163884.2267072585,865189870.7572463,TAMILNADU,Nagapattinam,Vedaranyam,5802,579,33,4694
4695,33,619,05803,99066.65058002563,210923877.03667766,TAMILNADU,Thiruvarur,Valangaiman,5803,590,33,4695
4696,33,619,05804,164472.8097133634,335271582.9100958,TAMILNADU,Thiruvarur,Kodavasal,5804,590,33,4696
4697,33,619,05805,150658.92926571672,247047011.48076022,TAMILNADU,Thiruvarur,Nannilam,5805,590,33,4697
4698,33,619,05806,110790.8347160006,153884987.26259983,TAMILNADU,Thiruvarur,Thiruvarur,5806,590,33,4698
4699,33,619,05807,146867.5309521868,256128830.35729614,TAMILNADU,Thiruvarur,Needamangalam,5807,590,33,4699
4700,33,619,05808,197642.56780646034,552099436.779666,TAMILNADU,Thiruvarur,Mannargudi,5808,590,33,4700
4701,33,619,05809,183069.38986588808,450540290.7795557,TAMILNADU,Thiruvarur,Thiruthuraipoondi,5809,590,33,4701
4702,33,620,05810,123239.67420512061,283082640.94715875,TAMILNADU,Thanjavur,Thiruvidaimarudur,5810,586,33,4702
4703,33,620,05811,131907.42163562126,289626806.6152291,TAMILNADU,Thanjavur,Kumbakonam,5811,586,33,4703
4704,33,620,05812,171628.42500065587,417981236.22090834,TAMILNADU,Thanjavur,Papanasam,5812,586,33,4704
4705,33,620,05813,121463.92583095167,278951304.3978578,TAMILNADU,Thanjavur,Thiruvaiyaru,5813,586,33,4705
4706,33,620,05814,206059.85720112835,642408835.0077907,TAMILNADU,Thanjavur,Thanjavur,5814,586,33,4706
4707,33,620,05815,227371.8874626468,596684614.8945465,TAMILNADU,Thanjavur,Orathanadu,5815,586,33,4707
4708,33,620,05816,196512.548609083,754473992.3995839,TAMILNADU,Thanjavur,Pattukkottai,5816,586,33,4708
4709,33,620,05817,112198.21673354295,297678482.8991137,TAMILNADU,Thanjavur,Peravurani,5817,586,33,4709
4710,33,621,05818,212298.99249891134,720330273.2742875,TAMILNADU,Pudukkottai,Iluppur,5818,582,33,4710
4711,33,621,05819,199928.16584830484,693653987.1384699,TAMILNADU,Pudukkottai,Kulathur,5819,582,33,4711
4712,33,621,05820,141854.16194508167,330717364.1666458,TAMILNADU,Pudukkottai,Gandarvakkottai,5820,582,33,4712
4713,33,621,05821,146635.90324808622,332288229.42131567,TAMILNADU,Pudukkottai,Pudukkottai,5821,582,33,4713
4714,33,621,05822,158102.0450949401,584835180.6699332,TAMILNADU,Pudukkottai,Thirumayam,5822,582,33,4714
4715,33,621,05823,149429.98910941038,351368432.33198863,TAMILNADU,Pudukkottai,Ponnamaravathi,5823,582,33,4715
4716,33,621,05824,166600.27082938154,377096934.91260195,TAMILNADU,Pudukkottai,Alangudi,5824,582,33,4716
4717,33,621,05825,212119.27010553455,296328403.9540315,TAMILNADU,Pudukkottai,Karambakudi,5825,582,33,4717
4718,33,621,05826,167791.38192363386,502155534.42068666,TAMILNADU,Pudukkottai,Aranthangi,5826,582,33,4718
4719,33,621,05827,100811.68236308316,223998407.06336272,TAMILNADU,Pudukkottai,Manamelkudi,5827,582,33,4719
4720,33,621,05828,146546.24627124812,435833399.8664937,TAMILNADU,Pudukkottai,Avudayarkoil,5828,582,33,4720
4721,33,622,05829,276480.22031045146,903973659.8034893,TAMILNADU,Sivaganga,Tirupathur,5829,585,33,4721
4722,33,622,05830,245635.60951714267,622064537.4503502,TAMILNADU,Sivaganga,Karaikkudi,5830,585,33,4722
4723,33,622,05831,227737.30462124443,498242355.9901965,TAMILNADU,Sivaganga,Devakottai,5831,585,33,4723
4724,33,622,05832,295109.6101099476,1147906148.9258938,TAMILNADU,Sivaganga,Sivaganga,5832,585,33,4724
4725,33,622,05833,269509.22579245915,655470431.5961064,TAMILNADU,Sivaganga,Manamadurai,5833,585,33,4725
4726,33,622,05834,150786.13509782942,421325865.4695846,TAMILNADU,Sivaganga,Ilayangudi,5834,585,33,4726
4727,33,623,05835,235417.30070718707,708105740.4437567,TAMILNADU,Madurai,Melur,5835,578,33,4727
4728,33,623,05836,165803.72712288075,405778059.78023446,TAMILNADU,Madurai,Madurai North,5836,578,33,4728
4729,33,623,05837,128656.23973146571,479159953.40843153,TAMILNADU,Madurai,Vadipatti,5837,578,33,4729
4730,33,623,05838,120481.50671792588,505596816.1607883,TAMILNADU,Madurai,Usilampatti,5838,578,33,4730
4731,33,623,05839,231286.7184574259,850140838.648842,TAMILNADU,Madurai,Peraiyur,5839,578,33,4731
4732,33,623,05840,184865.82601014076,580788299.512076,TAMILNADU,Madurai,Thirumangalam,5840,578,33,4732
4733,33,623,05841,146212.37557980706,317223938.30351657,TAMILNADU,Madurai,Madurai South,5841,578,33,4733
4734,33,624,05842,148307.04585448996,527444674.01599497,TAMILNADU,Theni,Bodinayakanur,5842,588,33,4734
4735,33,624,05843,138717.08977466015,388288540.5930084,TAMILNADU,Theni,Periyakulam,5843,588,33,4735
4736,33,624,05844,103743.19782607128,212119361.27874166,TAMILNADU,Theni,Theni,5844,588,33,4736
4737,33,624,05845,179189.07478518944,859816284.6988161,TAMILNADU,Theni,Uthamapalayam,5845,588,33,4737
4738,33,624,05846,202985.31245562655,983861667.7490938,TAMILNADU,Theni,Andipatti,5846,588,33,4738
4739,33,625,05847,175912.7729913092,481673171.101618,TAMILNADU,Virudhunagar,Rajapalayam,5847,597,33,4739
4740,33,625,05848,195597.90372931727,708327399.483872,TAMILNADU,Virudhunagar,Srivilliputhur,5848,597,33,4740
4741,33,625,05849,196440.30700124401,599099933.6597271,TAMILNADU,Virudhunagar,Sivakasi,5849,597,33,4741
4742,33,625,05850,171362.95717096134,452881116.8525615,TAMILNADU,Virudhunagar,Virudhunagar,5850,597,33,4742
4743,33,625,05851,157189.91291435176,412508082.3732422,TAMILNADU,Virudhunagar,Kariapatti,5851,597,33,4743
4744,33,625,05852,227610.1821320963,571400702.0423634,TAMILNADU,Virudhunagar,Tiruchuli,5852,597,33,4744
4745,33,625,05853,239662.39994575517,655703080.6645976,TAMILNADU,Virudhunagar,Aruppukkottai,5853,597,33,4745
4746,33,625,05854,187874.10946842277,508529810.6669048,TAMILNADU,Virudhunagar,Sattur,5854,597,33,4746
4747,33,626,05855,298135.8244876151,992574037.2094125,TAMILNADU,Ramanathapuram,Tiruvadanai,5855,583,33,4747
4748,33,626,05856,236320.61070660222,776516143.5809164,TAMILNADU,Ramanathapuram,Paramakudi,5856,583,33,4748
4749,33,626,05857,154120.61584087947,507416391.16871446,TAMILNADU,Ramanathapuram,Mudukulathur,5857,583,33,4749
4750,33,626,05858,209623.9240731614,588679211.1837564,TAMILNADU,Ramanathapuram,Kamuthi,5858,583,33,4750
4751,33,626,05859,183405.94640538548,637776652.8381813,TAMILNADU,Ramanathapuram,Kadaladi,5859,583,33,4751
4752,33,626,05860,356750.64477491024,899707714.3295245,TAMILNADU,Ramanathapuram,Ramanathapuram,5860,583,33,4752
4753,33,626,05861,33151.45359658491,15892656.516888209,TAMILNADU,Ramanathapuram,Rameswaram,5861,583,33,4753
4754,33,627,05862,213615.27808451746,731427107.2718058,TAMILNADU,Thoothukkudi,Kovilpatti,5862,594,33,4754
4755,33,627,05863,157124.72740040458,512462117.6956425,TAMILNADU,Thoothukkudi,Ettayapuram,5863,594,33,4755
4756,33,627,05864,191791.91520843,896965873.2196552,TAMILNADU,Thoothukkudi,Vilathikulam,5864,594,33,4756
4757,33,627,05865,177931.36999750716,777202866.4756335,TAMILNADU,Thoothukkudi,Ottapidaram,5865,594,33,4757
4758,33,627,05866,152718.2139643605,373991237.8954953,TAMILNADU,Thoothukkudi,Thoothukkudi,5866,594,33,4758
4759,33,627,05867,198750.9503420815,624353634.7388399,TAMILNADU,Thoothukkudi,Srivaikuntam,5867,594,33,4759
4760,33,627,05868,145107.24295861807,518672428.014753,TAMILNADU,Thoothukkudi,Tiruchendur,5868,594,33,4760
4761,33,627,05869,136613.63995627261,374237535.8983851,TAMILNADU,Thoothukkudi,Sathankulam,5869,594,33,4761
4762,33,628,05870,163931.496572142,552975915.2019619,TAMILNADU,Tirunelveli,Sivagiri,5870,592,33,4762
4763,33,628,05871,345723.21646652307,1118730902.749128,TAMILNADU,Tirunelveli,Sankarankoil,5871,592,33,4763
4764,33,628,05872,105019.30592433314,287467726.9362289,TAMILNADU,Tirunelveli,Veerakeralamputhur,5872,592,33,4764
4765,33,628,05873,188274.24512168075,528199581.64564574,TAMILNADU,Tirunelveli,Tenkasi,5873,592,33,4765
4766,33,628,05874,106993.1787978785,210317595.17584744,TAMILNADU,Tirunelveli,Shenkottai,5874,592,33,4766
4767,33,628,05875,126680.39389774388,316436490.2710503,TAMILNADU,Tirunelveli,Alangulam,5875,592,33,4767
4768,33,628,05876,135638.3326610702,586285379.8929329,TAMILNADU,Tirunelveli,Tirunelveli,5876,592,33,4768
4769,33,628,05877,111543.83363536169,307905348.9078181,TAMILNADU,Tirunelveli,Palayamkottai,5877,592,33,4769
4770,33,628,05878,218526.92335410946,1214055777.4965074,TAMILNADU,Tirunelveli,Ambasamudram,5878,592,33,4770
4771,33,628,05879,228238.5844880361,989032098.6208756,TAMILNADU,Tirunelveli,Nanguneri,5879,592,33,4771
4772,33,628,05880,210095.43303023986,956174243.1923114,TAMILNADU,Tirunelveli,Radhapuram,5880,592,33,4772
4773,33,629,05881,169453.871378237,406872289.72589076,TAMILNADU,Kanniyakumari,Vilavancode,5881,575,33,4773
4774,33,629,05882,174900.16079818291,648051073.4595478,TAMILNADU,Kanniyakumari,Kalkulam,5882,575,33,4774
4775,33,629,05883,131698.68167635222,387994272.5561462,TAMILNADU,Kanniyakumari,Thovala,5883,575,33,4775
4776,33,629,05884,112309.12516597567,292332246.29564285,TAMILNADU,Kanniyakumari,Agastheeswaram,5884,575,33,4776
4777,33,630,05885,209181.09612057384,791598027.8526436,TAMILNADU,Dharmapuri,Palakkodu,5885,571,33,4777
4778,33,630,05886,265394.74566464365,1012312018.6514659,TAMILNADU,Dharmapuri,Harur,5886,571,33,4778
4779,33,630,05887,246260.87564765618,904752889.4910787,TAMILNADU,Dharmapuri,Pappireddipatti,5887,571,33,4779
4780,33,630,05888,205483.49043756493,832321179.1741931,TAMILNADU,Dharmapuri,Dharmapuri,5888,571,33,4780
4781,33,630,05889,224095.56324112063,1188796373.26699,TAMILNADU,Dharmapuri,Pennagaram,5889,571,33,4781
4782,33,631,05890,239642.18991753436,1013935002.9996274,TAMILNADU,Krishnagiri,Hosur,5890,577,33,4782
4783,33,631,05891,237233.0565823128,1347882553.1322117,TAMILNADU,Krishnagiri,Krishnagiri,5891,577,33,4783
4784,33,631,05892,357618.4730932923,2103698084.3066258,TAMILNADU,Krishnagiri,Denkanikottai,5892,577,33,4784
4785,33,631,05893,118666.05961730499,389262328.29567426,TAMILNADU,Krishnagiri,Pochampalli,5893,577,33,4785
4786,33,631,05894,154685.55435775802,557374743.0409942,TAMILNADU,Krishnagiri,Uthangarai,5894,577,33,4786
4787,33,632,05895,210592.48764963346,661681662.1141939,TAMILNADU,Coimbatore,Mettupalayam,5895,569,33,4787
4788,33,632,05896,198229.47077851705,596733451.5271374,TAMILNADU,Coimbatore,Sulur,5896,569,33,4788
4789,33,632,05897,257271.00233671872,908065440.693093,TAMILNADU,Coimbatore,Coimbatore North,5897,569,33,4789
4790,33,632,05898,194659.8841289055,802330008.015822,TAMILNADU,Coimbatore,Coimbatore South,5898,569,33,4790
4791,33,632,05899,214578.5122706644,1214875946.837565,TAMILNADU,Coimbatore,Pollachi,5899,569,33,4791
4792,33,632,05900,171965.94848401897,725020210.1005788,TAMILNADU,Coimbatore,Valparai,5900,569,33,4792
4793,33,633,05901,181061.82212902253,885252039.2163446,TAMILNADU,Tiruppur,Kangeyam,5901,634,33,4793
4794,33,633,05902,279716.1971053903,1418865778.0592594,TAMILNADU,Tiruppur,Dharapuram,5902,634,33,4794
4795,33,633,05903,158294.5443829495,391793681.2879961,TAMILNADU,Tiruppur,Avanashi,5903,634,33,4795
4796,33,633,05904,234716.06130008854,679739901.2621267,TAMILNADU,Tiruppur,Tiruppur,5904,634,33,4796
4797,33,633,05905,119619.2090384464,320130769.51885766,TAMILNADU,Tiruppur,Palladam,5905,634,33,4797
4798,33,633,05906,188040.05345142644,958494872.2380433,TAMILNADU,Tiruppur,Udumalaipettai,5906,634,33,4798
4799,33,633,05907,164077.34126646243,535736504.6385531,TAMILNADU,Tiruppur,Madathukulam,5907,634,33,4799
4817,36,532,04305,109580.56070768255,323168547.11402684,TELANGANA,Adilabad,Tamsi,4305,501,36,4817
4818,36,532,04306,119937.85561297748,399169963.9236534,TELANGANA,Adilabad,Adilabad,4306,501,36,4818
4819,36,532,04307,106213.95953255061,328636499.21495324,TELANGANA,Adilabad,Jainad,4307,501,36,4819
4820,36,532,04308,104003.7998193719,278858790.3567926,TELANGANA,Adilabad,Bela,4308,501,36,4820
4821,36,532,04309,94840.43754304413,336404276.4115974,TELANGANA,Adilabad,Talamadugu,4309,501,36,4821
4822,36,532,04310,75563.97872421482,185590672.41123575,TELANGANA,Adilabad,Gudihathnoor,4310,501,36,4822
4823,36,532,04311,138685.92124019278,397068835.52200013,TELANGANA,Adilabad,Inderavelly,4311,501,36,4823
4824,36,532,04312,119996.45922465295,495751674.59371394,TELANGANA,Adilabad,Narnoor,4312,501,36,4824
4825,36,532,04321,109762.60388322188,443013403.54066265,TELANGANA,Adilabad,Utnoor,4321,501,36,4825
4826,36,532,04322,92710.57482220302,300768684.730332,TELANGANA,Adilabad,Ichoda,4322,501,36,4826
4827,36,532,04323,90249.47013137258,274051110.028377,TELANGANA,Adilabad,Bazarhathnoor,4323,501,36,4827
4828,36,532,04324,96029.18052318264,379470244.64224166,TELANGANA,Adilabad,Boath,4324,501,36,4828
4829,36,532,04325,107670.23893095966,380585870.1923808,TELANGANA,Adilabad,Neradigonda,4325,501,36,4829
4830,36,533,04357,57663.20161746248,116159902.01689751,TELANGANA,Nizamabad,Ranjal,4357,516,36,4830
4831,36,533,04358,83220.3160823603,220481900.44509882,TELANGANA,Nizamabad,Navipet,4358,516,36,4831
4832,36,533,04359,91186.14783124557,337219835.1349404,TELANGANA,Nizamabad,Nandipet,4359,516,36,4832
4833,36,533,04360,88016.10012016262,251797020.9200055,TELANGANA,Nizamabad,Armur,4360,516,36,4833
4834,36,533,04361,75462.75988963475,249295729.3370747,TELANGANA,Nizamabad,Balkonda,4361,516,36,4834
4835,36,533,04362,86221.75373320558,225704812.99500734,TELANGANA,Nizamabad,Mortad,4362,516,36,4835
4836,36,533,04363,116130.77960712716,258198869.9279159,TELANGANA,Nizamabad,Kammarpalle,4363,516,36,4836
4837,36,533,04364,95022.86023288255,226549675.27199605,TELANGANA,Nizamabad,Bheemgal,4364,516,36,4837
4838,36,533,04365,64187.53756651585,131665262.32106331,TELANGANA,Nizamabad,Velpur,4365,516,36,4838
4839,36,533,04366,63690.27857912163,155504571.09999087,TELANGANA,Nizamabad,Jakranpalle,4366,516,36,4839
4840,36,533,04367,77926.77826647891,222907196.77650338,TELANGANA,Nizamabad,Makloor,4367,516,36,4840
4841,36,533,04368,133204.08506335158,423560782.602436,TELANGANA,Nizamabad,Nizamabad,4368,516,36,4841
4842,36,533,04369,50374.844292604874,106467943.89805834,TELANGANA,Nizamabad,Yedpalle,4369,516,36,4842
4843,36,533,04370,110792.55287051386,314588542.4692727,TELANGANA,Nizamabad,Bodhan,4370,516,36,4843
4844,36,533,04371,72717.33743429565,212324735.66014567,TELANGANA,Nizamabad,Kotgiri,4371,516,36,4844
4845,36,533,04376,97996.10259545823,304304521.7942429,TELANGANA,Nizamabad,Varni,4376,516,36,4845
4846,36,533,04377,94277.0434398502,267846001.9581086,TELANGANA,Nizamabad,Dichpalle,4377,516,36,4846
4847,36,533,04378,91174.70842634521,246312742.2720512,TELANGANA,Nizamabad,Dharpalle,4378,516,36,4847
4848,36,533,04379,126693.82686339931,447855358.5461076,TELANGANA,Nizamabad,Sirkonda,4379,516,36,4848
4849,36,534,04422,101713.07423348773,206100011.49872988,TELANGANA,Karimnagar,Gangadhara,4422,508,36,4849
4850,36,534,04423,80314.04448074399,149382175.244014,TELANGANA,Karimnagar,Ramadugu,4423,508,36,4850
4851,36,534,04424,58434.71323417887,136984336.22579718,TELANGANA,Karimnagar,Choppadandi,4424,508,36,4851
4852,36,534,04427,72179.84015699574,235580729.65976116,TELANGANA,Karimnagar,Manakondur,4427,508,36,4852
4853,36,534,04428,93676.86890466852,276134015.7213823,TELANGANA,Karimnagar,Karimnagar,4428,508,36,4853
4854,36,534,04438,76081.7976612208,170819507.59420726,TELANGANA,Karimnagar,Timmapur (LMD Colony),4438,508,36,4854
4855,36,534,04439,68154.92602855756,168784411.37812763,TELANGANA,Karimnagar,Veenavanka,4439,508,36,4855
4856,36,534,04440,80627.24501929694,255657354.12391883,TELANGANA,Karimnagar,Jammikunta,4440,508,36,4856
4857,36,534,04441,62378.96214430118,158688311.75378036,TELANGANA,Karimnagar,Shankarapatnam,4441,508,36,4857
4858,36,534,04442,58409.76157029488,166954083.93762827,TELANGANA,Karimnagar,Chigurumamidi,4442,508,36,4858
4859,36,534,04445,59147.68793431743,160712883.6071743,TELANGANA,Karimnagar,Saidapur,4445,508,36,4859
4860,36,534,04446,65711.17838777328,125703559.13029744,TELANGANA,Karimnagar,Huzurabad,4446,508,36,4860
4861,36,540,04448,81328.26108194655,186771238.29840288,TELANGANA,WARANGAL URBAN,Bheemadevarpalle,4448,686,36,4861
4862,36,540,04449,81193.72654253725,145821191.5565921,TELANGANA,WARANGAL URBAN,Elkathurthi,4449,686,36,4862
4863,36,535,04454,60702.06628382587,142325786.26809716,TELANGANA,Medak,Shankarampet (A),4454,513,36,4863
4864,36,535,04455,92225.61642027828,207845880.3709503,TELANGANA,Medak,Papannapet,4455,513,36,4864
4865,36,535,04456,110836.07499331565,382983121.3575726,TELANGANA,Medak,Medak,4456,513,36,4865
4866,36,535,04457,129479.36142079999,271686118.3203057,TELANGANA,Medak,Ramayampet,4457,513,36,4866
4867,36,535,04466,98011.088707174,200935043.42102495,TELANGANA,Medak,Chegunta,4466,513,36,4867
4868,36,535,04467,90416.52850059504,180265437.815655,TELANGANA,Medak,Shankarampet (R),4467,513,36,4868
4869,36,535,04468,79601.0732927782,170938803.27301767,TELANGANA,Medak,Kulcharam,4468,513,36,4869
4870,36,535,04469,74098.93374837593,171108414.93068174,TELANGANA,Medak,Tekmal,4469,513,36,4870
4871,36,535,04470,61708.34536472627,122474027.56697164,TELANGANA,Medak,Alladurg,4470,513,36,4871
4872,36,535,04480,100567.70610138422,267398736.18535486,TELANGANA,Medak,Kowdipalle,4480,513,36,4872
4873,36,535,04481,88675.69048108187,206280302.11732212,TELANGANA,Medak,Yeldurthy,4481,513,36,4873
4874,36,535,04482,79189.77373595085,204794088.87933752,TELANGANA,Medak,Tupran,4482,513,36,4874
4875,36,535,04487,80251.41296458666,226392106.3534602,TELANGANA,Medak,Shivampet,4487,513,36,4875
4876,36,535,04488,98447.99122764212,211240585.93926844,TELANGANA,Medak,Narsapur,4488,513,36,4876
4877,36,536,04496,24606.661726296315,29516894.960554164,TELANGANA,Hyderabad,Shaikpet,4496,507,36,4877
4878,36,536,04497,13778.303445386031,5283194.950777097,TELANGANA,Hyderabad,Ameerpet,4497,507,36,4878
4879,36,536,04498,13254.606140717256,7499746.8274913365,TELANGANA,Hyderabad,Secunderabad,4498,507,36,4879
4880,36,536,04499,30461.75006311737,15046818.341631848,TELANGANA,Hyderabad,Tirumalagiri,4499,507,36,4880
4881,36,536,04500,19508.29264213928,11848915.217531394,TELANGANA,Hyderabad,Maredpalle,4500,507,36,4881
4882,36,536,04501,17808.476462864917,12264326.445718585,TELANGANA,Hyderabad,Musheerabad,4501,507,36,4882
4883,36,536,04502,17801.00973387766,11937584.48377655,TELANGANA,Hyderabad,Amberpet,4502,507,36,4883
4884,36,536,04503,14088.696625943185,10935552.82228374,TELANGANA,Hyderabad,Himayathnagar,4503,507,36,4884
4885,36,536,04504,12153.269635209082,8067817.832341859,TELANGANA,Hyderabad,Nampally,4504,507,36,4885
4886,36,536,04505,32080.54697176336,16672449.988351481,TELANGANA,Hyderabad,Khairatabad,4505,507,36,4886
4887,36,536,04506,16449.819515683736,12540127.537935296,TELANGANA,Hyderabad,Asifnagar,4506,507,36,4887
4888,36,536,04507,53393.20155937154,34502467.78887515,TELANGANA,Hyderabad,Golconda,4507,507,36,4888
4889,36,536,04509,30732.229312048585,19508990.383443303,TELANGANA,Hyderabad,Bandlaguda,4509,507,36,4889
4890,36,536,04510,13245.928885600473,7210609.191129912,TELANGANA,Hyderabad,Charminar,4510,507,36,4890
4891,36,536,04511,15820.485501191137,8542024.763836522,TELANGANA,Hyderabad,Saidabad,4511,507,36,4891
4892,36,537,04515,97960.59203635182,209257052.22949773,TELANGANA,Ranga Reddy,Shankarpalle,4515,518,36,4892
4893,36,537,04516,53372.39120346818,107326604.11018027,TELANGANA,Ranga Reddy,Serilingampally,4516,518,36,4893
4894,36,537,04525,98612.45032591469,307142497.14928854,TELANGANA,Ranga Reddy,Hayathnagar,4525,518,36,4894
4895,36,537,04526,70816.83473609464,155898193.08617538,TELANGANA,Ranga Reddy,Saroornagar,4526,518,36,4895
4896,36,537,04527,131761.6616619496,183895401.0030596,TELANGANA,Ranga Reddy,Rajendranagar,4527,518,36,4896
4897,36,537,04528,108594.16447390927,239910591.5703234,TELANGANA,Ranga Reddy,Moinabad,4528,518,36,4897
4898,36,537,04529,98246.09922579823,306290184.6611792,TELANGANA,Ranga Reddy,Chevella,4529,518,36,4898
4899,36,538,04538,94275.59578856558,249052528.2898744,TELANGANA,MAHABUBNAGAR,Gandeed,4538,512,36,4899
4900,36,537,04542,94071.02410498942,248724877.62551,TELANGANA,Ranga Reddy,Shabad,4542,518,36,4900
4901,36,537,04543,96944.91330648909,241210834.49909106,TELANGANA,Ranga Reddy,Shamshabad,4543,518,36,4901
4902,36,537,04544,102483.52748895195,275456342.22407603,TELANGANA,Ranga Reddy,Maheswaram,4544,518,36,4902
4903,36,537,04545,99432.12584713905,335588443.4670863,TELANGANA,Ranga Reddy,Kandukur,4545,518,36,4903
4904,36,537,04546,127257.59014876116,309596298.63773215,TELANGANA,Ranga Reddy,Ibrahimpatnam,4546,518,36,4904
4905,36,537,04547,92829.23917907334,252192820.81842658,TELANGANA,Ranga Reddy,Manchal,4547,518,36,4905
4906,36,537,04548,109032.80437524771,338907066.185125,TELANGANA,Ranga Reddy,Yacharam,4548,518,36,4906
4907,36,781,04551,77415.72242072613,204356714.31677788,TELANGANA,Narayanpet,Kosgi,4551,721,36,4907
4908,36,781,04553,90366.75767733142,232763185.05585358,TELANGANA,Narayanpet,Damaragidda,4553,721,36,4908
4909,36,781,04554,87699.13785807448,248067332.37669042,TELANGANA,Narayanpet,Maddur,4554,721,36,4909
4910,36,538,04555,83843.62252923442,192821717.07447556,TELANGANA,Mahbubnagar,Hanwada,4555,512,36,4910
4911,36,538,04556,91522.91250812773,332835938.46534413,TELANGANA,Mahbubnagar,Nawabpet,4556,512,36,4911
4912,36,538,04557,97251.62999906363,329831482.4974525,TELANGANA,Mahbubnagar,Balanagar,4557,512,36,4912
4913,36,537,04558,86038.91249606518,260691087.285465,TELANGANA,Ranga Reddy,Kondurg,4558,518,36,4913
4914,36,537,04559,100143.37075950889,304592691.02425176,TELANGANA,Ranga Reddy,Farooqnagar,4559,518,36,4914
4915,36,537,04560,92395.93548777176,223782833.9397475,TELANGANA,Ranga Reddy,Kothur,4560,518,36,4915
4916,36,537,04561,90460.32531975409,251177600.1507844,TELANGANA,Ranga Reddy,Keshampet,4561,518,36,4916
4917,36,537,04562,97469.61420864835,331974820.9237848,TELANGANA,Ranga Reddy,Talakondapalle,4562,518,36,4917
4918,36,537,04563,105661.93406666735,313904414.5436059,TELANGANA,Ranga Reddy,Amangal,4563,518,36,4918
4919,36,537,04564,117040.01317808364,304280994.83891606,TELANGANA,Ranga Reddy,Madgul,4564,518,36,4919
4920,36,538,04567,117019.2444176064,318961311.9448484,TELANGANA,Mahbubnagar,Jadcherla,4567,512,36,4920
4921,36,538,04568,95310.58358892442,240513392.98694342,TELANGANA,Mahbubnagar,Mahbubnagar,4568,512,36,4921
4922,36,538,04569,108590.83841088938,255200472.00851607,TELANGANA,Mahbubnagar,Koilkonda,4569,512,36,4922
4923,36,781,04570,116930.65739793102,265755858.42399514,TELANGANA,Narayanpet,Narayanpet,4570,721,36,4923
4924,36,781,04571,102008.31981269305,287822932.70064145,TELANGANA,Narayanpet,Utkoor,4571,721,36,4924
4925,36,781,04572,79791.51376860359,264845865.14845556,TELANGANA,Narayanpet,Dhanwada,4572,721,36,4925
4926,36,538,04573,106491.10146094218,278301798.4749704,TELANGANA,Mahbubnagar,Devarkadra,4573,512,36,4926
4927,36,538,04574,77802.37651996371,203179632.3752259,TELANGANA,Mahbubnagar,Bhoothpur,4574,512,36,4927
4928,36,538,04586,89917.65265594015,237824735.38941333,TELANGANA,Mahbubnagar,Addakal,4586,512,36,4928
4929,36,538,04587,83430.729667394,183291722.7375699,TELANGANA,Mahbubnagar,Chinnachintakunta,4587,512,36,4929
4930,36,781,04588,92858.62624456335,290794720.52410054,TELANGANA,Narayanpet,Narva,4588,721,36,4930
4931,36,781,04589,136287.67337733536,384260768.1555496,TELANGANA,Narayanpet,Makthal,4589,721,36,4931
4932,36,781,04590,121664.75672349999,407776902.48092854,TELANGANA,Narayanpet,Maganoor,4590,721,36,4932
4933,36,539,04624,68815.73102008447,248770789.08719456,TELANGANA,Nalgonda,Sali Gouraram,4624,514,36,4933
4934,36,539,04633,91447.02515389523,260505686.9521476,TELANGANA,Nalgonda,Chityala,4633,514,36,4934
4935,36,539,04634,101423.52961745684,256991938.99171484,TELANGANA,Nalgonda,Narketpalle,4634,514,36,4935
4936,36,539,04635,76574.01653013368,204494788.08760402,TELANGANA,Nalgonda,Kattangoor,4635,514,36,4936
4937,36,539,04636,84163.5970118475,161158363.91980514,TELANGANA,Nalgonda,Nakrekal,4636,514,36,4937
4938,36,539,04637,69981.08796863515,172882678.2072938,TELANGANA,Nalgonda,Kethe Palle,4637,514,36,4938
4939,36,539,04644,91004.28169277121,240451414.6309242,TELANGANA,Nalgonda,Vemulapalle,4644,514,36,4939
4940,36,539,04645,96588.20231655725,274548005.7926998,TELANGANA,Nalgonda,Thipparthi,4645,514,36,4940
4941,36,539,04646,106221.09726052135,345477697.05047596,TELANGANA,Nalgonda,Nalgonda,4646,514,36,4941
4942,36,539,04647,95348.17551784473,269770531.5443647,TELANGANA,Nalgonda,Munugode,4647,514,36,4942
4943,36,539,04649,92130.99145230821,248980143.71342322,TELANGANA,Nalgonda,Marriguda,4649,514,36,4943
4944,36,539,04650,109730.9254855575,295138289.3099218,TELANGANA,Nalgonda,Chintha Palle,4650,514,36,4944
4945,36,539,04651,91054.5844785763,284035148.21391296,TELANGANA,Nalgonda,Gundla Palle,4651,514,36,4945
4946,36,539,04652,163617.37874834845,729526420.0978804,TELANGANA,Nalgonda,Chandam Pet,4652,514,36,4946
4947,36,539,04653,122006.4417671836,408466936.7223681,TELANGANA,Nalgonda,Devarakonda,4653,514,36,4947
4948,36,539,04654,86672.21886100966,318596529.634451,TELANGANA,Nalgonda,Nampalle,4654,514,36,4948
4949,36,539,04655,94143.34436600718,233321619.75898817,TELANGANA,Nalgonda,Chandur,4655,514,36,4949
4950,36,539,04656,95465.76419402417,259128914.47931036,TELANGANA,Nalgonda,Kangal,4656,514,36,4950
4951,36,539,04657,97301.14418431502,340134473.9040567,TELANGANA,Nalgonda,Gurrampode,4657,514,36,4951
4952,36,539,04658,136698.75638553654,383137422.3210162,TELANGANA,Nalgonda,Pedda Adiserla Palle,4658,514,36,4952
4953,36,539,04659,141688.86383929334,491419014.27160555,TELANGANA,Nalgonda,Peddavoora,4659,514,36,4953
4954,36,539,04660,112861.50986783064,332548619.91975456,TELANGANA,Nalgonda,Anumula,4660,514,36,4954
4955,36,539,04661,105169.30857343289,295070968.9751714,TELANGANA,Nalgonda,Nidamanur,4661,514,36,4955
4956,36,539,04662,104227.9702085805,216655462.37150913,TELANGANA,Nalgonda,Thripuraram,4662,514,36,4956
4957,36,539,04663,104295.04182480783,367387284.65832233,TELANGANA,Nalgonda,Dameracherla,4663,514,36,4957
4958,36,539,04664,111823.51537363284,271454636.78042346,TELANGANA,Nalgonda,Miryalaguda,4664,514,36,4958
4959,36,540,04677,107283.40523391518,289470105.5024635,TELANGANA,Warangal,Dharmasagar,4677,686,36,4959
4960,36,540,04678,86002.99299476226,184904674.62309805,TELANGANA,Warangal,Hasanparthy,4678,686,36,4960
4961,36,540,04695,102870.4864924449,347223417.5874449,TELANGANA,Warangal,Hanamkonda,4695,686,36,4961
4962,36,540,04706,65705.85051428823,113283520.07034081,TELANGANA,Warangal,Warangal,4706,686,36,4962
4963,36,541,04745,66908.37741159573,201155475.71849376,TELANGANA,Khammam,Kamepalle,4745,509,36,4963
4964,36,541,04751,88036.74781164565,314317301.3626077,TELANGANA,Khammam,Sathupalle,4751,509,36,4964
4965,36,541,04752,98928.98813191692,293823462.46334255,TELANGANA,Khammam,Penuballi,4752,509,36,4965
4966,36,541,04753,85970.45598350602,222410289.28569445,TELANGANA,Khammam,Enkuru,4753,509,36,4966
4967,36,541,04754,94892.80820769246,260975615.78562942,TELANGANA,Khammam,Thirumalayapalem,4754,509,36,4967
4968,36,541,04755,90382.33545478169,239277776.917663,TELANGANA,Khammam,Kusumanchi,4755,509,36,4968
4969,36,541,04756,86214.44153250587,248403663.51034912,TELANGANA,Khammam,Khammam (Rural),4756,509,36,4969
4970,36,541,04757,94886.7633904338,274003301.11535025,TELANGANA,Khammam,Khammam (Urban),4757,509,36,4970
4971,36,541,04758,89528.99937540089,234307343.580281,TELANGANA,Khammam,Mudigonda,4758,509,36,4971
4972,36,541,04759,75060.77157772523,191600197.05203253,TELANGANA,Khammam,Nelakondapalle,4759,509,36,4972
4973,36,541,04760,73660.55387407262,195761973.6347419,TELANGANA,Khammam,Chinthakani,4760,509,36,4973
4974,36,541,04761,91938.09263612218,285885285.29376507,TELANGANA,Khammam,Konijerla,4761,509,36,4974
4975,36,541,04762,85831.87642716392,210975204.44892898,TELANGANA,Khammam,Tallada,4762,509,36,4975
4976,36,541,04763,106902.8516513836,280398386.6075865,TELANGANA,Khammam,Kallur,4763,509,36,4976
4977,36,541,04764,93871.92712478529,173073135.9756152,TELANGANA,Khammam,Wyra,4764,509,36,4977
4978,36,541,04765,73374.03297532392,164987777.84615308,TELANGANA,Khammam,Bonakal,4765,509,36,4978
4979,36,541,04766,106798.76736514395,231219600.9376274,TELANGANA,Khammam,Madhira,4766,509,36,4979
4980,36,541,04767,89485.5970703745,290296772.47806746,TELANGANA,Khammam,Yerrupalem,4767,509,36,4980
4981,36,541,04768,78402.4400895484,228603832.56781435,TELANGANA,Khammam,Vemsoor,4768,509,36,4981
4982,36,733,04313,119724.87042925393,399546624.138558,TELANGANA,Kumuram Bheem Asifabad,Kerameri,4313,699,36,4982
4983,36,733,04314,107807.46054350772,403344100.57649237,TELANGANA,Kumuram Bheem Asifabad,Wankdi,4314,699,36,4983
4984,36,733,04315,116708.76187633311,380854169.60716397,TELANGANA,Kumuram Bheem Asifabad,Sirpur (T),4315,699,36,4984
4985,36,733,04316,97025.57553353313,338884589.5775771,TELANGANA,Kumuram Bheem Asifabad,Kouthala,4316,699,36,4985
4986,36,733,04317,135560.17241642877,651265469.4886523,TELANGANA,Kumuram Bheem Asifabad,Bejjur,4317,699,36,4986
4987,36,733,04318,196625.9443731744,536022940.2810092,TELANGANA,Kumuram Bheem Asifabad,Kagaznagar,4318,699,36,4987
4988,36,733,04319,149703.7994856972,413067814.234767,TELANGANA,Kumuram Bheem Asifabad,Asifabad,4319,699,36,4988
4989,36,733,04320,86749.26185466193,253587292.61511236,TELANGANA,Kumuram Bheem Asifabad,Jainoor,4320,699,36,4989
4990,36,733,04326,104189.39817587964,361597346.931334,TELANGANA,Kumuram Bheem Asifabad,Sirpur,4326,699,36,4990
4991,36,733,04327,98629.25204013103,289140935.68573976,TELANGANA,Kumuram Bheem Asifabad,Rebbana,4327,699,36,4991
4992,36,733,04329,157350.66908955807,338666372.4173633,TELANGANA,Kumuram Bheem Asifabad,Dahegaon,4329,699,36,4992
4993,36,733,04333,131036.82348067709,680959856.7050651,TELANGANA,Kumuram Bheem Asifabad,Tiryani,4333,699,36,4993
4994,36,734,04335,171759.4863728605,620692493.7151936,TELANGANA,Adilabad,Kaddam (Peddur),4335,680,36,4994
4995,36,734,04336,90190.6518186106,294408632.94550717,TELANGANA,Adilabad,Sarangapur,4336,680,36,4995
4996,36,734,04337,82126.83298907329,243906106.687678,TELANGANA,Adilabad,Kuntala,4337,680,36,4996
4997,36,734,04338,108937.38262580047,316890354.71247447,TELANGANA,Adilabad,Kubeer,4338,680,36,4997
4998,36,734,04339,93858.38550874617,271889228.8924674,TELANGANA,Adilabad,Bhainsa,4339,680,36,4998
4999,36,734,04340,107749.42713980102,252530635.23020983,TELANGANA,Adilabad,Tanoor,4340,680,36,4999
5000,36,734,04341,88942.08892391145,342261594.69889617,TELANGANA,Adilabad,Mudhole,4341,680,36,5000
5001,36,734,04342,81243.8197125819,244869004.96215844,TELANGANA,Adilabad,Lokeswaram,4342,680,36,5001
5002,36,734,04343,87232.00183421341,252676537.5497972,TELANGANA,Adilabad,Dilawarpur,4343,680,36,5002
5003,36,734,04344,98704.64276458712,241354840.19529846,TELANGANA,Adilabad,Nirmal,4344,680,36,5003
5004,36,734,04345,70377.09875564155,164531892.7495045,TELANGANA,Adilabad,Laxmanchanda,4345,680,36,5004
5005,36,734,04346,122138.80328067605,341290441.403252,TELANGANA,Adilabad,Mamda,4346,680,36,5005
5006,36,734,04347,127638.56415366194,595505701.4862885,TELANGANA,Adilabad,Khanapur,4347,680,36,5006
5007,36,735,04328,121238.22565725855,351128190.8666202,TELANGANA,Adilabad,Bhimini,4328,684,36,5007
5008,36,735,04330,113262.16347167079,308144374.488208,TELANGANA,Adilabad,Vemanpalle,4330,684,36,5008
5009,36,735,04331,105626.33610230898,296571397.7797747,TELANGANA,Adilabad,Nennal,4331,684,36,5009
5010,36,735,04332,100160.78632679635,224864165.13591298,TELANGANA,Adilabad,Tandur,4332,684,36,5010
5011,36,735,04334,105897.91797483216,423236335.52744853,TELANGANA,Adilabad,Jannaram,4334,684,36,5011
5012,36,735,04348,73925.92124165992,251352782.42795175,TELANGANA,Adilabad,Dandepalle,4348,684,36,5012
5013,36,735,04349,101518.75834799193,300790399.1840666,TELANGANA,Adilabad,Kasipet,4349,684,36,5013
5014,36,735,04350,70660.71837718853,166165850.22910932,TELANGANA,Adilabad,Bellampalle,4350,684,36,5014
5015,36,735,04351,117366.7658008569,468977482.9805763,TELANGANA,Adilabad,Kotapalle,4351,684,36,5015
5016,36,735,04352,73603.68961598519,187293194.35097462,TELANGANA,Adilabad,Mandamarri,4352,684,36,5016
5017,36,735,04353,73961.96881467689,174014792.5445462,TELANGANA,Adilabad,Luxettipet,4353,684,36,5017
5018,36,735,04354,123479.16139847631,388179168.7575786,TELANGANA,Adilabad,Mancherial,4354,684,36,5018
5019,36,735,04355,108122.81630317698,491360745.4410385,TELANGANA,Adilabad,Jaipur,4355,684,36,5019
5020,36,735,04356,104930.21823676373,379849977.8368306,TELANGANA,Adilabad,Chennur,4356,684,36,5020
5021,36,736,04372,109659.04827413295,263967882.47488135,TELANGANA,Nizamabad,Madnoor,4372,685,36,5021
5022,36,736,04373,101107.42665730207,249831209.9674431,TELANGANA,Nizamabad,Jukkal,4373,685,36,5022
5023,36,736,04374,118460.26997949986,299462511.2331839,TELANGANA,Nizamabad,Bichkunda,4374,685,36,5023
5024,36,736,04375,81966.31841652765,217031187.91731825,TELANGANA,Nizamabad,Birkoor,4375,685,36,5024
5025,36,736,04380,94694.20154011808,344672346.19301903,TELANGANA,Nizamabad,Machareddy,4380,685,36,5025
5026,36,736,04381,94880.08381193978,263923915.23585644,TELANGANA,Nizamabad,Sadasivanagar,4381,685,36,5026
5027,36,736,04382,132306.58359642644,437163284.94116205,TELANGANA,Nizamabad,Gandhari,4382,685,36,5027
5028,36,736,04383,75313.36576443614,144975642.10732433,TELANGANA,Nizamabad,Banswada,4383,685,36,5028
5029,36,736,04384,91473.01815395756,202872968.86794794,TELANGANA,Nizamabad,Pitlam,4384,685,36,5029
5030,36,736,04385,150119.43875698146,257907395.53543627,TELANGANA,Nizamabad,Nizamsagar,4385,685,36,5030
5031,36,736,04386,167038.42486402876,256968535.69131237,TELANGANA,Nizamabad,Yellareddy,4386,685,36,5031
5032,36,736,04387,90759.94515561071,143214628.38505116,TELANGANA,Nizamabad,Nagareddipet,4387,685,36,5032
5033,36,736,04388,106103.01403660633,274810996.4354926,TELANGANA,Nizamabad,Lingampet,4388,685,36,5033
5034,36,736,04389,88453.86063017666,300195275.71236974,TELANGANA,Nizamabad,Tadwai,4389,685,36,5034
5035,36,736,04390,65054.270609851905,134530696.7834491,TELANGANA,Nizamabad,Kamareddy,4390,685,36,5035
5036,36,736,04391,83836.65793964476,213019762.901206,TELANGANA,Nizamabad,Bhiknoor,4391,685,36,5036
5037,36,736,04392,74850.65448727594,175096053.45335954,TELANGANA,Nizamabad,Domakonda,4392,685,36,5037
5038,36,737,04393,77728.80345937355,203155064.10342515,TELANGANA,Jagitial,Ibrahimpatnam,4393,681,36,5038
5039,36,737,04394,81317.63455924465,254039673.98417315,TELANGANA,Jagitial,Mallapur,4394,681,36,5039
5040,36,737,04395,99872.77926246561,294926896.99713767,TELANGANA,Jagitial,Raikal,4395,681,36,5040
5041,36,737,04396,95650.52112372743,269392756.25932944,TELANGANA,Jagitial,Sarangapur,4396,681,36,5041
5042,36,737,04397,92681.91452706838,290954918.74382937,TELANGANA,Jagitial,Dharmapuri,4397,681,36,5042
5043,36,737,04398,66556.26555647023,189696419.68998086,TELANGANA,Jagitial,Velgatoor,4398,681,36,5043
5044,36,737,04412,77370.46175152759,177401874.11941472,TELANGANA,Jagitial,Gollapalle,4412,681,36,5044
5045,36,737,04413,82488.97069632493,180686844.75272074,TELANGANA,Jagitial,Mallial,4413,681,36,5045
5046,36,737,04414,86612.93566079045,235541305.41339457,TELANGANA,Jagitial,Jagtial,4414,681,36,5046
5047,36,737,04415,99668.7766327258,228798609.72652754,TELANGANA,Jagitial,Medipalle,4415,681,36,5047
5048,36,737,04416,62597.18848210441,163328079.0821549,TELANGANA,Jagitial,Koratla,4416,681,36,5048
5049,36,737,04417,78926.46428043423,150946437.38039318,TELANGANA,Jagitial,Metpalle,4417,681,36,5049
5050,36,737,04418,78082.2948370422,214214824.81610462,TELANGANA,Jagitial,Kathlapur,4418,681,36,5050
5051,36,737,04420,77692.6606074703,206110808.9000416,TELANGANA,Jagitial,Kodimial,4420,681,36,5051
5052,36,737,04421,64336.247713960875,157935731.79276764,TELANGANA,Jagitial,Pegadapalle,4421,681,36,5052
5053,36,738,04399,112273.74037808823,386600216.48027545,TELANGANA,Peddapalli,Ramagundam,4399,682,36,5053
5054,36,738,04400,137127.57679397182,245258849.00124434,TELANGANA,Peddapalli,Kamanpur,4400,682,36,5054
5055,36,738,04401,108421.92496704505,357247677.1486005,TELANGANA,Peddapalli,Manthani,4401,682,36,5055
5056,36,738,04406,91673.89251568662,175750275.2860688,TELANGANA,Peddapalli,Mutharam (Manthani),4406,682,36,5056
5057,36,738,04407,68607.84312588163,221972708.4169829,TELANGANA,Peddapalli,Srirampur,4407,682,36,5057
5058,36,738,04408,78335.5468448858,278131431.8366245,TELANGANA,Peddapalli,Peddapalle,4408,682,36,5058
5059,36,738,04409,56374.1082318113,101839193.50477217,TELANGANA,Peddapalli,Julapalle,4409,682,36,5059
5060,36,738,04410,47545.12995848274,83378991.81324543,TELANGANA,Peddapalli,Elgaid,4410,682,36,5060
5061,36,738,04411,94955.3562865729,262565102.21264106,TELANGANA,Peddapalli,Dharmaram,4411,682,36,5061
5062,36,738,04425,81214.65108610665,182145330.52685872,TELANGANA,Peddapalli,Sultanabad,4425,682,36,5062
5063,36,738,04426,63191.99003778397,167962363.58344454,TELANGANA,Peddapalli,Odela,4426,682,36,5063
5064,36,739,04419,84349.47172879096,224767616.44161206,TELANGANA,Rajanna Sircilla,Chandurthi,4419,683,36,5064
5065,36,739,04429,75838.29622131657,122163841.4107581,TELANGANA,Rajanna Sircilla,Boinpalle,4429,683,36,5065
5066,36,739,04430,92659.05514524784,220365999.0239941,TELANGANA,Rajanna Sircilla,Vemulawada,4430,683,36,5066
5067,36,739,04431,90049.60825900763,227500052.59602502,TELANGANA,Rajanna Sircilla,Konaraopeta,4431,683,36,5067
5068,36,739,04432,100306.33542528733,326809654.7441584,TELANGANA,Rajanna Sircilla,Yellareddipet,4432,683,36,5068
5069,36,739,04433,74704.37127416384,180130791.09066162,TELANGANA,Rajanna Sircilla,Gambhiraopet,4433,683,36,5069
5070,36,739,04434,60812.03462231585,176441254.78261814,TELANGANA,Rajanna Sircilla,Mustabad,4434,683,36,5070
5071,36,739,04435,93948.12760260097,274749869.83747494,TELANGANA,Rajanna Sircilla,Sircilla,4435,683,36,5071
5072,36,739,04436,80641.6813536657,246562520.0533812,TELANGANA,Rajanna Sircilla,Ellanthakunta,4436,683,36,5072
5073,36,740,04450,79644.00436794636,288281889.60923284,TELANGANA,Medak,Kangti,4450,691,36,5073
5074,36,740,04451,144808.33764113524,340494797.64119375,TELANGANA,Medak,Manoor,4451,691,36,5074
5075,36,740,04452,109719.01087062637,262863703.4152091,TELANGANA,Medak,Narayankhed,4452,691,36,5075
5076,36,740,04453,94564.94149371923,225397719.97488362,TELANGANA,Medak,Kalher,4453,691,36,5076
5077,36,740,04471,62403.96565819563,150752303.67439947,TELANGANA,Medak,Regode,4471,691,36,5077
5078,36,740,04472,83205.72817652172,234907567.9411952,TELANGANA,Medak,Raikode,4472,691,36,5078
5079,36,740,04473,113691.70864461092,291771835.98954546,TELANGANA,Medak,Nyalkal,4473,691,36,5079
5080,36,740,04474,106885.41445138905,441471577.847354,TELANGANA,Medak,Zahirabad,4474,691,36,5080
5081,36,740,04475,92527.8292851043,247143812.45658654,TELANGANA,Medak,Kohir,4475,691,36,5081
5082,36,740,04476,80691.75560966783,234422445.85748935,TELANGANA,Medak,Jharasangam,4476,691,36,5082
5083,36,740,04477,88293.59257764388,241433026.03896517,TELANGANA,Medak,Munpalle,4477,691,36,5083
5084,36,740,04478,109586.02162748826,273227931.46588707,TELANGANA,Medak,Pulkal,4478,691,36,5084
5085,36,740,04479,84787.42816923193,203668197.4146107,TELANGANA,Medak,Andole,4479,691,36,5085
5086,36,740,04489,118689.48486210812,227934892.5195463,TELANGANA,Medak,Hathnoora,4489,691,36,5086
5087,36,740,04490,86294.52217418668,275038228.48179144,TELANGANA,Medak,Sadasivpet,4490,691,36,5087
5088,36,740,04491,82212.46253300214,169025585.91350484,TELANGANA,Medak,Kondapur,4491,691,36,5088
5089,36,740,04492,104612.57049873038,255767675.02966794,TELANGANA,Medak,Sangareddy,4492,691,36,5089
5090,36,740,04493,116267.4213026383,234172223.77242705,TELANGANA,Medak,Jinnaram,4493,691,36,5090
5091,36,740,04494,107392.3785530446,243026949.82542357,TELANGANA,Medak,Patancheru,4494,691,36,5091
5092,36,740,04495,50691.73843953872,77273816.94922702,TELANGANA,Medak,Ramachandrapuram,4495,691,36,5092
5093,36,534,04437,65940.37456383943,145511101.8582564,TELANGANA,Karimnagar,Bejjanki,4437,508,36,5093
5094,36,741,04443,112092.61914990902,397684170.7586789,TELANGANA,Karimnagar,Koheda,4443,692,36,5094
5095,36,741,04444,106668.55750661838,359185753.6914525,TELANGANA,Karimnagar,Husnabad,4444,692,36,5095
5096,36,741,04458,91057.8388048937,266911706.7311819,TELANGANA,Medak,Dubbak,4458,692,36,5096
5097,36,741,04459,97740.92141776186,308781642.1889039,TELANGANA,Medak,Siddipet,4459,692,36,5097
5098,36,741,04460,86515.18221185102,273032200.1193822,TELANGANA,Medak,Chinnakodur,4460,692,36,5098
5099,36,741,04461,81857.6581350793,206877989.88950768,TELANGANA,Medak,Nangnoor,4461,692,36,5099
5100,36,741,04462,96575.05601598244,237472559.3237838,TELANGANA,Medak,Kondapak,4462,692,36,5100
5101,36,741,04463,79251.38898462612,202210716.4649633,TELANGANA,Medak,Thoguta,4463,692,36,5101
5102,36,741,04464,69954.11341066567,177370856.69615117,TELANGANA,Medak,Mirdoddi,4464,692,36,5102
5103,36,741,04465,96839.20412059463,253349242.43208617,TELANGANA,Medak,Doultabad,4465,692,36,5103
5104,36,741,04483,85591.25727555052,234098343.12885094,TELANGANA,Medak,Gajwel,4483,692,36,5104
5105,36,741,04484,79794.92405399436,244118916.29082668,TELANGANA,Medak,Jagdevpur,4484,692,36,5105
5106,36,741,04485,73386.03068160558,189635233.6041488,TELANGANA,Medak,Wargal,4485,692,36,5106
5107,36,741,04486,99258.07373631363,211010438.64594835,TELANGANA,Medak,Mulug,4486,692,36,5107
5108,36,741,04672,114302.44245403721,301338506.1883902,TELANGANA,Warangal,Cherial,4672,692,36,5108
5109,36,741,04673,102266.750164566,193933719.08418363,TELANGANA,Warangal,Maddur,4673,692,36,5109
5110,36,742,04517,38267.782300693725,57629018.52390625,TELANGANA,Rangareddy,Balanagar,4517,700,36,5110
5111,36,742,04518,77587.16309016927,161499659.51754057,TELANGANA,Rangareddy,Qutubullapur,4518,700,36,5111
5112,36,742,04519,86488.55468477728,222135797.01912248,TELANGANA,Rangareddy,Medchal,4519,700,36,5112
5113,36,742,04520,108621.48945969324,264680298.63837433,TELANGANA,Rangareddy,Shamirpet,4520,700,36,5113
5114,36,742,04521,62218.79298150787,84135931.47542112,TELANGANA,Rangareddy,Malkajgiri,4521,700,36,5114
5115,36,742,04522,70512.03960259433,167122917.33108363,TELANGANA,Rangareddy,Keesara,4522,700,36,5115
5116,36,742,04523,79810.2463298078,181717089.28653973,TELANGANA,Rangareddy,Ghatkesar,4523,700,36,5116
5117,36,742,04524,47496.48776169747,50358334.11755204,TELANGANA,Rangareddy,Uppal,4524,700,36,5117
5118,36,743,04512,101070.96981655384,250385722.83254337,TELANGANA,Rangareddy,Marpalle,4512,698,36,5118
5119,36,743,04513,92598.18677909159,200470887.19589883,TELANGANA,Rangareddy,Mominpet,4513,698,36,5119
5120,36,743,04514,70765.67702460014,166335796.71091205,TELANGANA,Rangareddy,Nawabpet,4514,698,36,5120
5121,36,743,04530,119356.53359813512,292074926.0119256,TELANGANA,Rangareddy,Vicarabad,4530,698,36,5121
5122,36,743,04531,92723.76868639197,249965469.32398862,TELANGANA,Rangareddy,Dharur,4531,698,36,5122
5123,36,743,04532,69009.07186253385,186319435.07999837,TELANGANA,Rangareddy,Bantwaram,4532,698,36,5123
5124,36,743,04533,109428.939069611,282695587.47208536,TELANGANA,Rangareddy,Peddemul,4533,698,36,5124
5125,36,743,04534,118507.22038197731,274286364.8735797,TELANGANA,Rangareddy,Tandur,4534,698,36,5125
5126,36,743,04535,80468.97405398864,225532797.52120706,TELANGANA,Rangareddy,Basheerabad,4535,698,36,5126
5127,36,743,04536,102746.49939494867,224207696.25732484,TELANGANA,Rangareddy,Yelal,4536,698,36,5127
5128,36,743,04537,71009.63612395682,166561974.50540408,TELANGANA,Rangareddy,Doma,4537,698,36,5128
5129,36,743,04539,88751.6547905125,216669399.04621378,TELANGANA,Rangareddy,Kulkacharla,4539,698,36,5129
5130,36,743,04540,102155.00461517043,251817539.2018887,TELANGANA,Rangareddy,Pargi,4540,698,36,5130
5131,36,743,04541,80263.18645925369,245548399.32158446,TELANGANA,Rangareddy,Pudur,4541,698,36,5131
5132,36,743,04549,95880.30808700126,261284407.824756,TELANGANA,Mahbubnagar,Kodangal,4549,698,36,5132
5133,36,743,04550,110465.26456563658,273328310.567751,TELANGANA,Mahbubnagar,Bomraspet,4550,698,36,5133
5134,36,743,04552,86511.3789046848,223504646.51210093,TELANGANA,Mahbubnagar,Doulathabad,4552,698,36,5134
5135,36,744,04591,102691.11503787377,365934941.4277839,TELANGANA,Jogulamba Gadwal,Dharur,4591,695,36,5135
5136,36,744,04603,101150.6356815647,299267802.0198548,TELANGANA,Jogulamba Gadwal,Gadwal,4603,695,36,5136
5137,36,744,04604,91635.96125693158,257285019.79747185,TELANGANA,Jogulamba Gadwal,Maldakal,4604,695,36,5137
5138,36,744,04605,93084.99617130033,346168560.6794489,TELANGANA,Jogulamba Gadwal,Ghattu,4605,695,36,5138
5139,36,744,04606,101048.88512705587,326505295.9960014,TELANGANA,Jogulamba Gadwal,Ieej,4606,695,36,5139
5140,36,744,04607,95924.31190801627,330778717.0105,TELANGANA,Jogulamba Gadwal,Itikyal,4607,695,36,5140
5141,36,744,04610,87147.49638656022,288976426.54275745,TELANGANA,Jogulamba Gadwal,Waddepalle,4610,695,36,5141
5142,36,744,04611,94101.2035425145,295801892.1518375,TELANGANA,Jogulamba Gadwal,Manopad,4611,695,36,5142
5143,36,744,04612,111663.85565604975,291053205.58193535,TELANGANA,Jogulamba Gadwal,Alampur,4612,695,36,5143
5144,36,745,04585,91232.26658733995,213632625.48717698,TELANGANA,Mahbubnagar,Ghanpur,4585,693,36,5144
5145,36,745,04592,107098.86919484001,296285502.85337895,TELANGANA,Mahbubnagar,Atmakur,4592,693,36,5145
5146,36,745,04593,79368.50227727105,263525420.19448784,TELANGANA,Mahbubnagar,Kothakota,4593,693,36,5146
5147,36,745,04594,71173.61417965645,168418723.71074107,TELANGANA,Mahbubnagar,Peddamandadi,4594,693,36,5147
5148,36,745,04595,95862.42969761601,228709923.5573796,TELANGANA,Mahbubnagar,Wanaparthy,4595,693,36,5148
5149,36,745,04596,85311.05912474265,267763553.52534327,TELANGANA,Mahbubnagar,Gopalpeta,4596,693,36,5149
5150,36,745,04601,100297.13012807819,309232798.5683427,TELANGANA,Mahbubnagar,Pangal,4601,693,36,5150
5151,36,745,04602,86773.1140993992,302692590.9651052,TELANGANA,Mahbubnagar,Pebbair,4602,693,36,5151
5152,36,745,04608,104271.14530991217,320667285.70880866,TELANGANA,Mahbubnagar,Veepangandla,4608,693,36,5152
5153,36,746,04565,114087.92020141245,355158227.36141807,TELANGANA,Mahbubnagar,Veldanda,4565,694,36,5153
5154,36,538,04566,64699.06496163176,177025251.32860115,TELANGANA,Mahbubnagar,Midjil,4566,512,36,5154
5155,36,746,04575,81300.41567299305,234190347.04038897,TELANGANA,Mahbubnagar,Thimmajipet,4575,694,36,5155
5156,36,746,04576,122816.51517745116,460689386.3497567,TELANGANA,Mahbubnagar,Kalwakurthy,4576,694,36,5156
5157,36,746,04577,139460.9054469106,383369431.6862572,TELANGANA,Mahbubnagar,Vangoor,4577,694,36,5157
5158,36,746,04578,244611.3214980775,1813392540.8834674,TELANGANA,Mahbubnagar,Amrabad,4578,694,36,5158
5159,36,746,04579,168347.0045267001,370458074.4558219,TELANGANA,Mahbubnagar,Achampet,4579,694,36,5159
5160,36,746,04580,104650.27697780903,258581741.95169288,TELANGANA,Mahbubnagar,Uppununthala,4580,694,36,5160
5161,36,746,04581,82130.08483186025,263053184.6701551,TELANGANA,Mahbubnagar,Telkapalle,4581,694,36,5161
5162,36,746,04582,86241.96715502813,248406282.46121898,TELANGANA,Mahbubnagar,Tadoor,4582,694,36,5162
5163,36,746,04583,98848.43794547056,252355740.13088226,TELANGANA,Mahbubnagar,Nagarkurnool,4583,694,36,5163
5164,36,746,04584,84044.87886681694,286506502.2030196,TELANGANA,Mahbubnagar,Bijinapalle,4584,694,36,5164
5165,36,746,04597,90357.45153666676,206322563.674455,TELANGANA,Mahbubnagar,Balmoor,4597,694,36,5165
5166,36,746,04598,183460.6623363351,626341954.3232688,TELANGANA,Mahbubnagar,Lingal,4598,694,36,5166
5167,36,746,04599,98774.41895644588,289375363.0719458,TELANGANA,Mahbubnagar,Peddakothapalle,4599,694,36,5167
5168,36,746,04600,90209.00526678063,225402817.765574,TELANGANA,Mahbubnagar,Kodair,4600,694,36,5168
5169,36,746,04609,171847.05619859695,725266032.7791177,TELANGANA,Mahbubnagar,Kollapur,4609,694,36,5169
5170,36,747,04613,73364.87425322256,185293149.83807322,TELANGANA,Yadadri Bhuvanagiri,Bommalaramaram,4613,697,36,5170
5171,36,747,04614,75933.49088295051,213826784.1175452,TELANGANA,Yadadri Bhuvanagiri,M.Turkapalle,4614,697,36,5171
5172,36,747,04615,68403.70912279091,216323493.5324916,TELANGANA,Yadadri Bhuvanagiri,Rajapet,4615,697,36,5172
5173,36,747,04616,88542.49885022064,275686137.17802477,TELANGANA,Yadadri Bhuvanagiri,Yadagirigutta,4616,697,36,5173
5174,36,747,04617,76965.10344303497,228364646.71279603,TELANGANA,Yadadri Bhuvanagiri,Alair,4617,697,36,5174
5175,36,747,04625,92379.4477258763,318907022.7524163,TELANGANA,Yadadri Bhuvanagiri,Mothkur,4625,697,36,5175
5176,36,747,04626,97177.08063725302,297281196.2932031,TELANGANA,Yadadri Bhuvanagiri,Atmakur (M),4626,697,36,5176
5177,36,747,04627,95068.96183316478,328397551.31756616,TELANGANA,Yadadri Bhuvanagiri,Valigonda,4627,697,36,5177
5178,36,747,04628,100752.54210968257,297668008.7535372,TELANGANA,Yadadri Bhuvanagiri,Bhongir,4628,697,36,5178
5179,36,747,04629,90718.82587516705,197963897.36867386,TELANGANA,Yadadri Bhuvanagiri,Bibinagar,4629,697,36,5179
5180,36,747,04630,79973.1099047939,217084275.12172613,TELANGANA,Yadadri Bhuvanagiri,Pochampalle,4630,697,36,5180
5181,36,747,04631,102400.24287415514,289766606.7565967,TELANGANA,Yadadri Bhuvanagiri,Choutuppal,4631,697,36,5181
5182,36,747,04632,90758.02098153,255795160.60983688,TELANGANA,Yadadri Bhuvanagiri,Ramannapeta,4632,697,36,5182
5183,36,747,04648,91444.46019306524,280716702.6578337,TELANGANA,Yadadri Bhuvanagiri,Narayanapur,4648,697,36,5183
5184,36,748,04619,73934.73937491012,197403132.71025154,TELANGANA,Nalgonda,Thirumalgiri,4619,696,36,5184
5185,36,748,04620,94302.60808045728,242501350.974401,TELANGANA,Nalgonda,Thungathurthi,4620,696,36,5185
5186,36,748,04621,89039.5066425718,237254149.37643918,TELANGANA,Nalgonda,Nuthankal,4621,696,36,5186
5187,36,748,04622,81190.45895906142,229075014.63292688,TELANGANA,Nalgonda,Atmakur (S),4622,696,36,5187
5188,36,748,04623,85927.59680743166,220685919.89334434,TELANGANA,Nalgonda,Jaji Reddi Gudem,4623,696,36,5188
5189,36,748,04638,88996.0487035558,248641058.39110985,TELANGANA,Nalgonda,Suryapet,4638,696,36,5189
5190,36,748,04639,77022.123211664,162501033.98938787,TELANGANA,Nalgonda,Chivvemla,4639,696,36,5190
5191,36,748,04640,86332.80280222413,211971319.04825953,TELANGANA,Nalgonda,Mothey,4640,696,36,5191
5192,36,748,04641,62124.57254117216,175605467.54576585,TELANGANA,Nalgonda,Nadigudem,4641,696,36,5192
5193,36,748,04642,102542.2873429232,176806913.3460864,TELANGANA,Nalgonda,Munagala,4642,696,36,5193
5194,36,748,04643,92893.48320422144,209485630.02009627,TELANGANA,Nalgonda,Penpahad,4643,696,36,5194
5195,36,748,04665,100644.63210259551,286347571.1996559,TELANGANA,Nalgonda,Neredcherla,4665,696,36,5195
5196,36,748,04666,80364.78948432238,209482103.61507094,TELANGANA,Nalgonda,Garide Palle,4666,696,36,5196
5197,36,748,04667,57756.06362123659,134372882.6098122,TELANGANA,Nalgonda,Chilkur,4667,696,36,5197
5198,36,748,04668,83626.01676216179,266643627.84729218,TELANGANA,Nalgonda,Kodad,4668,696,36,5198
5199,36,748,04669,73655.58652137805,138881190.37875453,TELANGANA,Nalgonda,Huzurnagar,4669,696,36,5199
5200,36,748,04670,78995.28963592934,244552929.2017423,TELANGANA,Nalgonda,Mattam Palle,4670,696,36,5200
5201,36,748,04671,111190.3631601687,363164984.2977429,TELANGANA,Nalgonda,Mella Cheruvu,4671,696,36,5201
5202,36,749,04679,73795.332188691,198360853.46181443,TELANGANA,Warangal,Parkal,4679,522,36,5202
5203,36,749,04691,63200.838710208496,114979836.94125286,TELANGANA,Warangal,Shayampet,4691,522,36,5203
5204,36,749,04692,66101.07562099617,159650434.79193786,TELANGANA,Warangal,Nallabelly,4692,522,36,5204
5205,36,749,04693,87815.71183611467,150900332.32871166,TELANGANA,Warangal,Duggondi,4693,522,36,5205
5206,36,749,04694,76804.38101701642,179813444.72482124,TELANGANA,Warangal,Atmakur,4694,522,36,5206
5207,36,749,04703,87903.38992285774,240499963.81293288,TELANGANA,Warangal,Raiparthy,4703,522,36,5207
5208,36,749,04704,88049.20461916165,179041428.88143882,TELANGANA,Warangal,Wardhannapet,4704,522,36,5208
5209,36,749,04705,67919.70236408863,149827971.58488265,TELANGANA,Warangal,Sangam,4705,522,36,5209
5210,36,749,04707,69303.26357968253,150309715.10390761,TELANGANA,Warangal,Geesugonda,4707,522,36,5210
5211,36,749,04708,62685.69111735136,119709444.35267374,TELANGANA,Warangal,Narsampet,4708,522,36,5211
5212,36,749,04709,67473.45280276891,137438217.3068852,TELANGANA,Warangal,Khanapur,4709,522,36,5212
5213,36,749,04712,93093.9056289611,173944183.53360936,TELANGANA,Warangal,Chennaraopet,4712,522,36,5213
5214,36,749,04713,100959.76501853993,181288505.41654295,TELANGANA,Warangal,Nekkonda,4713,522,36,5214
5215,36,749,04714,76389.23838328423,180214126.4020056,TELANGANA,Warangal,Parvathagiri,4714,522,36,5215
5216,36,750,04402,98168.36648947382,313270973.76333714,TELANGANA,Karimnagar,Kataram,4402,687,36,5216
5217,36,750,04403,183167.8215798439,642536750.1626446,TELANGANA,Karimnagar,Mahadevpur,4403,687,36,5217
5218,36,750,04404,164751.87205235005,615725880.1762381,TELANGANA,Karimnagar,Mutharam (Mahadevpur),4404,687,36,5218
5219,36,750,04405,123500.72976966422,356967753.5367815,TELANGANA,Karimnagar,Malharrao,4405,687,36,5219
5220,36,750,04680,65355.67518986372,145513043.97166875,TELANGANA,Warangal,Mogullapalle,4680,687,36,5220
5221,36,750,04681,95801.1361027382,341215544.6534557,TELANGANA,Warangal,Chityal,4681,687,36,5221
5222,36,750,04682,208806.44298434438,437823349.12545866,TELANGANA,Warangal,Bhupalpalle,4682,687,36,5222
5223,36,750,04683,59430.552765434695,140617861.90843928,TELANGANA,Warangal,Ghanpur (Mulug),4683,687,36,5223
5224,36,780,04684,117853.5469384406,422133935.4215701,TELANGANA,Mulugu,Venkatapur,4684,720,36,5224
5225,36,780,04685,136485.52438794146,742838925.0448135,TELANGANA,Mulugu,Eturnagaram,4685,720,36,5225
5226,36,780,04686,127634.19675340781,416049420.60144913,TELANGANA,Mulugu,Mangapet,4686,720,36,5226
5227,36,780,04687,213188.32589702608,1127737341.580511,TELANGANA,Mulugu,Tadvai,4687,720,36,5227
5228,36,780,04688,99158.37375669403,328393549.9445293,TELANGANA,Mulugu,Govindaraopet,4688,720,36,5228
5229,36,780,04689,112501.31901985894,383862636.40162003,TELANGANA,Mulugu,Mulug,4689,720,36,5229
5230,36,750,04690,84043.75398063612,279307671.7942299,TELANGANA,Warangal,Regonda,4690,687,36,5230
5231,36,780,04723,125720.93661874314,679001959.6561406,TELANGANA,Mulugu,Wazeed,4723,720,36,5231
5232,36,780,04724,151399.50116273615,671736233.1392024,TELANGANA,Mulugu,Venkatapuram,4724,720,36,5232
5233,36,751,04702,46503.090580773634,80792825.94935106,TELANGANA,Warangal,Kodakandla,4702,688,36,5233
5234,36,751,04710,160688.6380525594,1035652569.4447262,TELANGANA,Warangal,Kothagudem,4710,688,36,5234
5235,36,751,04711,111073.99786638225,353143714.960188,TELANGANA,Warangal,Gudur,4711,688,36,5235
5236,36,751,04715,81885.04824818314,251267833.1329606,TELANGANA,Warangal,Thorrur,4715,688,36,5236
5237,36,751,04716,92089.78228971598,246389452.24569258,TELANGANA,Warangal,Nellikudur,4716,688,36,5237
5238,36,751,04717,100808.9661702776,235501898.5856876,TELANGANA,Warangal,Kesamudram,4717,688,36,5238
5239,36,751,04718,115316.03588097551,266829431.85868514,TELANGANA,Warangal,Mahabubabad,4718,688,36,5239
5240,36,751,04719,88849.92287421721,237858644.94601515,TELANGANA,Warangal,Narsimhulapet,4719,688,36,5240
5241,36,751,04720,101791.50171504809,311929257.1010183,TELANGANA,Warangal,Maripeda,4720,688,36,5241
5242,36,751,04721,108156.83190523057,277644820.9340113,TELANGANA,Warangal,Kuravi,4721,688,36,5242
5243,36,751,04722,69437.50460555808,152176146.70795888,TELANGANA,Warangal,Dornakal,4722,688,36,5243
5244,36,751,04742,105661.88466500265,375837691.6073725,TELANGANA,Khammam,Bayyaram,4742,688,36,5244
5245,36,751,04743,63726.38525312158,124543383.36974446,TELANGANA,Khammam,Garla,4743,688,36,5245
5246,36,752,04618,86802.49469850685,189161425.74593946,TELANGANA,Jangoan,Gundala,4618,689,36,5246
5247,36,752,04674,96531.75786715711,248313245.75806704,TELANGANA,Jangoan,Bachannapet,4674,689,36,5247
5248,36,752,04675,81765.54420162928,232535911.96000898,TELANGANA,Jangoan,Narmetta,4675,689,36,5248
5249,36,752,04676,119684.62461813129,360413118.3542117,TELANGANA,Jangoan,Ghanpur (Station),4676,689,36,5249
5250,36,752,04696,72462.23172425886,179235760.84749708,TELANGANA,Jangoan,Zaffergadh,4696,689,36,5250
5251,36,752,04697,120032.90240921607,416458030.8745511,TELANGANA,Jangoan,Palakurthi,4697,689,36,5251
5252,36,752,04698,86158.17973684132,286612306.28268945,TELANGANA,Jangoan,Raghunathpalle,4698,689,36,5252
5253,36,752,04699,75326.00813073455,217394794.60661176,TELANGANA,Jangoan,Jangaon,4699,689,36,5253
5254,36,752,04700,76264.08230521243,206012321.89060295,TELANGANA,Jangoan,Lingalaghanpur,4700,689,36,5254
5255,36,752,04701,84507.07223196597,203229497.48732036,TELANGANA,Jangoan,Devaruppula,4701,689,36,5255
5256,36,753,04725,155350.01325714818,531811076.86465055,TELANGANA,Bhadradri Kothagudem,Pinapaka,4725,690,36,5256
5257,36,753,04726,126498.61196816606,551012443.7442327,TELANGANA,Bhadradri Kothagudem,Cherla,4726,690,36,5257
5258,36,753,04727,102264.86067784461,322956465.47041774,TELANGANA,Bhadradri Kothagudem,Manuguru,4727,690,36,5258
5259,36,753,04728,120710.35926806933,389424049.4153233,TELANGANA,Bhadradri Kothagudem,Aswapuram,4728,690,36,5259
5260,36,753,04729,103878.90767814824,355903662.26844347,TELANGANA,Bhadradri Kothagudem,Dummugudem,4729,690,36,5260
5261,36,753,04736,84868.22032081916,232778611.7501945,TELANGANA,Bhadradri Kothagudem,Burgampahad,4736,690,36,5261
5262,36,753,04737,158193.55519504205,361827349.1309101,TELANGANA,Bhadradri Kothagudem,Palwancha,4737,690,36,5262
5263,36,753,04738,203278.76570359076,639049965.3570858,TELANGANA,Bhadradri Kothagudem,Kothagudem,4738,690,36,5263
5264,36,753,04739,109800.57116407098,471431374.48975563,TELANGANA,Bhadradri Kothagudem,Tekulapalle,4739,690,36,5264
5265,36,753,04740,155756.65443293884,547295153.2817737,TELANGANA,Bhadradri Kothagudem,Yellandu,4740,690,36,5265
5266,36,753,04741,177364.53483797066,1034756063.3829331,TELANGANA,Bhadradri Kothagudem,Gundala,4741,690,36,5266
5267,36,541,04744,112787.16316613747,235094406.1606129,TELANGANA,Khammam,Singareni,4744,509,36,5267
5268,36,541,04746,103403.08583941309,232710020.7395951,TELANGANA,Khammam,Julurpad,4746,509,36,5268
5269,36,753,04747,165875.19523019454,425873478.7846262,TELANGANA,Bhadradri Kothagudem,Chandrugonda,4747,690,36,5269
5270,36,753,04748,127107.67384758692,631107719.8955792,TELANGANA,Bhadradri Kothagudem,Mulkalapalle,4748,690,36,5270
5271,36,753,04749,151896.9723319182,745729465.7874036,TELANGANA,Bhadradri Kothagudem,Aswaraopeta,4749,690,36,5271
5272,36,753,04750,148128.3046258409,541959004.7136816,TELANGANA,Bhadradri Kothagudem,Dammapeta,4750,690,36,5272
5943,36,535,04471,53820.984528961606,90446130.36595263,TELANGANA,Medak,Regode,4471,513,36,5943
5951,36,540,04447,65623.67136552751,177295086.39312622,TELANGANA,WARANGAL URBAN,Kamalapur,4447,686,36,5951
5952,36,738,04447,16177.395587862235,9504478.581422191,TELANGANA,Peddapalli,Kamalapur,4447,682,36,5952
5953,36,738,04447,9906.751655977263,4392978.532752894,TELANGANA,Peddapalli,Kamalapur,4447,682,36,5953
1906,16,289,01922,131739.08185673656,327951479.9032137,TRIPURA,West Tripura,Mohanpur,1922,272,16,1906
1907,16,289,01923,99772.9684760079,206580604.7213175,TRIPURA,West Tripura,Hezamara,1923,272,16,1907
1908,16,289,01930,101139.33068055262,230226893.6632986,TRIPURA,West Tripura,Mandai,1930,272,16,1908
1909,16,289,01931,112082.56545312147,210089872.1966097,TRIPURA,West Tripura,Jirania,1931,272,16,1909
1910,16,289,01932,76713.44373197696,155778842.4537084,TRIPURA,West Tripura,Dukli,1932,272,16,1910
1911,16,290,01943,160105.52282097752,366219692.2828165,TRIPURA,South Tripura,Rajnagar,1943,271,16,1911
1912,16,290,01944,98198.46317632333,209381400.19619948,TRIPURA,South Tripura,Hrishyamukh,1944,271,16,1912
1913,16,290,01945,120762.5575002428,553714987.0183958,TRIPURA,South Tripura,Bokafa,1945,271,16,1913
1914,16,290,01947,120983.34268635308,305596919.17978793,TRIPURA,South Tripura,Rupaichhari,1947,271,16,1914
1915,16,290,01948,127200.0840020326,350480552.76309717,TRIPURA,South Tripura,Satchand,1948,271,16,1915
1916,16,291,01949,114623.15358732836,456850208.62815076,TRIPURA,Dhalai,Salema,1949,269,16,1916
1917,16,291,01950,107327.60069990669,355636608.1717633,TRIPURA,Dhalai,Manu,1950,269,16,1917
1918,16,291,01951,134913.3274386655,663632752.5942234,TRIPURA,Dhalai,Ambassa,1951,269,16,1918
1919,16,291,01952,141529.81279261564,664919660.6038518,TRIPURA,Dhalai,Chhamanu,1952,269,16,1919
1920,16,291,01953,142695.4283485272,569091017.4086821,TRIPURA,Dhalai,Dumburnagar,1953,269,16,1920
1921,16,292,01955,88185.16080066812,197238211.36693794,TRIPURA,North Tripura,Kadamtala,1955,270,16,1921
1922,16,292,01956,94760.68804461347,287318211.17224306,TRIPURA,North Tripura,Panisagar,1956,270,16,1922
1923,16,292,01957,93234.41605373674,229224478.95708525,TRIPURA,North Tripura,Damchhara,1957,270,16,1923
1924,16,292,01960,183241.2852703553,726889814.5329322,TRIPURA,North Tripura,Dasda,1960,270,16,1924
1925,16,292,01961,90576.80112361239,197672000.49219355,TRIPURA,North Tripura,Jampuii hills,1961,270,16,1925
1926,16,707,01933,115267.67792231814,284121038.3532571,TRIPURA,Sipahijala,Jampuijala,1933,653,16,1926
1927,16,707,01934,121701.70902182447,380018862.71984476,TRIPURA,Sipahijala,Bishalgarh,1934,653,16,1927
1928,16,707,01935,78420.9428289375,141166205.33181098,TRIPURA,Sipahijala,Boxanagar,1935,653,16,1928
1929,16,707,01936,106059.7035166219,265762165.69315633,TRIPURA,Sipahijala,Melaghar,6180,653,16,1929
1930,16,707,01937,104665.65079655014,175235232.88766882,TRIPURA,Sipahijala,Kathalia,1937,653,16,1930
1931,16,708,01924,75748.86003589374,188693324.14395294,TRIPURA,Khowai,Padmabil,1924,652,16,1931
1932,16,708,01925,71658.21220233751,93786989.55617782,TRIPURA,Khowai,Khowai,1925,652,16,1932
1933,16,708,01926,105379.62678975599,265223235.2574702,TRIPURA,Khowai,Tulashikhar,1926,652,16,1933
1934,16,708,01927,68822.48997130123,135056026.90057018,TRIPURA,Khowai,Kalyanpur,1927,652,16,1934
1935,16,708,01928,81460.71656272678,223811070.97499597,TRIPURA,Khowai,Teliamura,1928,652,16,1935
1936,16,708,01929,131886.95846587,298082815.185544,TRIPURA,Khowai,Mungiakumi,1929,652,16,1936
1937,16,709,01938,85174.26248822894,270057375.03417236,TRIPURA,Gomati,Killa,1938,654,16,1937
1938,16,709,01939,208717.51441780248,661330098.2071642,TRIPURA,Gomati,Amarpur,1939,654,16,1938
1939,16,709,01940,78109.4347148659,212961413.90074548,TRIPURA,Gomati,Ompi,1940,654,16,1939
1940,16,709,01941,121344.13889852278,305190318.09569156,TRIPURA,Gomati,Matarbari,1941,654,16,1940
1941,16,709,01942,102189.28074360029,174467466.1827949,TRIPURA,Gomati,Kakraban,1942,654,16,1941
1942,16,709,01946,108407.54486727281,305608935.46729124,TRIPURA,Gomati,Karbuk,1946,654,16,1942
1943,16,710,01954,105105.24319967079,288293544.4601468,TRIPURA,Unokoti,Gournagar,1954,655,16,1943
1944,16,710,01958,104438.11365422679,293776799.0126468,TRIPURA,Unokoti,Pencharthal,1958,655,16,1944
1945,16,710,01959,77997.3435108972,245014381.73536876,TRIPURA,Unokoti,Kumarghat,1959,655,16,1945
700,09,132,00701,209884.68776199195,1380071725.728151,UTTAR PRADESH,Saharanpur,Behat,701,177,9,700
701,09,132,00702,344404.75052680733,1801890314.5323174,UTTAR PRADESH,Saharanpur,Saharanpur,702,177,9,701
702,09,132,00703,208793.09665460678,1157086532.6287217,UTTAR PRADESH,Saharanpur,Nakur,703,177,9,702
703,09,132,00705,150208.62491103227,631843418.0898288,UTTAR PRADESH,Saharanpur,Rampur Maniharan,705,177,9,703
704,09,133,00708,274705.8025773896,1382724920.824559,UTTAR PRADESH,Muzaffarnagar,Muzaffarnagar,708,172,9,704
705,09,133,00709,148726.74129779407,686858128.3792408,UTTAR PRADESH,Muzaffarnagar,Budhana,709,172,9,705
706,09,133,00710,169546.5448413268,576795018.6343869,UTTAR PRADESH,Muzaffarnagar,Khatauli,710,172,9,706
707,09,133,00711,202635.84643689243,975698635.6843343,UTTAR PRADESH,Muzaffarnagar,Jansath,711,172,9,707
708,09,134,00712,184310.29197241168,1193568846.7299798,UTTAR PRADESH,Bijnor,Najibabad,712,132,9,708
709,09,134,00713,206683.85041761043,1108390922.4108744,UTTAR PRADESH,Bijnor,Bijnor,713,132,9,709
710,09,134,00714,192278.07130002553,925337196.5278674,UTTAR PRADESH,Bijnor,Nagina,714,132,9,710
711,09,134,00715,338232.0575331803,1798785908.8711984,UTTAR PRADESH,Bijnor,Dhampur,715,132,9,711
712,09,134,00716,205783.9288463269,1058002719.8846043,UTTAR PRADESH,Bijnor,Chandpur,716,132,9,712
713,09,135,00717,225918.83345329875,728080155.5402367,UTTAR PRADESH,Moradabad,Thakurdwara,717,171,9,713
714,09,135,00718,195318.95769099426,477145515.0356933,UTTAR PRADESH,Moradabad,Kanth,718,171,9,714
715,09,135,00719,321559.4276097828,1011556984.2178314,UTTAR PRADESH,Moradabad,Moradabad,719,171,9,715
716,09,135,00720,225228.637089773,716258414.295038,UTTAR PRADESH,Moradabad,Bilari,720,171,9,716
717,09,136,00723,202643.96597732126,534578673.1745093,UTTAR PRADESH,Rampur,Suar,723,176,9,717
718,09,136,00724,175173.89977497156,409504818.7492288,UTTAR PRADESH,Rampur,Tanda,724,176,9,718
719,09,136,00725,197832.21384719925,636369397.634753,UTTAR PRADESH,Rampur,Bilaspur,725,176,9,719
720,09,136,00726,177505.73627022412,429493298.9952474,UTTAR PRADESH,Rampur,Rampur,726,176,9,720
721,09,136,00727,174385.50061417738,560194527.7538707,UTTAR PRADESH,Rampur,Shahabad,727,176,9,721
722,09,136,00728,160170.33408821293,522969844.77892226,UTTAR PRADESH,Rampur,Milak,728,176,9,722
723,09,137,00729,196838.02364677927,878377083.8414124,UTTAR PRADESH,Jyotiba Phule Nagar,Dhanaura,729,154,9,723
724,09,137,00730,202798.61541271507,836029471.1845881,UTTAR PRADESH,Jyotiba Phule Nagar,Amroha,730,154,9,724
725,09,137,00731,196946.7647955612,1109998937.7492816,UTTAR PRADESH,Jyotiba Phule Nagar,Hasanpur,731,154,9,725
726,09,138,00732,163885.92378994348,780047834.5522462,UTTAR PRADESH,Meerut,Sardhana,732,169,9,726
727,09,138,00733,222279.9305164232,1389773448.2607973,UTTAR PRADESH,Meerut,Mawana,733,169,9,727
728,09,138,00734,236588.1673542426,1234761389.0150266,UTTAR PRADESH,Meerut,Meerut,734,169,9,728
729,09,139,00735,189459.807224824,963063406.5240961,UTTAR PRADESH,Baghpat,Baraut,735,124,9,729
730,09,139,00736,144480.54294521795,530860632.7066236,UTTAR PRADESH,Baghpat,Baghpat,736,124,9,730
731,09,139,00737,99053.32769448012,243655404.5503659,UTTAR PRADESH,Baghpat,Khekada,737,124,9,731
732,09,140,00738,148781.9051084375,592162407.9650714,UTTAR PRADESH,Ghaziabad,Modinagar,738,145,9,732
733,09,140,00739,192472.55187851534,597985781.4761751,UTTAR PRADESH,Ghaziabad,Ghaziabad,739,145,9,733
734,09,141,00742,167539.71804809364,628355911.5720816,UTTAR PRADESH,Gautam Buddha Nagar,Dadri,742,144,9,734
735,09,141,00743,209392.92630624078,678130165.0744338,UTTAR PRADESH,Gautam Buddha Nagar,Gautam Buddha Nagar,743,144,9,735
736,09,141,00744,172051.07383686258,527535555.22649235,UTTAR PRADESH,Gautam Buddha Nagar,Jewar,744,144,9,736
737,09,142,00745,152280.64578067372,393247003.4730777,UTTAR PRADESH,Bulandshahr,Sikandrabad,745,134,9,737
738,09,142,00746,244283.15744922726,763295848.9812727,UTTAR PRADESH,Bulandshahr,Bulandshahr,746,134,9,738
739,09,142,00747,220382.73162130747,886967169.0642397,UTTAR PRADESH,Bulandshahr,Siana,747,134,9,739
740,09,142,00748,154011.37725155475,433289773.65714175,UTTAR PRADESH,Bulandshahr,Anupshahr,748,134,9,740
741,09,143,00749,231001.9086649385,1160274301.2130487,UTTAR PRADESH,BulandshahrAligarh,Debai,749,119,9,741
742,09,142,00750,193952.30328438178,709903843.217248,UTTAR PRADESH,Bulandshahr,Shikarpur,750,134,9,742
743,09,142,00751,177859.20546680465,690404334.3278886,UTTAR PRADESH,Bulandshahr,Khurja,751,134,9,743
744,09,143,00752,224726.5585732624,900900394.4374098,UTTAR PRADESH,Aligarh,Khair,752,119,9,744
745,09,143,00753,219323.30039160623,640340694.8191369,UTTAR PRADESH,Aligarh,Gabhana,753,119,9,745
746,09,143,00755,269956.8157345018,1366592469.2454653,UTTAR PRADESH,Aligarh,Koil,755,119,9,746
747,09,143,00756,186475.41616882276,704084543.5742297,UTTAR PRADESH,Aligarh,Iglas,756,119,9,747
748,09,144,00757,117455.45716854006,349349232.4891779,UTTAR PRADESH,Hathras,Sasni,757,163,9,748
749,09,144,00758,158052.07980642587,725113224.7733488,UTTAR PRADESH,Hathras,Sikandra Rao,758,163,9,749
750,09,144,00759,185775.0503162795,608474548.2760377,UTTAR PRADESH,Hathras,Hathras,759,163,9,750
751,09,144,00760,192272.2938413315,594463235.036334,UTTAR PRADESH,Hathras,Sadabad,760,163,9,751
752,09,145,00761,229171.97428438856,1354227076.6532624,UTTAR PRADESH,Mathura,Chhata,761,167,9,752
753,09,145,00762,270241.13878573664,936629895.5284969,UTTAR PRADESH,Mathura,Mat,762,167,9,753
754,09,145,00763,216229.80056449538,606011456.5774392,UTTAR PRADESH,Mathura,Mahavan,763,167,9,754
755,09,145,00764,273526.80402956234,1374972200.335542,UTTAR PRADESH,Mathura,Mathura,764,167,9,755
756,09,146,00765,192627.21635584315,597798568.7258219,UTTAR PRADESH,Agra,Etmadpur,765,118,9,756
757,09,146,00766,178917.78794936428,688704342.9139334,UTTAR PRADESH,Agra,Agra,766,118,9,757
758,09,146,00767,240140.61131951294,913156070.3516093,UTTAR PRADESH,Agra,Kiraoli,767,118,9,758
759,09,146,00768,293906.6890617652,1012857958.8291622,UTTAR PRADESH,Agra,Kheragarh,768,118,9,759
760,09,146,00769,214648.2637962851,789582592.9541799,UTTAR PRADESH,Agra,Fatehabad,769,118,9,760
761,09,146,00770,269613.3715005614,1118064767.4569316,UTTAR PRADESH,Agra,Bah,770,118,9,761
762,09,147,00771,196334.18448979923,492530049.8377233,UTTAR PRADESH,Firozabad,Tundla,771,143,9,762
763,09,147,00772,229296.06107905466,575029406.8311954,UTTAR PRADESH,Firozabad,Firozabad,772,143,9,763
764,09,147,00773,211579.6290613746,1048142325.6537141,UTTAR PRADESH,Firozabad,Jasrana,773,143,9,764
765,09,147,00774,237794.11622405492,954704234.3880451,UTTAR PRADESH,Firozabad,Shikohabad,774,143,9,765
766,09,148,00775,227690.18812965776,1279170012.265379,UTTAR PRADESH,Mainpuri,Mainpuri,775,166,9,766
767,09,148,00776,201337.1315188185,693065531.0096425,UTTAR PRADESH,Mainpuri,Karhal,776,166,9,767
768,09,148,00777,269910.4894034965,1501288048.8271394,UTTAR PRADESH,Mainpuri,Bhogaon,777,166,9,768
769,09,149,00779,475635.718197797,2698313115.9299192,UTTAR PRADESH,Budaun,Bisauli,779,133,9,769
770,09,149,00780,148035.164926546,464924583.1524829,UTTAR PRADESH,Budaun,Bilsi,780,133,9,770
771,09,149,00781,184969.038397105,929714884.3994071,UTTAR PRADESH,Budaun,Sahaswan,781,133,9,771
772,09,149,00783,292459.5006396788,1394363571.6974518,UTTAR PRADESH,Budaun,Dataganj,783,133,9,772
773,09,150,00784,267901.5891606026,1095986360.5241907,UTTAR PRADESH,Bareilly,Baheri,784,130,9,773
774,09,150,00785,243615.3300948558,682898121.9276589,UTTAR PRADESH,Bareilly,Meerganj,785,130,9,774
775,09,150,00786,237028.17190258403,1046337149.104145,UTTAR PRADESH,Bareilly,Aonla,786,130,9,775
776,09,150,00787,304876.9697067778,946957885.179379,UTTAR PRADESH,Bareilly,Bareilly,787,130,9,776
777,09,150,00788,219631.93454804606,745958027.4807847,UTTAR PRADESH,Bareilly,Nawabganj,788,130,9,777
778,09,150,00789,216213.1573872029,834060255.240676,UTTAR PRADESH,Bareilly,Faridpur,789,130,9,778
779,09,151,00790,303194.3608798262,1392481877.1884913,UTTAR PRADESH,Pilibhit,Pilibhit,790,173,9,779
780,09,151,00791,303757.2103539154,1225670178.186933,UTTAR PRADESH,Pilibhit,Bisalpur,791,173,9,780
781,09,151,00792,309661.3004210637,2272798844.524002,UTTAR PRADESH,Pilibhit,Puranpur,792,173,9,781
782,09,152,00793,325511.43966246536,1645646970.5668375,UTTAR PRADESH,Shahjahanpur,Powayan,793,180,9,782
783,09,152,00794,324989.2136752803,1382384061.4981267,UTTAR PRADESH,Shahjahanpur,Tilhar,794,180,9,783
784,09,152,00795,236456.60547560902,1316329241.0008514,UTTAR PRADESH,Shahjahanpur,Shahjahanpur,795,180,9,784
785,09,152,00796,287600.6299896319,1207483976.8183627,UTTAR PRADESH,Shahjahanpur,Jalalabad,796,180,9,785
786,09,153,00797,260300.68752559344,1117730674.4837801,UTTAR PRADESH,Kheri,Nighasan,797,159,9,786
787,09,153,00798,350899.8363023468,2046959101.4171267,UTTAR PRADESH,Kheri,Palia,798,159,9,787
788,09,153,00799,336801.3267308023,1703189068.4950042,UTTAR PRADESH,Kheri,Gola Gokaran Nath,799,159,9,788
789,09,153,00800,418357.95908300095,1704369365.378487,UTTAR PRADESH,Kheri,Mohammdi,800,159,9,789
790,09,153,00801,334919.72730562126,1899871002.2380157,UTTAR PRADESH,Kheri,Lakhimpur,801,159,9,790
791,09,153,00802,249101.1901679732,1449364460.264607,UTTAR PRADESH,Kheri,Dhaurahara,802,159,9,791
792,09,154,00803,349949.5507339248,1776426627.4108722,UTTAR PRADESH,Sitapur,Misrikh,803,183,9,792
793,09,154,00804,242465.38065780743,1084088325.8947718,UTTAR PRADESH,Sitapur,Sitapur,804,183,9,793
794,09,154,00805,263285.057036136,1234515247.7770512,UTTAR PRADESH,Sitapur,Laharpur,805,183,9,794
795,09,154,00806,294266.22643151594,1235109929.7114265,UTTAR PRADESH,Sitapur,Biswan,806,183,9,795
796,09,154,00807,247429.76953991412,1026704235.1578257,UTTAR PRADESH,Sitapur,Mahmudabad,807,183,9,796
797,09,154,00808,242751.02730706602,969526516.3175161,UTTAR PRADESH,Sitapur,Sidhauli,808,183,9,797
798,09,155,00809,274133.49387781497,1240503248.1981947,UTTAR PRADESH,Hardoi,Shahabad,809,150,9,798
799,09,155,00810,264087.1223689429,1324229156.0709999,UTTAR PRADESH,Hardoi,Sawayajpur,810,150,9,799
800,09,155,00811,304005.92498653464,2018619242.087234,UTTAR PRADESH,Hardoi,Hardoi,811,150,9,800
801,09,155,00812,254171.9845471276,1205325959.7438684,UTTAR PRADESH,Hardoi,Bilgram,812,150,9,801
802,09,155,00813,295839.2238168547,1828646433.0811944,UTTAR PRADESH,Hardoi,Sandila,813,150,9,802
803,09,156,00814,228575.01722964112,1295384916.1217847,UTTAR PRADESH,Unnao,Safipur,814,186,9,803
804,09,156,00815,304357.94038076326,1410187870.9855716,UTTAR PRADESH,Unnao,Hasanganj,815,186,9,804
805,09,156,00816,206259.30597474903,1257930706.7117944,UTTAR PRADESH,Unnao,Unnao,816,186,9,805
806,09,156,00817,240522.46053209985,996797167.144964,UTTAR PRADESH,Unnao,Purwa,817,186,9,806
807,09,156,00818,169756.4101937104,778450630.8334485,UTTAR PRADESH,Unnao,Bighapur,818,186,9,807
808,09,157,00819,208052.4892253626,600304650.2138186,UTTAR PRADESH,Lucknow,Malihabad,819,162,9,808
809,09,157,00820,164434.57022163548,529194044.6247849,UTTAR PRADESH,Lucknow,Bakshi Ka Talab,820,162,9,809
810,09,157,00821,309127.41815705894,1182778273.3717675,UTTAR PRADESH,Lucknow,Lucknow,821,162,9,810
811,09,157,00822,191897.24491139012,878485883.3556026,UTTAR PRADESH,Lucknow,Mohanlalganj,822,162,9,811
812,09,158,00823,194780.11999079684,903725492.2946717,UTTAR PRADESH,Rae Bareli,Maharajganj,823,175,9,812
813,09,158,00825,215367.9577564473,1212088091.1658456,UTTAR PRADESH,Rae Bareli,Rae Bareli,825,175,9,813
814,09,158,00826,227768.89142366056,890441146.5640028,UTTAR PRADESH,Rae Bareli,Lalganj,826,175,9,814
815,09,158,00827,162527.54993157941,532665755.38886845,UTTAR PRADESH,Rae Bareli,Dalmau,827,175,9,815
816,09,158,00828,154671.01842986303,532093147.6923665,UTTAR PRADESH,Rae Bareli,Unchahar,828,175,9,816
817,09,159,00830,225088.29527577446,1202434436.517763,UTTAR PRADESH,Farrukhabad,Kaimganj,830,141,9,817
818,09,159,00831,184271.84865503322,450650248.68426704,UTTAR PRADESH,Farrukhabad,Amritpur,831,141,9,818
819,09,159,00832,254788.2503218129,1126327273.3248382,UTTAR PRADESH,Farrukhabad,Farrukhabad,832,141,9,819
820,09,160,00833,260654.60582779624,1103094578.3354905,UTTAR PRADESH,Kannauj,Chhibramau,833,155,9,820
821,09,160,00834,150859.95431072175,617295256.8720121,UTTAR PRADESH,Kannauj,Kannauj,834,155,9,821
822,09,160,00835,214310.6391471765,923460341.750564,UTTAR PRADESH,Kannauj,Tirwa,835,155,9,822
823,09,161,00836,133917.9540933169,360680651.07972884,UTTAR PRADESH,Etawah,Jaswantnagar,836,139,9,823
824,09,161,00837,118504.13653130927,212989804.14536202,UTTAR PRADESH,Etawah,Saifai,837,139,9,824
825,09,161,00838,212681.34265534376,818954692.1404032,UTTAR PRADESH,Etawah,Etawah,838,139,9,825
826,09,161,00839,177919.281185563,898623266.4466499,UTTAR PRADESH,Etawah,Bharthana,839,139,9,826
827,09,161,00840,173326.30998067296,639311401.8844932,UTTAR PRADESH,Etawah,Chakarnagar,840,139,9,827
828,09,162,00841,232253.89330209035,1401003875.495584,UTTAR PRADESH,Auraiya,Bidhuna,841,122,9,828
829,09,162,00842,212183.9935372934,1136266525.1776917,UTTAR PRADESH,Auraiya,Auraiya,842,122,9,829
830,09,163,00843,171981.4431274051,847185623.1548561,UTTAR PRADESH,Kanpur Dehat,Rasulabad,843,156,9,830
831,09,163,00844,196046.1418115477,568175861.9988353,UTTAR PRADESH,Kanpur Dehat,Derapur,844,156,9,831
832,09,163,00845,244216.29881729605,1051434627.7395084,UTTAR PRADESH,Kanpur Dehat,Akbarpur,845,156,9,832
833,09,163,00846,167114.57426077177,821614062.3276895,UTTAR PRADESH,Kanpur Dehat,Bhognipur,846,156,9,833
834,09,163,00847,174576.16841331133,666038080.1567247,UTTAR PRADESH,Kanpur Dehat,Sikandra,847,156,9,834
835,09,164,00848,220929.25744941866,1038222935.7859355,UTTAR PRADESH,Kanpur Nagar,Bilhaur,848,157,9,835
836,09,164,00849,274457.22383891005,1334440077.4241123,UTTAR PRADESH,Kanpur Nagar,Kanpur,849,157,9,836
837,09,164,00850,251384.37074989124,1380374905.3796206,UTTAR PRADESH,Kanpur Nagar,Ghatampur,850,157,9,837
838,09,165,00851,236903.86421565636,1032890319.9242797,UTTAR PRADESH,Jalaun,Madhogarh,851,151,9,838
839,09,165,00852,212564.85188266862,850051303.0069247,UTTAR PRADESH,Jalaun,Jalaun,852,151,9,839
840,09,165,00853,296855.9928454614,1558476605.9128447,UTTAR PRADESH,Jalaun,Kalpi,853,151,9,840
841,09,165,00854,209462.3547956304,1151350379.01101,UTTAR PRADESH,Jalaun,Orai,854,151,9,841
842,09,165,00855,237061.27586043612,1088963781.4743533,UTTAR PRADESH,Jalaun,Konch,855,151,9,842
843,09,166,00856,205873.8836569415,993065753.6883519,UTTAR PRADESH,Jhansi,Moth,856,153,9,843
844,09,166,00857,245506.26215652536,1298851401.9928317,UTTAR PRADESH,Jhansi,Garautha,857,153,9,844
845,09,166,00858,286706.65293534205,1090641220.5740914,UTTAR PRADESH,Jhansi,Tahrauli,858,153,9,845
846,09,166,00859,442751.31367022375,1372069418.4080849,UTTAR PRADESH,Jhansi,Mauranipur,859,153,9,846
847,09,166,00860,369813.5930882606,1464665181.5326512,UTTAR PRADESH,Jhansi,Jhansi,860,153,9,847
848,09,167,00861,217402.2533795229,1464121836.9027226,UTTAR PRADESH,Lalitpur,Talbehat,861,161,9,848
849,09,167,00862,285021.06446382706,2231735322.0446157,UTTAR PRADESH,Lalitpur,Lalitpur,862,161,9,849
850,09,167,00863,330630.55275074556,2439306430.161911,UTTAR PRADESH,Lalitpur,Mahroni,863,161,9,850
851,09,168,00864,297029.17631143355,1328580484.741311,UTTAR PRADESH,Hamirpur,Hamirpur,864,149,9,851
852,09,168,00865,205156.68009191455,913242984.2486205,UTTAR PRADESH,Hamirpur,Rath,865,149,9,852
853,09,168,00866,260338.38349680236,1096713151.6756082,UTTAR PRADESH,Hamirpur,Sarila,866,149,9,853
854,09,168,00867,343032.0174337298,1483767302.6141589,UTTAR PRADESH,Hamirpur,Maudaha,867,149,9,854
855,09,169,00868,402125.5664869341,1505092363.1407993,UTTAR PRADESH,Mahoba,Kulpahar,868,165,9,855
856,09,169,00869,232201.90214281972,1001054395.1432614,UTTAR PRADESH,Mahoba,Charkhari,869,165,9,856
857,09,169,00870,346699.1756753132,1516079581.1852336,UTTAR PRADESH,Mahoba,Mahoba,870,165,9,857
858,09,170,00871,353205.8282315392,1996265383.437002,UTTAR PRADESH,Banda,Banda,871,128,9,858
859,09,170,00872,229242.7715131155,1604974008.550922,UTTAR PRADESH,Banda,Baberu,872,128,9,859
860,09,170,00873,256614.33124719703,937813029.9423475,UTTAR PRADESH,Banda,Atarra,873,128,9,860
861,09,170,00874,346940.37479461735,947162239.2025093,UTTAR PRADESH,Banda,Naraini,874,128,9,861
862,09,171,00875,487073.93044056994,2909442934.5871954,UTTAR PRADESH,Chitrakoot,Karwi,875,136,9,862
863,09,171,00876,257902.92546479072,1006782333.8570596,UTTAR PRADESH,Chitrakoot,Mau,876,136,9,863
864,09,172,00877,234260.9006636683,1609511744.1920526,UTTAR PRADESH,Fatehpur,Bindki,877,142,9,864
865,09,172,00878,257856.2410687469,2032575379.4745817,UTTAR PRADESH,Fatehpur,Fatehpur,878,142,9,865
866,09,172,00879,255817.69396207214,1529505764.913042,UTTAR PRADESH,Fatehpur,Khaga,879,142,9,866
867,09,173,00880,324252.93187513476,1014948545.3220439,UTTAR PRADESH,Pratapgarh,Lalganj,880,174,9,867
868,09,173,00881,303641.67764246225,1324836310.596302,UTTAR PRADESH,Pratapgarh,Kunda,881,174,9,868
869,09,173,00882,270030.03577892546,794407823.4179205,UTTAR PRADESH,Pratapgarh,Pratapgarh,882,174,9,869
870,09,173,00883,246821.53781136923,942056412.0155983,UTTAR PRADESH,Pratapgarh,Patti,883,174,9,870
871,09,173,00884,159940.79738886628,528056798.8743624,UTTAR PRADESH,Pratapgarh,Raniganj,884,174,9,871
872,09,174,00885,163153.1815037535,732460133.1600386,UTTAR PRADESH,Kaushambi,Sirathu,885,158,9,872
873,09,174,00886,164355.71519562177,856933562.1782204,UTTAR PRADESH,Kaushambi,Manjhanpur,886,158,9,873
874,09,174,00887,163720.11234427275,616895273.907265,UTTAR PRADESH,Kaushambi,Chail,887,158,9,874
875,09,175,00888,222209.8279462642,825805037.928156,UTTAR PRADESH,Prayagraj,Soraon,888,120,9,875
876,09,175,00889,226877.85572852503,916083500.0603321,UTTAR PRADESH,Prayagraj,Phulpur,889,120,9,876
877,09,175,00890,116200.50108800731,375490568.42800456,UTTAR PRADESH,Prayagraj,Allahabad,890,120,9,877
878,09,175,00891,188782.66290589984,912950362.192839,UTTAR PRADESH,Prayagraj,Bara,891,120,9,878
879,09,175,00892,153326.8265815788,723853529.9997058,UTTAR PRADESH,Prayagraj,Karchhana,892,120,9,879
880,09,175,00893,203241.40185325968,924351545.2942842,UTTAR PRADESH,Prayagraj,Handia,893,120,9,880
881,09,175,00894,219545.4755972925,1034153993.7500811,UTTAR PRADESH,Prayagraj,Meja,894,120,9,881
882,09,175,00895,249314.04874863176,1013162602.1744708,UTTAR PRADESH,Prayagraj,Koraon,895,120,9,882
883,09,176,00896,293892.93371194537,930183833.2306725,UTTAR PRADESH,Bara Banki,Fatehpur,896,129,9,883
884,09,180,00897,225301.55945485816,1273859882.6335828,UTTAR PRADESH,Bahraich,Ramnagar,897,125,9,884
885,09,176,00898,270069.0241192311,1160851949.6180468,UTTAR PRADESH,Bara Banki,Nawabganj,898,129,9,885
886,09,176,00899,171098.98030049642,522560568.60468745,UTTAR PRADESH,Bara Banki,Sirauli Gauspur,899,129,9,886
887,09,176,00900,238371.65092278385,730957889.0089651,UTTAR PRADESH,Bara Banki,Ramsanehighat,900,129,9,887
888,09,176,00901,238217.90663273414,951697686.3844433,UTTAR PRADESH,Bara Banki,Haidergarh,901,129,9,888
889,09,177,00902,209119.1251789459,729435226.5436064,UTTAR PRADESH,Faizabad,Rudauli,902,140,9,889
890,09,177,00903,219539.69497482176,788325803.0739561,UTTAR PRADESH,Faizabad,Milkipur,903,140,9,890
891,09,177,00904,194667.65572299864,546648954.6978145,UTTAR PRADESH,Faizabad,Sohawal,904,140,9,891
892,09,177,00905,180034.48878804082,614495692.5899414,UTTAR PRADESH,Faizabad,Faizabad,905,140,9,892
893,09,177,00906,207068.30937579818,701058593.1419822,UTTAR PRADESH,Faizabad,Bikapur,906,140,9,893
894,09,178,00907,174498.1612498379,602615644.6783682,UTTAR PRADESH,Ambedkar Nagar,Tanda,907,121,9,894
895,09,178,00908,170455.42385596398,561493897.2729619,UTTAR PRADESH,Ambedkar Nagar,Allapur,908,121,9,895
896,09,178,00909,201722.25961966912,634108331.525984,UTTAR PRADESH,Ambedkar Nagar,Jalalpur,909,121,9,896
897,09,178,00910,214635.24818310127,730041729.8121839,UTTAR PRADESH,Ambedkar Nagar,Akbarpur,910,121,9,897
898,09,178,00911,169839.67317326128,386432668.0722676,UTTAR PRADESH,Ambedkar Nagar,Bhiti,911,121,9,898
899,09,179,00915,247854.02155704945,957267427.261817,UTTAR PRADESH,Sultanpur,Sultanpur,915,185,9,899
900,09,179,00916,190877.24521045864,651147530.5528808,UTTAR PRADESH,Sultanpur,Jaisinghpur,916,185,9,900
901,09,179,00917,182096.0435683216,683261512.672005,UTTAR PRADESH,Sultanpur,Lambhua,917,185,9,901
902,09,179,00918,255341.09047277024,770276620.4235282,UTTAR PRADESH,Sultanpur,Kadipur,918,185,9,902
903,09,180,00919,407605.6882807083,2865230801.3371687,UTTAR PRADESH,Bahraich,Nanpara,919,125,9,903
904,09,180,00920,216998.9009845667,1148007638.6192753,UTTAR PRADESH,Bahraich,Mahasi,920,125,9,904
905,09,180,00921,313776.6159066702,1049032233.5983229,UTTAR PRADESH,Bahraich,Bahraich,921,125,9,905
906,09,181,00923,276942.24750288064,1707513326.2604089,UTTAR PRADESH,Shrawasti,Bhinga,923,181,9,906
907,09,181,00924,246257.88175770565,764630375.4021647,UTTAR PRADESH,Shrawasti,Ikauna,924,181,9,907
908,09,182,00925,341617.9247209685,1370578181.6383371,UTTAR PRADESH,Balrampur,Balrampur,925,127,9,908
909,09,182,00926,328264.52869704255,1959915837.4539828,UTTAR PRADESH,Balrampur,Tulsipur,926,127,9,909
910,09,182,00927,268565.6248619719,936315687.7275168,UTTAR PRADESH,Balrampur,Utraula,927,127,9,910
911,09,183,00928,280445.6495759218,1483033899.5819745,UTTAR PRADESH,Gonda,Gonda,928,147,9,911
912,09,183,00929,237911.96655157665,1301317562.9900436,UTTAR PRADESH,Gonda,Colonelganj,929,147,9,912
913,09,183,00930,229277.96750432023,1343884665.2962444,UTTAR PRADESH,Gonda,Tarabganj,930,147,9,913
914,09,183,00931,269893.95880970923,913940982.7485762,UTTAR PRADESH,Gonda,Mankapur,931,147,9,914
915,09,184,00932,158496.8292653404,660958555.0224557,UTTAR PRADESH,Siddharthnagar,Shohratgarh,932,182,9,915
916,09,184,00933,196001.67097134457,819929419.6554911,UTTAR PRADESH,Siddharthnagar,Naugarh,933,182,9,916
917,09,184,00934,205831.65091401903,812867116.2222387,UTTAR PRADESH,Siddharthnagar,Bansi,934,182,9,917
918,09,184,00935,235961.339422386,745070897.7286147,UTTAR PRADESH,Siddharthnagar,Itwa,935,182,9,918
919,09,184,00936,203033.20293772468,641895817.4984435,UTTAR PRADESH,Siddharthnagar,Domariyaganj,936,182,9,919
920,09,185,00937,201277.30711939104,546686571.1176771,UTTAR PRADESH,Basti,Bhanpur,937,131,9,920
921,09,185,00938,260822.0778927286,1584614532.9951656,UTTAR PRADESH,Basti,Harraiya,938,131,9,921
922,09,185,00939,219503.44336258614,1080526990.8431153,UTTAR PRADESH,Basti,Basti,939,131,9,922
923,09,185,00940,156885.07205085616,299578957.4056857,UTTAR PRADESH,Basti,Rudhauli,940,131,9,923
924,09,186,00941,215851.1630622495,602328472.3811696,UTTAR PRADESH,Sant Kabir Nagar,Mehdawal,941,178,9,924
925,09,186,00942,250274.2773314541,737004914.6568474,UTTAR PRADESH,Sant Kabir Nagar,Khalilabad,942,178,9,925
926,09,186,00943,183870.58233783997,728626396.6290119,UTTAR PRADESH,Sant Kabir Nagar,Ghanghata,943,178,9,926
927,09,187,00944,244328.06621277245,840918193.3063735,UTTAR PRADESH,Mahrajganj,Nautanwa,944,164,9,927
928,09,187,00945,237676.2652203047,884397974.4064982,UTTAR PRADESH,Mahrajganj,Nichlaul,945,164,9,928
929,09,187,00946,223228.64163962644,631550583.5822082,UTTAR PRADESH,Mahrajganj,Pharenda,946,164,9,929
930,09,187,00947,288931.5070788899,1381514285.5093918,UTTAR PRADESH,Mahrajganj,Maharajganj,947,164,9,930
931,09,188,00948,214867.8786297148,456417272.9294538,UTTAR PRADESH,Gorakhpur,Campierganj,948,148,9,931
932,09,188,00949,238635.93974939705,436239129.44736755,UTTAR PRADESH,Gorakhpur,Sahjanwa,949,148,9,932
933,09,188,00950,265767.14184521796,1061140811.7862482,UTTAR PRADESH,Gorakhpur,Gorakhpur,950,148,9,933
934,09,188,00951,169455.9361739071,466213933.1664834,UTTAR PRADESH,Gorakhpur,Chauri Chaura,951,148,9,934
935,09,188,00952,176465.73304075404,496392977.95317817,UTTAR PRADESH,Gorakhpur,Bansgaon,952,148,9,935
936,09,188,00953,204993.52147450898,635408838.6662867,UTTAR PRADESH,Gorakhpur,Khajni,953,148,9,936
937,09,188,00954,209833.7383550562,633919489.288884,UTTAR PRADESH,Gorakhpur,Gola,954,148,9,937
938,09,189,00956,237922.06383345783,968698265.7679851,UTTAR PRADESH,Kushinagar,Hata,956,160,9,938
939,09,189,00957,174362.57399373665,559457845.9603587,UTTAR PRADESH,Kushinagar,Kasya,957,160,9,939
940,09,189,00958,215562.56024851,830575628.5647938,UTTAR PRADESH,Kushinagar,Tamkuhi Raj,958,160,9,940
941,09,190,00959,239390.16705778852,1161076247.5263145,UTTAR PRADESH,Deoria,Deoria,959,137,9,941
942,09,190,00960,182005.54345943962,494746837.42367136,UTTAR PRADESH,Deoria,Rudrapur,960,137,9,942
943,09,190,00961,175633.86509189283,466792583.599202,UTTAR PRADESH,Deoria,Barhaj,961,137,9,943
944,09,190,00962,198735.1711877858,604481300.2690493,UTTAR PRADESH,Deoria,Salempur,962,137,9,944
945,09,190,00963,139762.0943408144,448299007.24302065,UTTAR PRADESH,Deoria,Bhatpar Rani,963,137,9,945
946,09,191,00964,158596.3979940673,548793037.2706226,UTTAR PRADESH,Azamgarh,Burhanpur,964,123,9,946
947,09,191,00965,178631.69598606983,1143164679.9374344,UTTAR PRADESH,Azamgarh,Sagri,965,123,9,947
948,09,191,00966,223666.98181149916,748498898.1694115,UTTAR PRADESH,Azamgarh,Azamgarh,966,123,9,948
949,09,191,00967,209162.08871090753,629779294.4638978,UTTAR PRADESH,Azamgarh,Nizamabad,967,123,9,949
950,09,191,00968,224499.6041151904,861379276.9891124,UTTAR PRADESH,Azamgarh,Phulpur,968,123,9,950
951,09,191,00969,227803.94014491775,807365774.4585526,UTTAR PRADESH,Azamgarh,Lalganj,969,123,9,951
952,09,191,00970,191304.4057374746,504215815.78975296,UTTAR PRADESH,Azamgarh,Mehnagar,970,123,9,952
953,09,192,00971,149591.3034270134,438606666.9762173,UTTAR PRADESH,Mau,Ghosi,971,168,9,953
954,09,192,00972,163748.440973515,586831038.0485086,UTTAR PRADESH,Mau,Madhuban,972,168,9,954
955,09,192,00973,183890.0327838991,644830325.72432,UTTAR PRADESH,Mau,Maunath Bhanjan,973,168,9,955
956,09,192,00974,172312.12862329785,488676459.7909552,UTTAR PRADESH,Mau,Muhammadabad Gohna,974,168,9,956
957,09,193,00975,145623.67481641442,454603855.6140385,UTTAR PRADESH,Ballia,Belthara Road,975,126,9,957
958,09,193,00976,117769.76724668036,496268170.92814183,UTTAR PRADESH,Ballia,Sikanderpur,976,126,9,958
959,09,193,00977,178075.23360722497,660576035.7684376,UTTAR PRADESH,Ballia,Rasra,977,126,9,959
960,09,193,00978,286815.2359444789,999517402.5362791,UTTAR PRADESH,Ballia,Ballia,978,126,9,960
961,09,193,00979,181438.95414129962,687176363.8827833,UTTAR PRADESH,Ballia,Bansdih,979,126,9,961
962,09,193,00980,142597.10452185496,413506548.9781573,UTTAR PRADESH,Ballia,Bairia,980,126,9,962
963,09,194,00981,221697.9108247758,874909996.4022694,UTTAR PRADESH,Jaunpur,Shahganj,981,152,9,963
964,09,194,00982,189652.6173897504,569752901.8838791,UTTAR PRADESH,Jaunpur,Badlapur,982,152,9,964
965,09,194,00983,218800.97875435094,1002762077.3137772,UTTAR PRADESH,Jaunpur,Machhlishahr,983,152,9,965
966,09,194,00984,225759.6944483716,879198406.1213601,UTTAR PRADESH,Jaunpur,Jaunpur,984,152,9,966
967,09,194,00985,222067.89194947967,934123267.5673233,UTTAR PRADESH,Jaunpur,Mariahu,985,152,9,967
968,09,194,00986,202217.10619267076,732612752.25653,UTTAR PRADESH,Jaunpur,Kerakat,986,152,9,968
969,09,195,00987,189198.86029390042,681856982.519206,UTTAR PRADESH,Ghazipur,Jakhania,987,146,9,969
970,09,195,00988,187378.1124815496,698146561.3302989,UTTAR PRADESH,Ghazipur,Saidpur,988,146,9,970
971,09,195,00989,252015.49638178365,838847546.4854052,UTTAR PRADESH,Ghazipur,Ghazipur,989,146,9,971
972,09,195,00990,241386.69410234224,1076915153.2801385,UTTAR PRADESH,Ghazipur,Mohammadabad,990,146,9,972
973,09,195,00991,186385.14991061404,879845539.6151177,UTTAR PRADESH,Ghazipur,Zamania,991,146,9,973
974,09,196,00992,181336.02697631472,816972238.8502575,UTTAR PRADESH,Chandauli,Sakaldiha,992,135,9,974
975,09,196,00993,258259.1729804299,801088085.3083957,UTTAR PRADESH,Chandauli,Chandauli,993,135,9,975
976,09,196,00994,247601.94076743128,1506806450.8218687,UTTAR PRADESH,Chandauli,Chakia,994,135,9,976
977,09,197,00995,231927.41062434195,854751527.425967,UTTAR PRADESH,Varanasi,Pindra,995,187,9,977
978,09,197,00996,264680.0386361307,1031612256.2875509,UTTAR PRADESH,Varanasi,Varanasi,996,187,9,978
979,09,198,00997,252253.16488497236,434051253.6374683,UTTAR PRADESH,Sant Ravidas Nagar (Bhadohi),Bhadohi,997,179,9,979
980,09,198,00998,198982.9541433904,493576008.9514114,UTTAR PRADESH,Sant Ravidas Nagar (Bhadohi),Gyanpur,998,179,9,980
981,09,198,00999,133598.05946027543,320474813.5211225,UTTAR PRADESH,Sant Ravidas Nagar (Bhadohi),Aurai,999,179,9,981
982,09,199,01000,312340.854114322,1424648729.1176198,UTTAR PRADESH,Mirzapur,Mirzapur,1000,170,9,982
983,09,199,01001,371609.51409721194,1644478883.72045,UTTAR PRADESH,Mirzapur,Lalganj,1001,170,9,983
984,09,199,01002,230474.4005799644,1056796558.6159346,UTTAR PRADESH,Mirzapur,Marihan,1002,170,9,984
985,09,199,01003,243242.19691189635,1272739456.5733633,UTTAR PRADESH,Mirzapur,Chunar,1003,170,9,985
986,09,200,01004,202585.87920230738,1045252801.1315875,UTTAR PRADESH,Sonbhadra,Ghorawal,1004,184,9,986
987,09,200,01005,439420.56697210047,4074422453.535213,UTTAR PRADESH,Sonbhadra,Robertsganj,1005,184,9,987
988,09,200,01006,301207.30980990164,3244762882.4985657,UTTAR PRADESH,Sonbhadra,Dudhi,1006,184,9,988
989,09,201,01007,227570.66892904698,830215963.0975959,UTTAR PRADESH,Etah,Aliganj,1007,138,9,989
990,09,201,01008,269992.1113773125,1590963938.073065,UTTAR PRADESH,Etah,Etah,1008,138,9,990
991,09,201,01009,164775.35754322438,671554020.048182,UTTAR PRADESH,Etah,Jalesar,1009,138,9,991
992,09,202,01010,215265.8715595716,787585192.6224557,UTTAR PRADESH,Kanshiram Nagar,Kasganj,1010,633,9,992
993,09,202,01011,227956.9837624889,579543575.9138302,UTTAR PRADESH,Kanshiram Nagar,Sahawar,1011,633,9,993
994,09,202,01012,294890.2082893523,1144774432.3851066,UTTAR PRADESH,Kanshiram Nagar,Patiyali,1012,633,9,994
995,09,704,00706,213879.5290551324,866504325.567343,UTTAR PRADESH,Shamli,Kairana,706,660,9,995
996,09,704,00707,184773.72425740794,807558026.8800058,UTTAR PRADESH,Shamli,Shamli,707,660,9,996
997,09,705,00740,199587.65363578833,847764880.1271735,UTTAR PRADESH,Hapur,Hapur,740,661,9,997
998,09,705,00741,133343.41981611628,610023143.8969424,UTTAR PRADESH,Hapur,Garhmukteshwar,741,661,9,998
999,09,706,00824,196267.93159076563,839228965.9424447,UTTAR PRADESH,Amethi,Tiloi,824,640,9,999
1000,09,706,00829,200427.2267164203,831021780.3195434,UTTAR PRADESH,Amethi,Salon,829,640,9,1000
1001,09,706,00912,273756.62411152245,988170823.5368207,UTTAR PRADESH,Amethi,Musafirkhana,912,640,9,1001
1002,09,706,00913,167707.21136389262,733233968.8096176,UTTAR PRADESH,Amethi,Gauriganj,913,640,9,1002
1003,09,706,00914,177034.45233381278,748567818.7623513,UTTAR PRADESH,Amethi,Amethi,914,640,9,1003
1004,09,754,00721,234854.96712907593,1158165819.124318,UTTAR PRADESH,Moradabad,Sambhal,721,659,9,1004
1005,09,754,00722,232457.6175493922,829192072.6137466,UTTAR PRADESH,Moradabad,Chandausi,722,659,9,1005
1006,09,754,00778,200485.00055075716,1169869978.767399,UTTAR PRADESH,Budaun,Gunnaur,778,659,9,1006
1014,09,189,00955,284903.33297202067,1268597226.1605365,UTTAR PRADESH,Kushinagar,Padrauna,955,160,9,1014
5944,09,142,00749,171903.48211306878,687728530.6340231,UTTAR PRADESH,Bulandshahr,Debai,749,134,9,5944
5945,09,176,00897,186034.38433554556,561687249.7417123,UTTAR PRADESH,Bara Banki,Ramnagar,897,129,9,5945
278,05,056,00278,149237.43312995182,500374522.80151486,UTTARAKHAND,Uttarkashi,Puraula,278,57,5,278
279,05,056,00279,298385.2270311165,2326904720.2385244,UTTARAKHAND,Uttarkashi,Mori,279,57,5,279
280,05,056,00280,236525.8513535653,1209933443.3428118,UTTARAKHAND,Uttarkashi,Rajgarhi,280,57,5,280
281,05,056,00281,199575.44151228585,603501936.6007388,UTTARAKHAND,Uttarkashi,Dunda,281,57,5,281
282,05,056,00282,151222.42550565215,398385770.07826,UTTARAKHAND,Uttarkashi,Chinyali Saur,282,57,5,282
283,05,056,00283,559726.00383343,5891181605.724131,UTTARAKHAND,Uttarkashi,Bhatwari,283,57,5,283
284,05,057,00284,428967.28013071325,6162769045.5193205,UTTARAKHAND,Chamoli,Joshimath,284,47,5,284
285,05,057,00285,240443.0073020599,1612390678.3158088,UTTARAKHAND,Chamoli,Chamoli,285,47,5,285
286,05,057,00286,107195.58436959704,332698698.07040155,UTTARAKHAND,Chamoli,Pokhari,286,47,5,286
287,05,057,00287,121957.67966480755,398540966.9797223,UTTARAKHAND,Chamoli,Karnaprayag,287,47,5,287
288,05,057,00288,214286.4683975076,1389772139.1364264,UTTARAKHAND,Chamoli,Tharali,288,47,5,288
289,05,057,00289,167392.4904248164,652931071.8581328,UTTARAKHAND,Chamoli,Gairsain,289,47,5,289
290,05,058,00290,197894.9228625927,1526629522.9224336,UTTARAKHAND,Rudraprayag,Ukhimath,290,54,5,290
291,05,058,00291,141582.23757100402,477991379.86410505,UTTARAKHAND,Rudraprayag,"Rudraprayag
",291,54,5,291
292,05,058,00292,147616.14947194685,682311499.7554358,UTTARAKHAND,Rudraprayag,Jakholi*,292,54,5,292
293,05,059,00293,271237.3034024468,1887419226.9661005,UTTARAKHAND,Tehri Garhwal,Ghansali,293,55,5,293
294,05,059,00294,218330.13709097038,688950948.1014498,UTTARAKHAND,Tehri Garhwal,Devprayag,294,55,5,294
295,05,059,00295,111095.59081259354,316439123.42773527,UTTARAKHAND,Tehri Garhwal,Pratapnagar,295,55,5,295
296,05,059,00296,82589.7705920627,198334353.64452508,UTTARAKHAND,Tehri Garhwal,Jakhani Dhar,296,55,5,296
297,05,059,00297,110030.71615821008,479512237.4703685,UTTARAKHAND,Tehri Garhwal,Tehri,297,55,5,297
298,05,059,00298,258993.17119695156,982249367.6858658,UTTARAKHAND,Tehri Garhwal,Dhanaulti,298,55,5,298
299,05,059,00299,171831.35479669156,723271188.1394213,UTTARAKHAND,Tehri Garhwal,Narendra Nagar,299,55,5,299
300,05,060,00300,143007.57795357337,618370171.4020542,UTTARAKHAND,Dehradun,Chakrata,300,49,5,300
301,05,060,00301,193824.97709849625,686427261.7039714,UTTARAKHAND,Dehradun,Tyuni,301,49,5,301
302,05,060,00302,121495.01475427901,362256920.18852663,UTTARAKHAND,Dehradun,Kalsi,302,49,5,302
303,05,060,00303,165675.98443405257,943692540.1071566,UTTARAKHAND,Dehradun,Vikas Nagar,303,49,5,303
304,05,060,00304,170887.7934725839,900793589.7411827,UTTARAKHAND,Dehradun,"Dehradun 
",304,49,5,304
305,05,060,00305,166499.41353702382,675032282.9022074,UTTARAKHAND,Dehradun,"Rishikesh
",305,49,5,305
306,05,061,00306,124438.2843401956,188600838.45489222,UTTARAKHAND,Garhwal,Srinagar,306,52,5,306
307,05,061,00307,191940.47918945295,1017945204.8124962,UTTARAKHAND,Garhwal,Pauri,307,52,5,307
308,05,061,00308,234972.140510233,1131886899.6548157,UTTARAKHAND,Garhwal,Thailisain,308,52,5,308
309,05,061,00309,166752.7320940893,489251474.3412394,UTTARAKHAND,Garhwal,Dhoomakot,309,52,5,309
310,05,061,00310,334333.0692062738,1190066807.1730714,UTTARAKHAND,Garhwal,Lansdowne,310,52,5,310
311,05,061,00311,94003.21033316378,155554038.20942834,UTTARAKHAND,Garhwal,Satpuli,311,52,5,311
312,05,061,00312,135265.9434530668,472268529.59701115,UTTARAKHAND,Garhwal,Chaubatta Khal,312,52,5,312
313,05,061,00313,304583.5702368767,1558877665.768942,UTTARAKHAND,Garhwal,"Kotdwara
",313,52,5,313
314,05,061,00314,183503.55936962584,843183337.725003,UTTARAKHAND,Garhwal,Yamkeshwar,314,52,5,314
315,05,062,00315,412756.8513351366,3748986744.394197,UTTARAKHAND,Pithoragarh,Munsiari,315,53,5,315
316,05,062,00316,425335.2927236017,3677650100.982475,UTTARAKHAND,Pithoragarh,Dharchula,316,53,5,316
317,05,062,00317,155102.24301107353,732405005.4059786,UTTARAKHAND,Pithoragarh,Didihat,317,53,5,317
318,05,062,00318,117081.7380091039,365005712.2886109,UTTARAKHAND,Pithoragarh,Berinag,318,53,5,318
319,05,062,00319,136626.7998467318,470062955.16256267,UTTARAKHAND,Pithoragarh,Gangolihat,319,53,5,319
320,05,062,00320,134173.82191313084,685083699.2740438,UTTARAKHAND,Pithoragarh,"Pithoragarh
",320,53,5,320
321,05,063,00321,233973.11929318812,1727690383.0792024,UTTARAKHAND,Bageshwar,Kapkot,321,46,5,321
322,05,063,00322,98560.9664167342,265440279.05661616,UTTARAKHAND,Bageshwar,Kanda,322,46,5,322
323,05,063,00323,131031.93443180453,498879063.5206698,UTTARAKHAND,Bageshwar,"Bageshwar
",323,46,5,323
324,05,063,00324,114315.52115637416,498229881.0232412,UTTARAKHAND,Bageshwar,Garud,324,46,5,324
325,05,064,00325,206774.78029171072,544656302.3903245,UTTARAKHAND,"Almora
",Bhikiasain,325,45,5,325
326,05,064,00326,126138.27655336489,454772943.9326601,UTTARAKHAND,"Almora
",Chaukhutiya,326,45,5,326
327,05,064,00327,218184.35464689205,540121533.9106495,UTTARAKHAND,"Almora
",Sult,327,45,5,327
328,05,064,00328,141609.4996216579,517774047.914933,UTTARAKHAND,"Almora
",Ranikhet,328,45,5,328
329,05,064,00329,98440.00151553522,353413832.04748297,UTTARAKHAND,"Almora
","Dwarahat
",329,45,5,329
330,05,064,00330,217823.06719002698,778826918.6973269,UTTARAKHAND,"Almora
","Almora
",330,45,5,330
331,05,064,00331,98704.92459058172,293476071.31086946,UTTARAKHAND,"Almora
",Someshwar,331,45,5,331
332,05,064,00332,100496.57178162283,245237814.57268092,UTTARAKHAND,"Almora
",Jainti,332,45,5,332
333,05,064,00333,135800.29199190415,454024917.6580118,UTTARAKHAND,"Almora
",Bhanoli,333,45,5,333
334,05,065,00334,181159.0047358822,598799252.3344672,UTTARAKHAND,Champawat,Champawat,334,48,5,334
335,05,065,00335,181542.78963470762,406314374.99082625,UTTARAKHAND,Champawat,Pati,335,48,5,335
336,05,065,00336,151904.1120052063,557247249.0964499,UTTARAKHAND,Champawat,Lohaghat,336,48,5,336
337,05,065,00337,181575.2156196788,771929235.7372848,UTTARAKHAND,Champawat,Poornagiri,337,48,5,337
338,05,066,00338,181287.4908670117,453473893.0235342,UTTARAKHAND,Nainital,Kosya Kutauli,338,51,5,338
339,05,066,00339,107149.07504408335,257554671.3556861,UTTARAKHAND,Nainital,Betalghat,339,51,5,339
340,05,066,00340,267467.57461337344,818516827.4570013,UTTARAKHAND,Nainital,Nainital,340,51,5,340
341,05,066,00341,209320.10563623076,848600030.6864771,UTTARAKHAND,Nainital,Dhari,341,51,5,341
342,05,066,00342,88676.83680115142,268097976.94067717,UTTARAKHAND,Nainital,"Haldwani
",342,51,5,342
343,05,066,00343,196113.427243494,1025049544.1151854,UTTARAKHAND,Nainital,Ramnagar,343,51,5,343
344,05,066,00344,115716.23108346957,497174851.8651848,UTTARAKHAND,Nainital,Kaladhungi,344,51,5,344
345,05,066,00345,215678.5320864457,1098390072.4637933,UTTARAKHAND,Nainital,Lalkuan,345,51,5,345
346,05,067,00347,192044.25730988308,624913982.983202,UTTARAKHAND,Udham Singh Nagar,Jaspur,347,56,5,346
347,05,067,00348,111102.58566053273,445300086.5682673,UTTARAKHAND,Udham Singh Nagar,Bajpur,348,56,5,347
348,05,067,00349,178750.12345767915,575932112.3104665,UTTARAKHAND,Udham Singh Nagar,Kichha,349,56,5,348
349,05,067,00350,115921.8829477513,470783422.447728,UTTARAKHAND,Udham Singh Nagar,Gadarpur,350,56,5,349
350,05,067,00351,154362.04543381176,573117409.466545,UTTARAKHAND,Udham Singh Nagar,Sitarganj,351,56,5,350
351,05,067,00352,199754.66605057783,817459853.2103257,UTTARAKHAND,Udham Singh Nagar,"Khatima
",352,56,5,351
352,05,068,00353,255991.0843237112,1382911597.8487866,UTTARAKHAND,Hardwar,Roorkee,353,50,5,352
353,05,068,00354,217220.119153071,1169635885.4165192,UTTARAKHAND,Hardwar,Hardwar,354,50,5,353
354,05,068,00355,144462.26361746533,504135101.2900706,UTTARAKHAND,Hardwar,"Laksar
",355,50,5,354
2166,19,327,02154,138376.72833150465,517415726.3544999,WEST BENGAL,Darjiling,Darjeeling Pulbazar,2154,309,19,2166
2167,19,327,02155,57020.330704972504,136315531.0045197,WEST BENGAL,Darjiling,Rangli Rangliot,2155,309,19,2167
2168,19,327,02159,84560.25938635248,259532819.31748036,WEST BENGAL,Darjiling,Jorebunglow Sukiapokhri,2159,309,19,2168
2169,19,327,02160,62431.160317579954,139296852.92231455,WEST BENGAL,Darjiling,Mirik,2160,309,19,2169
2170,19,327,02161,147841.4668939159,581077069.8380877,WEST BENGAL,Darjiling,Kurseong,2161,309,19,2170
2171,19,327,02162,80599.72991633159,149536146.8687071,WEST BENGAL,Darjiling,Matigara,2162,309,19,2171
2172,19,327,02163,124628.19241010823,236070185.0369096,WEST BENGAL,Darjiling,Naxalbari,2163,309,19,2172
2173,19,327,02164,126266.36308696253,385224536.9215927,WEST BENGAL,Darjiling,Phansidewa,2164,309,19,2173
2174,19,327,02165,89531.02768316063,159118462.24909118,WEST BENGAL,Darjiling,Kharibari,2165,309,19,2174
2175,19,328,02166,202728.4128547297,814390101.2347919,WEST BENGAL,Jalpaiguri,Rajganj,2166,314,19,2175
2176,19,328,02167,176870.04015324826,726594873.1998967,WEST BENGAL,Jalpaiguri,Mal,2167,314,19,2176
2177,19,328,02168,86748.77745508778,226953514.85287985,WEST BENGAL,Jalpaiguri,Matiali,2168,314,19,2177
2178,19,328,02169,148708.08344454403,504400735.2685541,WEST BENGAL,Jalpaiguri,Nagrakata,2169,314,19,2178
2179,19,328,02176,177549.91556575298,708620380.9950334,WEST BENGAL,Jalpaiguri,Dhupguri,2176,314,19,2179
2180,19,328,02177,151260.99045206772,638867587.1153048,WEST BENGAL,Jalpaiguri,Maynaguri,2177,314,19,2180
2181,19,328,02178,251584.60103548443,650721429.3136193,WEST BENGAL,Jalpaiguri,Jalpaiguri,2178,314,19,2181
2182,19,329,02179,84204.90934227739,181405449.8094164,WEST BENGAL,Koch Bihar,Haldibari,2179,308,19,2182
2183,19,329,02180,360248.459191093,418951544.7720104,WEST BENGAL,Koch Bihar,Mekliganj,2180,308,19,2183
2184,19,329,02181,195682.13399097486,402727462.9632865,WEST BENGAL,Koch Bihar,Mathabhanga - I,2181,308,19,2184
2185,19,329,02182,142216.98714217107,351071267.6153547,WEST BENGAL,Koch Bihar,Mathabhanga - II,2182,308,19,2185
2186,19,329,02183,167760.04200641005,441876252.24837774,WEST BENGAL,Koch Bihar,Cooch Behar - I,2183,308,19,2186
2187,19,329,02184,148356.3019652562,489351549.32777137,WEST BENGAL,Koch Bihar,Cooch Behar - II,2184,308,19,2187
2188,19,329,02185,196594.13123662822,409794884.2941964,WEST BENGAL,Koch Bihar,Tufanganj - I,2185,308,19,2188
2189,19,329,02186,156493.82751486485,316802230.44223505,WEST BENGAL,Koch Bihar,Tufanganj - II,2186,308,19,2189
2190,19,329,02187,134378.63702180926,359006354.6539175,WEST BENGAL,Koch Bihar,Dinhata - I,2187,308,19,2190
2191,19,329,02188,232630.5616195118,341127168.6676091,WEST BENGAL,Koch Bihar,Dinhata - II,2188,308,19,2191
2192,19,329,02189,98233.0223390559,194989099.44549164,WEST BENGAL,Koch Bihar,Sitai,2189,308,19,2192
2193,19,329,02190,160075.0270276171,329035245.2768525,WEST BENGAL,Koch Bihar,Sitalkuchi,2190,308,19,2193
2194,19,330,02191,172658.16326203322,464850735.02255976,WEST BENGAL,Uttar Dinajpur,Chopra,2191,311,19,2194
2195,19,330,02192,164733.84590485512,423349549.11280924,WEST BENGAL,Uttar Dinajpur,Islampur,2192,311,19,2195
2196,19,330,02193,190880.6247252743,437648369.8257846,WEST BENGAL,Uttar Dinajpur,Goalpokhar - I,2193,311,19,2196
2197,19,330,02194,152133.94055315765,382839831.491942,WEST BENGAL,Uttar Dinajpur,Goalpokhar - II,2194,311,19,2197
2198,19,330,02195,193330.15532795817,487395438.3960158,WEST BENGAL,Uttar Dinajpur,Karandighi,2195,311,19,2198
2199,19,330,02196,203119.6588343116,587647982.9851139,WEST BENGAL,Uttar Dinajpur,Raiganj,2196,311,19,2199
2200,19,330,02197,122872.07114550655,236049537.9873654,WEST BENGAL,Uttar Dinajpur,Hemtabad,2197,311,19,2200
2201,19,330,02198,150312.798322981,384155529.360898,WEST BENGAL,Uttar Dinajpur,Kaliaganj,2198,311,19,2201
2202,19,330,02199,206557.32057847833,458634873.0470839,WEST BENGAL,Uttar Dinajpur,Itahar,2199,311,19,2202
2203,19,331,02200,136773.26661850352,382563512.1152978,WEST BENGAL,Dakshin Dinajpur,Kushmundi,2200,310,19,2203
2204,19,331,02201,149097.02242096904,403154726.04833037,WEST BENGAL,Dakshin Dinajpur,Gangarampur,2201,310,19,2204
2205,19,331,02202,146381.51428822227,353143655.5579607,WEST BENGAL,Dakshin Dinajpur,Kumarganj,2202,310,19,2205
2206,19,331,02203,71719.7865504515,107469362.97672309,WEST BENGAL,Dakshin Dinajpur,Hilli,2203,310,19,2206
2207,19,331,02204,170036.75504554485,459195617.2175647,WEST BENGAL,Dakshin Dinajpur,Balurghat,2204,310,19,2207
2208,19,331,02205,172840.09107385488,542354517.3447427,WEST BENGAL,Dakshin Dinajpur,Tapan,2205,310,19,2208
2209,19,331,02206,109982.39696063082,237779274.37751383,WEST BENGAL,Dakshin Dinajpur,Bansihari,2206,310,19,2209
2210,19,331,02207,109313.64276143684,252441177.05528978,WEST BENGAL,Dakshin Dinajpur,Harirampur,2207,310,19,2210
2211,19,332,02208,101536.1728409657,212467554.76858512,WEST BENGAL,Maldah,Harischandrapur - I,2208,316,19,2211
2212,19,332,02209,141975.4157636142,271827826.7843864,WEST BENGAL,Maldah,Harischandrapur - II,2209,316,19,2212
2213,19,332,02210,96360.90643422761,206832366.46549866,WEST BENGAL,Maldah,Chanchal - I,2210,316,19,2213
2214,19,332,02211,138964.55084148172,242925706.52859196,WEST BENGAL,Maldah,Chanchal - II,2211,316,19,2214
2215,19,332,02212,110238.45322096985,281726995.8715285,WEST BENGAL,Maldah,Ratua - I,2212,316,19,2215
2216,19,332,02213,124288.49193218235,215769471.45952004,WEST BENGAL,Maldah,Ratua - II,2213,316,19,2216
2217,19,332,02214,166820.39813124947,633169945.5966865,WEST BENGAL,Maldah,Gazole,2214,316,19,2217
2218,19,332,02215,108991.94195274846,252048515.8272924,WEST BENGAL,Maldah,Bamangola,2215,316,19,2218
2219,19,332,02216,151452.137619118,485190669.421139,WEST BENGAL,Maldah,Habibpur,2216,316,19,2219
2220,19,332,02217,110880.20058523795,275097749.88664126,WEST BENGAL,Maldah,Maldah (Old),2217,316,19,2220
2221,19,332,02218,148619.3031067979,311847643.59888536,WEST BENGAL,Maldah,English Bazar,2218,316,19,2221
2222,19,332,02219,153725.0630163821,427999095.3660067,WEST BENGAL,Maldah,Manikchak,2219,316,19,2222
2223,19,332,02220,81397.76417858194,140000259.84967357,WEST BENGAL,Maldah,Kaliachak - I,2220,316,19,2223
2224,19,332,02221,103425.58920729831,171914277.99898905,WEST BENGAL,Maldah,Kaliachak - II,2221,316,19,2224
2225,19,332,02222,97442.29399713778,270135796.0183741,WEST BENGAL,Maldah,Kaliachak - III,2222,316,19,2225
2226,19,333,02223,114900.8382119341,204485681.8380358,WEST BENGAL,Murshidabad,Farakka,2223,319,19,2226
2227,19,333,02224,85592.64177999974,102164078.33864619,WEST BENGAL,Murshidabad,Samserganj,2224,319,19,2227
2228,19,333,02225,108293.68106965734,177293211.90992862,WEST BENGAL,Murshidabad,Suti - I,2225,319,19,2228
2229,19,333,02226,86383.08499835494,163273596.90085497,WEST BENGAL,Murshidabad,Suti - II,2226,319,19,2229
2230,19,333,02227,90249.36337055996,172002014.93419877,WEST BENGAL,Murshidabad,Raghunathganj - I,2227,319,19,2230
2231,19,333,02228,85323.58660495127,158478479.84884387,WEST BENGAL,Murshidabad,Raghunathganj - II,2228,319,19,2231
2232,19,333,02229,93585.2227541814,269488602.10646826,WEST BENGAL,Murshidabad,Lalgola,2229,319,19,2232
2233,19,333,02230,146302.5259604754,422197425.31910735,WEST BENGAL,Murshidabad,Sagardighi,2230,319,19,2233
2234,19,333,02231,98639.30438341883,171540337.0620566,WEST BENGAL,Murshidabad,Bhagawangola - I,2231,319,19,2234
2235,19,333,02232,104581.78979489635,207901937.2198544,WEST BENGAL,Murshidabad,Bhagawangola - II,2232,319,19,2235
2236,19,333,02233,100507.24299118228,242647374.70347634,WEST BENGAL,Murshidabad,Raninagar - II,2233,319,19,2236
2237,19,333,02234,88003.28213144558,279204523.78126365,WEST BENGAL,Murshidabad,Jalangi,2234,319,19,2237
2238,19,333,02235,157220.3797230838,371049820.8627539,WEST BENGAL,Murshidabad,Domkal,2235,319,19,2238
2239,19,333,02236,90555.44531031667,181588340.68265852,WEST BENGAL,Murshidabad,Raninagar - I,2236,319,19,2239
2240,19,333,02237,120506.93296974634,246892986.19793224,WEST BENGAL,Murshidabad,Murshidabad Jiaganj,2237,319,19,2240
2241,19,333,02238,144509.69109007058,374409138.01856524,WEST BENGAL,Murshidabad,Nabagram,2238,319,19,2241
2242,19,333,02239,147835.16974994907,381395683.2903433,WEST BENGAL,Murshidabad,Khargram,2239,319,19,2242
2243,19,333,02240,159518.8953695624,286481923.01358753,WEST BENGAL,Murshidabad,Kandi,2240,319,19,2243
2244,19,333,02241,211533.85224277005,394472302.7102964,WEST BENGAL,Murshidabad,Berhampore,2241,319,19,2244
2245,19,333,02242,111782.00345655426,302173784.67999715,WEST BENGAL,Murshidabad,Hariharpara,2242,319,19,2245
2246,19,333,02243,119560.28741880033,278453655.2708105,WEST BENGAL,Murshidabad,Nawda,2243,319,19,2246
2247,19,333,02244,106941.18481977406,216167884.22649384,WEST BENGAL,Murshidabad,Beldanga - I,2244,319,19,2247
2248,19,333,02245,108751.30021020991,240326352.06265616,WEST BENGAL,Murshidabad,Beldanga - II,2245,319,19,2248
2249,19,333,02246,88461.88807535326,191407964.41546732,WEST BENGAL,Murshidabad,Bharatpur - II,2246,319,19,2249
2250,19,333,02247,116838.91445239552,220854182.2840829,WEST BENGAL,Murshidabad,Bharatpur - I,2247,319,19,2250
2251,19,333,02248,131205.31379527022,336459573.46015936,WEST BENGAL,Murshidabad,Burwan,2248,319,19,2251
2252,19,334,02249,137835.47342490146,207225966.4778592,WEST BENGAL,Birbhum,Murarai - I,2249,307,19,2252
2253,19,334,02250,109074.03619789881,227939943.342803,WEST BENGAL,Birbhum,Murarai - II,2250,307,19,2253
2254,19,334,02251,127891.9390536719,299798088.5213645,WEST BENGAL,Birbhum,Nalhati - I,2251,307,19,2254
2255,19,334,02252,83794.55220498325,132548733.13382788,WEST BENGAL,Birbhum,Nalhati - II,2252,307,19,2255
2256,19,334,02253,168509.0753795079,352218607.2300658,WEST BENGAL,Birbhum,Rampurhat - I,2253,307,19,2256
2257,19,334,02254,145778.30729006018,220035674.49511963,WEST BENGAL,Birbhum,Rampurhat - II,2254,307,19,2257
2258,19,334,02255,131126.09532564733,270603449.6078981,WEST BENGAL,Birbhum,Mayureswar - I,2255,307,19,2258
2259,19,334,02256,95293.63079937588,188046151.05563074,WEST BENGAL,Birbhum,Mayureswar - II,2256,307,19,2259
2260,19,334,02257,126031.44102954792,380850738.8654529,WEST BENGAL,Birbhum,Mohammad Bazar,2257,307,19,2260
2261,19,334,02258,119292.66527251588,263073256.64690128,WEST BENGAL,Birbhum,Rajnagar,2258,307,19,2261
2262,19,334,02259,117496.07987617207,195558215.19258654,WEST BENGAL,Birbhum,Suri - I,2259,307,19,2262
2263,19,334,02260,113997.68427494132,186140499.51739463,WEST BENGAL,Birbhum,Suri - II,2260,307,19,2263
2264,19,334,02261,175516.28529361828,354442076.4242693,WEST BENGAL,Birbhum,Sainthia,2261,307,19,2264
2265,19,334,02262,118823.73074888893,323204042.3452224,WEST BENGAL,Birbhum,Labpur,2262,307,19,2265
2266,19,334,02263,131930.06978231986,377932985.8912563,WEST BENGAL,Birbhum,Nanoor,2263,307,19,2266
2267,19,334,02264,160778.42544068696,390581779.5130462,WEST BENGAL,Birbhum,Bolpur Sriniketan,2264,307,19,2267
2268,19,334,02265,143210.87373655033,328231884.5734116,WEST BENGAL,Birbhum,Illambazar,2265,307,19,2268
2269,19,334,02266,140544.70474443,433715731.30123824,WEST BENGAL,Birbhum,Dubrajpur,2266,307,19,2269
2270,19,334,02267,158900.16244347492,332156377.54148257,WEST BENGAL,Birbhum,Khoyrasol,2267,307,19,2270
2271,19,335,02276,183411.73461955276,430073956.5957509,WEST BENGAL,Purba Bardhaman,Ausgram - II,2276,306,19,2271
2272,19,335,02277,146338.9450773113,293742778.73113126,WEST BENGAL,Purba Bardhaman,Ausgram - I,2277,306,19,2272
2273,19,335,02278,175724.45454161635,440459980.3000805,WEST BENGAL,Purba Bardhaman,Mangolkote,2278,306,19,2273
2274,19,335,02279,110014.79567215354,234746745.98155513,WEST BENGAL,Purba Bardhaman,Ketugram - I,2279,306,19,2274
2275,19,335,02280,107814.21115888093,190815451.43134037,WEST BENGAL,Purba Bardhaman,Ketugram - II,2280,306,19,2275
2276,19,335,02281,128534.49990747099,215003144.81422457,WEST BENGAL,Purba Bardhaman,Katwa - I,2281,306,19,2276
2277,19,335,02282,114812.41732632286,195506183.33140895,WEST BENGAL,Purba Bardhaman,Katwa - II,2282,306,19,2277
2278,19,335,02283,91444.36985306145,178416461.93390092,WEST BENGAL,Purba Bardhaman,Purbasthali - I,2283,306,19,2278
2279,19,335,02284,118906.02548602306,234561013.0896832,WEST BENGAL,Purba Bardhaman,Purbasthali - II,2284,306,19,2279
2280,19,335,02285,145058.96058761756,367931547.7101298,WEST BENGAL,Purba Bardhaman,Manteswar,2285,306,19,2280
2281,19,335,02286,177885.9167495486,493892224.2857296,WEST BENGAL,Purba Bardhaman,Bhatar,2286,306,19,2281
2282,19,335,02287,129529.15983785242,304859380.96547055,WEST BENGAL,Purba Bardhaman,Galsi - I,2287,306,19,2282
2283,19,335,02288,110276.38431007395,261158923.16598696,WEST BENGAL,Purba Bardhaman,Galsi - II,2288,306,19,2283
2284,19,335,02289,167263.21115616916,311171010.6595903,WEST BENGAL,Purba Bardhaman,Burdwan - I,2289,306,19,2284
2285,19,335,02290,135790.07010345178,223812499.65193024,WEST BENGAL,Purba Bardhaman,Burdwan - II,2290,306,19,2285
2286,19,335,02291,121421.93381737858,236158005.69543895,WEST BENGAL,Purba Bardhaman,Memari - I,2291,306,19,2286
2287,19,335,02292,157979.28767026463,227049477.139434,WEST BENGAL,Purba Bardhaman,Memari - II,2292,306,19,2287
2288,19,335,02293,103869.24413119994,208200213.19537196,WEST BENGAL,Purba Bardhaman,Kalna - I,2293,306,19,2288
2289,19,335,02294,102996.53199503811,207903314.66721284,WEST BENGAL,Purba Bardhaman,Kalna - II,2294,306,19,2289
2290,19,335,02295,127326.24422428981,312020641.43843126,WEST BENGAL,Purba Bardhaman,Jamalpur,2295,306,19,2290
2291,19,335,02296,109669.04823889778,306349577.9699129,WEST BENGAL,Purba Bardhaman,Raina - I,2296,306,19,2291
2292,19,335,02297,134093.75076893272,309654943.2760072,WEST BENGAL,Purba Bardhaman,Khandaghosh,2297,306,19,2292
2293,19,335,02298,125852.25262348003,266410950.66780227,WEST BENGAL,Purba Bardhaman,Raina - II,2298,306,19,2293
2294,19,336,02299,127353.62623839924,239184898.83667806,WEST BENGAL,Nadia,Karimpur - I,2299,320,19,2294
2295,19,336,02300,138180.6827790332,276866248.193028,WEST BENGAL,Nadia,Karimpur - II,2300,320,19,2295
2296,19,336,02301,133922.99848033086,301741239.86296946,WEST BENGAL,Nadia,Tehatta - I,2301,320,19,2296
2297,19,336,02302,100567.60247087866,208508723.9332876,WEST BENGAL,Nadia,Tehatta - II,2302,320,19,2297
2298,19,336,02303,117201.29756005006,389008578.5741324,WEST BENGAL,Nadia,Kaliganj,2303,320,19,2298
2299,19,336,02304,144763.3938815884,434596155.1472563,WEST BENGAL,Nadia,Nakashipara,2304,320,19,2299
2300,19,336,02305,159468.66588708237,364516186.3917123,WEST BENGAL,Nadia,Chapra,2305,320,19,2300
2301,19,336,02306,100843.01102135897,154979011.84222656,WEST BENGAL,Nadia,Krishnagar - II,2306,320,19,2301
2302,19,336,02307,88810.95433253201,124175199.68859823,WEST BENGAL,Nadia,Nabadwip,2307,320,19,2302
2303,19,336,02308,160084.98231869924,334331535.26339954,WEST BENGAL,Nadia,Krishnagar - I,2308,320,19,2303
2304,19,336,02309,125387.32089683606,182064884.0545248,WEST BENGAL,Nadia,Krishnaganj,2309,320,19,2304
2305,19,336,02310,137962.5593273182,293146425.85117495,WEST BENGAL,Nadia,Hanskhali,2310,320,19,2305
2306,19,336,02311,115837.24180640912,236962726.8458273,WEST BENGAL,Nadia,Santipur,2311,320,19,2306
2307,19,336,02312,106841.91714699056,195895855.69807002,WEST BENGAL,Nadia,Ranaghat - I,2312,320,19,2307
2308,19,336,02313,132634.1524296759,334900381.5716586,WEST BENGAL,Nadia,Ranaghat - II,2313,320,19,2308
2309,19,336,02314,164925.07650953167,399290458.3378848,WEST BENGAL,Nadia,Chakdah,2314,320,19,2309
2310,19,336,02315,103694.06034347405,199854882.2617914,WEST BENGAL,Nadia,Haringhata,2315,320,19,2310
2311,19,337,02316,162726.23891772446,277228876.9344446,WEST BENGAL,North Twenty Four Parganas,Bagda,2316,303,19,2311
2312,19,337,02317,155214.13614946356,417141517.01166344,WEST BENGAL,North Twenty Four Parganas,Bongaon,2317,303,19,2312
2313,19,337,02318,117508.79327661142,293008251.47940296,WEST BENGAL,North Twenty Four Parganas,Gaighata,2318,303,19,2313
2314,19,337,02319,109818.58646507328,255456294.1102263,WEST BENGAL,North Twenty Four Parganas,Swarupnagar,2319,303,19,2314
2315,19,337,02320,106693.96997835526,176196599.22614637,WEST BENGAL,North Twenty Four Parganas,Habra - I,2320,303,19,2315
2316,19,337,02321,93945.51151563505,158351911.2590023,WEST BENGAL,North Twenty Four Parganas,Habra - II,2321,303,19,2316
2317,19,337,02322,99351.4427629708,163829337.6356346,WEST BENGAL,North Twenty Four Parganas,Amdanga,2322,303,19,2317
2318,19,337,02323,92239.8293142128,185192913.51670328,WEST BENGAL,North Twenty Four Parganas,Barrackpur - I,2323,303,19,2318
2319,19,337,02324,80071.19504315007,187040629.22204146,WEST BENGAL,North Twenty Four Parganas,Barrackpur - II,2324,303,19,2319
2320,19,337,02325,85025.21920117337,149281690.07295266,WEST BENGAL,North Twenty Four Parganas,Barasat - I,2325,303,19,2320
2321,19,337,02326,89754.05856681897,169516668.64927477,WEST BENGAL,North Twenty Four Parganas,Barasat - II,2326,303,19,2321
2322,19,337,02327,111117.53073127322,234221178.10973978,WEST BENGAL,North Twenty Four Parganas,Deganga,2327,303,19,2322
2323,19,337,02328,108804.61763418073,242667015.28151187,WEST BENGAL,North Twenty Four Parganas,Baduria,2328,303,19,2323
2324,19,337,02329,94659.74813777092,149920372.76928106,WEST BENGAL,North Twenty Four Parganas,Basirhat - I,2329,303,19,2324
2325,19,337,02330,88438.521981212,163493873.87544993,WEST BENGAL,North Twenty Four Parganas,Basirhat - II,2330,303,19,2325
2326,19,337,02331,88831.53600557831,187248175.64582527,WEST BENGAL,North Twenty Four Parganas,Haroa,2331,303,19,2326
2327,19,337,02332,87109.51565727896,162502461.93074927,WEST BENGAL,North Twenty Four Parganas,Rajarhat,2332,303,19,2327
2328,19,337,02333,104811.58189498087,184371127.18981037,WEST BENGAL,North Twenty Four Parganas,Minakhan,2333,303,19,2328
2329,19,337,02334,93939.52253184814,211221497.51140887,WEST BENGAL,North Twenty Four Parganas,Sandeshkhali - I,2334,303,19,2329
2330,19,337,02335,92595.34179690668,232823537.83527812,WEST BENGAL,North Twenty Four Parganas,Sandeshkhali - II,2335,303,19,2330
2331,19,337,02336,99719.22870597058,203428022.9102715,WEST BENGAL,North Twenty Four Parganas,Hasnabad,2336,303,19,2331
2332,19,337,02337,149204.59209398137,330355733.5620245,WEST BENGAL,North Twenty Four Parganas,Hingalganj,2337,303,19,2332
2333,19,343,02337,161764.90170477668,463944702.5491849,WEST BENGAL,South Twenty Four Parganas,Hingalganj,2337,304,19,2333
2334,19,338,02338,94408.9815407946,223499168.00063705,WEST BENGAL,Hugli,Goghat - I,2338,312,19,2334
2335,19,338,02339,152309.77281622725,224506148.42973998,WEST BENGAL,Hugli,Goghat - II,2339,312,19,2335
2336,19,338,02340,135835.39215675934,359080293.84912026,WEST BENGAL,Hugli,Arambag,2340,312,19,2336
2337,19,338,02341,74492.90360287139,120447574.57658266,WEST BENGAL,Hugli,Pursura,2341,312,19,2337
2338,19,338,02342,73737.29257054925,142291820.26380464,WEST BENGAL,Hugli,Tarakeswar,2342,312,19,2338
2339,19,338,02343,136728.9284666057,323335660.65858424,WEST BENGAL,Hugli,Dhaniakhali,2343,312,19,2339
2340,19,338,02344,129931.56196393797,341375237.84677273,WEST BENGAL,Hugli,Pandua,2344,312,19,2340
2341,19,338,02345,113994.42305653958,232859403.0913022,WEST BENGAL,Hugli,Balagarh,2345,312,19,2341
2342,19,338,02346,99937.8244638052,113698661.9134432,WEST BENGAL,Hugli,Chinsurah - Magra,2346,312,19,2342
2343,19,338,02347,118738.87056939349,340283094.452652,WEST BENGAL,Hugli,Polba - Dadpur,2347,312,19,2343
2344,19,338,02348,111849.50881368258,220543258.53604686,WEST BENGAL,Hugli,Haripal,2348,312,19,2344
2345,19,338,02349,108841.53152458931,236359357.42583963,WEST BENGAL,Hugli,Singur,2349,312,19,2345
2346,19,338,02350,62545.93603024486,100385544.37363124,WEST BENGAL,Hugli,Serampur Uttarpara,2350,312,19,2346
2347,19,338,02351,76128.14781440956,110322332.63079263,WEST BENGAL,Hugli,Chanditala - I,2351,312,19,2347
2348,19,338,02352,60906.9411963996,83710966.1506579,WEST BENGAL,Hugli,Chanditala - II,2352,312,19,2348
2349,19,338,02353,96747.38719529916,190230350.16411027,WEST BENGAL,Hugli,Jangipara,2353,312,19,2349
2350,19,338,02354,93814.14353723013,205108074.073374,WEST BENGAL,Hugli,Khanakul - I,2354,312,19,2350
2351,19,338,02355,71114.96420026502,146062048.57387432,WEST BENGAL,Hugli,Khanakul - II,2355,312,19,2351
2352,19,339,02356,120111.50755275754,382404575.5197808,WEST BENGAL,Bankura,Saltora,2356,305,19,2352
2353,19,339,02357,92076.61556355222,195944656.6165874,WEST BENGAL,Bankura,Mejhia,2357,305,19,2353
2354,19,339,02358,138777.90720518463,447385860.33884895,WEST BENGAL,Bankura,Gangajalghati,2358,305,19,2354
2355,19,339,02359,163022.18790795468,534570066.13051677,WEST BENGAL,Bankura,Chhatna,2359,305,19,2355
2356,19,339,02360,132774.16004625527,357122995.99436694,WEST BENGAL,Bankura,Indpur,2360,305,19,2356
2357,19,339,02361,97801.94971300251,225276371.66001657,WEST BENGAL,Bankura,Bankura - I,2361,305,19,2357
2358,19,339,02362,132070.992059566,263610160.23636886,WEST BENGAL,Bankura,Bankura - II,2362,305,19,2358
2359,19,339,02363,130662.37913936032,470054464.7021467,WEST BENGAL,Bankura,Barjora,2363,305,19,2359
2360,19,339,02364,131692.0062889924,452404400.25313014,WEST BENGAL,Bankura,Sonamukhi,2364,305,19,2360
2361,19,339,02365,119442.34924109119,393323372.5079059,WEST BENGAL,Bankura,Patrasayer,2365,305,19,2361
2362,19,339,02366,138572.00381854325,309193033.88493955,WEST BENGAL,Bankura,Indus,2366,305,19,2362
2363,19,339,02367,110486.91580010919,295690510.24877584,WEST BENGAL,Bankura,Kotulpur,2367,305,19,2363
2364,19,339,02368,118449.3610670044,308839316.7303465,WEST BENGAL,Bankura,Jaypur,2368,305,19,2364
2365,19,339,02369,161145.3414224246,448561127.28709686,WEST BENGAL,Bankura,Vishnupur,2369,305,19,2365
2366,19,339,02370,188670.61494373498,598145924.3473645,WEST BENGAL,Bankura,Onda,2370,305,19,2366
2367,19,339,02371,172607.98153272964,416953490.5010026,WEST BENGAL,Bankura,Taldangra,2371,305,19,2367
2368,19,339,02372,108883.97236340026,366345413.85881674,WEST BENGAL,Bankura,Simlapal,2372,305,19,2368
2369,19,339,02373,104150.93951478496,270913674.7709481,WEST BENGAL,Bankura,Khatra,2373,305,19,2369
2370,19,339,02374,95635.24189913474,233213829.21626475,WEST BENGAL,Bankura,Hirbandh,2374,305,19,2370
2371,19,339,02375,162630.5433737427,517011993.685796,WEST BENGAL,Bankura,Ranibundh,2375,305,19,2371
2372,19,339,02376,140019.04794752714,435283059.11525166,WEST BENGAL,Bankura,Raipur,2376,305,19,2372
2373,19,339,02377,109161.58519392688,265655263.0366296,WEST BENGAL,Bankura,Sarenga,2377,305,19,2373
2374,19,340,02378,122705.9255602857,275957446.82240194,WEST BENGAL,Puruliya,Jaipur,2378,321,19,2374
2375,19,340,02379,122110.40914623071,389165818.376711,WEST BENGAL,Puruliya,Purulia - II,2379,321,19,2375
2376,19,340,02380,112825.30465943541,366556299.2052637,WEST BENGAL,Puruliya,Para,2380,321,19,2376
2377,19,340,02381,118296.5927809676,237642798.18048543,WEST BENGAL,Puruliya,Raghunathpur - II,2381,321,19,2377
2378,19,340,02382,136576.43737506366,230789021.93185902,WEST BENGAL,Puruliya,Raghunathpur - I,2382,321,19,2378
2379,19,340,02383,101252.21975929786,239626633.27936497,WEST BENGAL,Puruliya,Neturia,2383,321,19,2379
2380,19,340,02384,94352.75710069884,215723387.0309354,WEST BENGAL,Puruliya,Santuri,2384,321,19,2380
2381,19,340,02385,156806.93616911923,542389031.513685,WEST BENGAL,Puruliya,Kashipur,2385,321,19,2381
2382,19,340,02386,147616.17999286056,464383576.22069967,WEST BENGAL,Puruliya,Hura,2386,321,19,2382
2383,19,340,02387,153803.2798775621,336549723.4356885,WEST BENGAL,Puruliya,Purulia - I,2387,321,19,2383
2384,19,340,02388,145017.11821055092,389524106.3988779,WEST BENGAL,Puruliya,Puncha,2388,321,19,2384
2385,19,340,02389,131632.08691678624,442694699.8295513,WEST BENGAL,Puruliya,Arsha,2389,321,19,2385
2386,19,340,02390,133249.84693810096,382206175.9060971,WEST BENGAL,Puruliya,Jhalda - I,2390,321,19,2386
2387,19,340,02391,105609.16909994598,305316737.9824841,WEST BENGAL,Puruliya,Jhalda - II,2391,321,19,2387
2388,19,340,02392,137399.46670927916,539631482.4720705,WEST BENGAL,Puruliya,Bagmundi,2392,321,19,2388
2389,19,340,02393,105408.62153821057,348943196.2521996,WEST BENGAL,Puruliya,Balarampur,2393,321,19,2389
2390,19,340,02394,167677.30445735593,504511587.3608257,WEST BENGAL,Puruliya,Barabazar,2394,321,19,2390
2391,19,340,02395,154398.09678502855,454139906.2895421,WEST BENGAL,Puruliya,Manbazar - I,2395,321,19,2391
2392,19,340,02396,118908.49868699402,339148044.9264633,WEST BENGAL,Puruliya,Manbazar - II,2396,321,19,2392
2393,19,340,02397,158007.8649784404,441404446.4555555,WEST BENGAL,Puruliya,Bundwan,2397,321,19,2393
2394,19,341,02398,66813.20989125362,131134219.21813911,WEST BENGAL,Haora,Udaynarayanpur,2398,313,19,2394
2395,19,341,02399,66332.23397611131,162315032.11063343,WEST BENGAL,Haora,Amta - II,2399,313,19,2395
2396,19,341,02400,95594.84501365708,141609057.32320562,WEST BENGAL,Haora,Amta - I,2400,313,19,2396
2397,19,341,02401,90287.84435625457,154669555.7872452,WEST BENGAL,Haora,Jagatballavpur,2401,313,19,2397
2398,19,341,02402,73000.61940487196,122581134.64470832,WEST BENGAL,Haora,Domjur,2402,313,19,2398
2399,19,341,02403,37703.54639059062,36582349.17687471,WEST BENGAL,Haora,Bally Jagachha,2403,313,19,2399
2400,19,341,02404,59992.47790468956,70862627.93506299,WEST BENGAL,Haora,Sankrail,2404,313,19,2400
2401,19,341,02405,73242.40500008716,85334686.03594762,WEST BENGAL,Haora,Panchla,2405,313,19,2401
2402,19,341,02406,74551.13329925167,84460471.25109223,WEST BENGAL,Haora,Uluberia - II,2406,313,19,2402
2403,19,341,02407,94808.24011450162,164786176.07140073,WEST BENGAL,Haora,Uluberia - I,2407,313,19,2403
2404,19,341,02408,62123.42022232299,99043024.88597228,WEST BENGAL,Haora,Bagnan - I,2408,313,19,2404
2405,19,341,02409,69675.08825258218,99324825.09105857,WEST BENGAL,Haora,Bagnan - II,2409,313,19,2405
2406,19,341,02410,76606.10371359752,158310945.1780225,WEST BENGAL,Haora,Shyampur - I,2410,313,19,2406
2407,19,341,02411,61120.251438361745,130617221.18913677,WEST BENGAL,Haora,Shyampur - II,2411,313,19,2407
2408,19,341,05929,45052.97957713476,64686865.63134958,WEST BENGAL,Haora,Haora,0,313,19,2408
2409,19,343,02412,90551.59918599845,150363267.31117356,WEST BENGAL,South Twenty Four Parganas,Thakurpukur Mahestola,2412,304,19,2409
2410,19,343,02413,44532.62751035061,68352047.54354388,WEST BENGAL,South Twenty Four Parganas,Budge Budge - I,2413,304,19,2410
2411,19,343,02414,64571.75363232006,94702605.2849828,WEST BENGAL,South Twenty Four Parganas,Budge Budge - II,2414,304,19,2411
2412,19,343,02415,92577.16630603051,142826723.67772672,WEST BENGAL,South Twenty Four Parganas,Bishnupur - I,2415,304,19,2412
2413,19,343,02416,72976.3230208073,97625786.3758391,WEST BENGAL,South Twenty Four Parganas,Bishnupur - II,2416,304,19,2413
2414,19,343,02417,117399.24354970785,276839252.6718866,WEST BENGAL,South Twenty Four Parganas,Sonarpur,2417,304,19,2414
2415,19,343,02418,75249.12871696343,182218711.2842167,WEST BENGAL,South Twenty Four Parganas,Bhangar - I,2418,304,19,2415
2416,19,343,02419,85400.28674583485,162443055.56227303,WEST BENGAL,South Twenty Four Parganas,Bhangar - II,2419,304,19,2416
2417,19,343,02420,89686.61428775596,200993094.50430417,WEST BENGAL,South Twenty Four Parganas,Canning - I,2420,304,19,2417
2418,19,343,02421,122544.1077132274,294449499.08381367,WEST BENGAL,South Twenty Four Parganas,Canning - II,2421,304,19,2418
2419,19,343,02422,114300.73025083974,254883124.03016433,WEST BENGAL,South Twenty Four Parganas,Baruipur,2422,304,19,2419
2420,19,343,02423,88335.40797254129,161039239.09767196,WEST BENGAL,South Twenty Four Parganas,Magrahat - II,2423,304,19,2420
2421,19,343,02424,118460.99217067877,137583179.51000667,WEST BENGAL,South Twenty Four Parganas,Magrahat - I,2424,304,19,2421
2422,19,343,02425,83579.98557996056,163155976.26570445,WEST BENGAL,South Twenty Four Parganas,Falta,2425,304,19,2422
2423,19,343,02426,71012.76445589273,95198379.74183142,WEST BENGAL,South Twenty Four Parganas,Diamond Harbour - I,2426,304,19,2423
2424,19,343,02427,70775.35083469789,117925531.13012032,WEST BENGAL,South Twenty Four Parganas,Diamond Harbour - II,2427,304,19,2424
2425,19,343,02429,90989.73537603788,140380751.9890581,WEST BENGAL,South Twenty Four Parganas,Mandirbazar,2429,304,19,2425
2426,19,343,02430,112208.9430949961,175126293.28196654,WEST BENGAL,South Twenty Four Parganas,Mathurapur - I,2430,304,19,2426
2427,19,343,02431,89277.76191626315,157235916.1211317,WEST BENGAL,South Twenty Four Parganas,Jaynagar - I,2431,304,19,2427
2428,19,343,02432,107494.4981712265,207291386.4523566,WEST BENGAL,South Twenty Four Parganas,Jaynagar - II,2432,304,19,2428
2429,19,343,02433,1008863.1719250067,1589197958.7564926,WEST BENGAL,South Twenty Four Parganas,Kultali,2433,304,19,2429
2430,19,343,02434,250566.2690407033,870217616.7689531,WEST BENGAL,South Twenty Four Parganas,Basanti,2434,304,19,2430
2431,19,343,02435,153929.45776464808,381649553.8867464,WEST BENGAL,South Twenty Four Parganas,Gosaba,2435,304,19,2431
2432,19,343,02436,144908.7193537433,243170923.98208886,WEST BENGAL,South Twenty Four Parganas,Mathurapur - II,2436,304,19,2432
2433,19,343,02437,214668.84385841258,666694345.890158,WEST BENGAL,South Twenty Four Parganas,Kakdwip,2437,304,19,2433
2434,19,343,02438,242533.38562071853,339193327.4262577,WEST BENGAL,South Twenty Four Parganas,Sagar,2438,304,19,2434
2435,19,343,02439,255269.25955203886,254449285.6417932,WEST BENGAL,South Twenty Four Parganas,Namkhana,2439,304,19,2435
2436,19,343,02440,479484.88694079965,673450841.2709236,WEST BENGAL,South Twenty Four Parganas,Patharpratima,2440,304,19,2436
2437,19,342,05930,69716.4334273573,116181139.9247469,WEST BENGAL,South Twenty Four Parganas,Kolkata,0,315,19,2437
2438,19,344,02443,115418.94066505757,456270807.0337075,WEST BENGAL,Medinipur West,Garbeta - II,2443,318,19,2438
2439,19,344,02444,148139.93300511458,431359416.228709,WEST BENGAL,Medinipur West,Garbeta - I,2444,318,19,2439
2440,19,344,02445,134738.23026388887,369957200.1500198,WEST BENGAL,Medinipur West,Garbeta - III,2445,318,19,2440
2441,19,344,02446,150887.2368204013,263119293.6704144,WEST BENGAL,Medinipur West,Chandrakona - I,2446,318,19,2441
2442,19,344,02447,114540.46308346423,203502776.05627882,WEST BENGAL,Medinipur West,Chandrakona - II,2447,318,19,2442
2443,19,344,02448,115468.45397432231,270970007.8952693,WEST BENGAL,Medinipur West,Ghatal,2448,318,19,2443
2444,19,344,02449,103976.02598831539,201409318.47817558,WEST BENGAL,Medinipur West,Daspur - I,2449,318,19,2444
2445,19,344,02450,83166.63979777294,195386014.14022544,WEST BENGAL,Medinipur West,Daspur - II,2450,318,19,2445
2446,19,344,02451,133110.41198292817,573773985.7620968,WEST BENGAL,Medinipur West,Keshpur,2451,318,19,2446
2447,19,344,02452,116828.79193564592,652614784.286602,WEST BENGAL,Medinipur West,Salbani,2452,318,19,2447
2448,19,344,02453,156326.79601820497,400194937.1430319,WEST BENGAL,Medinipur West,Midnapore,2453,318,19,2448
2449,19,344,02460,122407.59764989914,374956703.1202769,WEST BENGAL,Medinipur West,Kharagpur - I,2460,318,19,2449
2450,19,344,02461,130911.87692512947,313207476.7555783,WEST BENGAL,Medinipur West,Kharagpur - II,2461,318,19,2450
2451,19,344,02462,115001.45645534476,402994132.14099866,WEST BENGAL,Medinipur West,Debra,2462,318,19,2451
2452,19,344,02463,107835.18257682468,268937366.2757458,WEST BENGAL,Medinipur West,Pingla,2463,318,19,2452
2453,19,344,02464,111793.9805880313,366074544.32663625,WEST BENGAL,Medinipur West,Sabang,2464,318,19,2453
2454,19,344,02465,159853.9140226197,599958087.0764011,WEST BENGAL,Medinipur West,Narayangarh,2465,318,19,2454
2455,19,344,02466,131037.21402998702,349864145.8569926,WEST BENGAL,Medinipur West,Keshiary,2466,318,19,2455
2456,19,344,02467,125314.36525821376,300983096.5937883,WEST BENGAL,Medinipur West,Dantan - I,2467,318,19,2456
2457,19,344,02468,113555.94579598059,218230784.14401194,WEST BENGAL,Medinipur West,Dantan - II,2468,318,19,2457
2458,19,344,02469,92927.02936385991,163547675.08520514,WEST BENGAL,Medinipur West,Mohanpur,2469,318,19,2458
2459,19,345,02470,100094.77039322782,293057894.0548454,WEST BENGAL,Purba Medinipur,Panskura,2470,317,19,2459
2460,19,345,02471,83440.52608079695,186603510.93881327,WEST BENGAL,Purba Medinipur,Kolaghat,2471,317,19,2460
2461,19,345,02472,82349.47310480608,163903545.20252004,WEST BENGAL,Purba Medinipur,Tamluk,2472,317,19,2461
2462,19,345,02473,66611.84345912229,128797236.16311143,WEST BENGAL,Purba Medinipur,Sahid Matangini,2473,317,19,2462
2463,19,345,02474,85790.05071053041,199591681.6190042,WEST BENGAL,Purba Medinipur,Nanda Kumar,2474,317,19,2463
2464,19,345,02475,84700.10716611017,160360857.39203027,WEST BENGAL,Purba Medinipur,Mahisadal,2475,317,19,2464
2465,19,345,02476,67565.2894519662,174692032.11171806,WEST BENGAL,Purba Medinipur,Moyna,2476,317,19,2465
2466,19,345,02477,108727.9602570597,192174886.07543564,WEST BENGAL,Purba Medinipur,Potashpur - I,2477,317,19,2466
2467,19,345,02478,101449.84778796263,226552615.9787424,WEST BENGAL,Purba Medinipur,Potashpur - II,2478,317,19,2467
2468,19,345,02479,120732.57547430598,213050491.63992512,WEST BENGAL,Purba Medinipur,Bhagawanpur - II,2479,317,19,2468
2469,19,345,02480,97396.0154817428,216003920.23125654,WEST BENGAL,Purba Medinipur,Bhagawanpur - I,2480,317,19,2469
2470,19,345,02481,63892.27040598454,154352965.84951925,WEST BENGAL,Purba Medinipur,Chandipur,2481,317,19,2470
2471,19,345,02482,62007.73577435043,125689170.71655817,WEST BENGAL,Purba Medinipur,Sutahata,2482,317,19,2471
2472,19,345,02483,70698.3264877101,157455617.85550448,WEST BENGAL,Purba Medinipur,Haldia,2483,317,19,2472
2473,19,343,02483,16958.787261146234,17623592.19215296,WEST BENGAL,South Twenty Four Parganas,Haldia,2483,304,19,2473
2474,19,345,02484,71259.41771861525,203379945.85757762,WEST BENGAL,Purba Medinipur,Nandigram - I,2484,317,19,2474
2475,19,345,02485,79085.05862107914,136946164.90182713,WEST BENGAL,Purba Medinipur,Nandigram - II,2485,317,19,2475
2476,19,345,02486,75573.76781502542,145626650.15360785,WEST BENGAL,Purba Medinipur,Khejuri - I,2486,317,19,2476
2477,19,345,02487,71926.67588473123,146316085.94739306,WEST BENGAL,Purba Medinipur,Khejuri - II,2487,317,19,2477
2478,19,343,02487,36981.90045423952,15570598.720408615,WEST BENGAL,South Twenty Four Parganas,Khejuri - II,2487,304,19,2478
2479,19,345,02488,96630.57766826545,182406766.39749062,WEST BENGAL,Purba Medinipur,Contai - I,2488,317,19,2479
2480,19,345,02489,92248.26808217162,223041965.68057665,WEST BENGAL,Purba Medinipur,Deshopran,2489,317,19,2480
2481,19,343,02489,5571.269193168199,1372603.4327471368,WEST BENGAL,South Twenty Four Parganas,Deshopran,2489,304,19,2481
2482,19,345,02490,97040.3115811086,195167802.8997333,WEST BENGAL,Purba Medinipur,Contai - III,2490,317,19,2482
2483,19,345,02491,126754.92807714907,253878870.3886692,WEST BENGAL,Purba Medinipur,Egra - I,2491,317,19,2483
2484,19,345,02492,113964.216455655,221765395.93998796,WEST BENGAL,Purba Medinipur,Egra - II,2492,317,19,2484
2485,19,345,02493,92352.93258192192,154334944.20866218,WEST BENGAL,Purba Medinipur,Ramnagar - I,2493,317,19,2485
2486,19,345,02494,84676.4971787034,181938616.15485185,WEST BENGAL,Purba Medinipur,Ramnagar - II,2494,317,19,2486
2487,19,774,02170,140549.05426306927,489094768.2753572,WEST BENGAL,Alipurduar,Madarihat,2170,664,19,2487
2488,19,774,02171,260898.14072751842,801776389.5226319,WEST BENGAL,Alipurduar,Kalchini,2171,664,19,2488
2489,19,774,02172,201045.31133056275,606038711.8779929,WEST BENGAL,Alipurduar,Kumargram,2172,664,19,2489
2490,19,774,02173,253681.59868043856,772503684.1875254,WEST BENGAL,Alipurduar,Alipurduar - I,2173,664,19,2490
2491,19,774,02174,169089.90848064932,377651314.75513935,WEST BENGAL,Alipurduar,Alipurduar - II,2174,664,19,2491
2492,19,774,02175,153634.29198134845,408568309.98104745,WEST BENGAL,Alipurduar,Falakata,2175,664,19,2492
2493,19,775,02156,135626.29312533772,471460930.85503894,WEST BENGAL,Kalimpong,Kalimpong -I,2156,702,19,2493
2494,19,775,02157,108397.3832428149,323302188.9539667,WEST BENGAL,Kalimpong,Kalimpong - II,2157,702,19,2494
2495,19,775,02158,135530.83868847144,577405073.230323,WEST BENGAL,Kalimpong,Gorubathan,2158,702,19,2495
2496,19,776,02441,148215.43161289147,694981014.295625,WEST BENGAL,Jhargram,Binpur - II,2441,703,19,2496
2497,19,776,02442,129434.28121187064,428397254.6816455,WEST BENGAL,Jhargram,Binpur - I,2442,703,19,2497
2498,19,776,02454,159470.04660788635,641044392.0274061,WEST BENGAL,Jhargram,Jhargram,2454,703,19,2498
2499,19,776,02455,128600.44869990928,386774314.0553234,WEST BENGAL,Jhargram,Jamboni,2455,703,19,2499
2500,19,776,02456,115017.13979114372,222146463.77964982,WEST BENGAL,Jhargram,Gopiballavpur - II,2456,703,19,2500
2501,19,776,02457,103341.47919149192,341247779.5438306,WEST BENGAL,Jhargram,Gopiballavpur - I,2457,703,19,2501
2502,19,776,02458,135445.0507187551,601474077.8215249,WEST BENGAL,Jhargram,Nayagram,2458,703,19,2502
2503,19,776,02459,118649.8684341796,321732818.67958766,WEST BENGAL,Jhargram,Sankrail,2459,703,19,2503
2504,19,777,02268,100134.27726505409,159342853.4579391,WEST BENGAL,Paschim Bardhaman,Salanpur,2268,704,19,2504
2505,19,777,02269,86926.39916487555,188559187.16117072,WEST BENGAL,Paschim Bardhaman,Barabani,2269,704,19,2505
2506,19,777,02270,106553.45386442369,282329979.1934159,WEST BENGAL,Paschim Bardhaman,Jamuria,2270,704,19,2506
2507,19,777,02271,62309.91097352974,110070468.36717945,WEST BENGAL,Paschim Bardhaman,Raniganj,2271,704,19,2507
2508,19,777,02272,76573.65733646622,97315302.5738732,WEST BENGAL,Paschim Bardhaman,Ondal,2272,704,19,2508
2509,19,777,02273,73932.45857480698,121339275.18271159,WEST BENGAL,Paschim Bardhaman,Pandabeswar,2273,704,19,2509
2510,19,777,02274,115565.3292469568,378298372.19139457,WEST BENGAL,Paschim Bardhaman,Faridpur Durgapur,2274,704,19,2510
2511,19,777,02275,136022.4674511518,325517407.68737394,WEST BENGAL,Paschim Bardhaman,Kanksa,2275,704,19,2511
2512,19,777,05928,106911.63060686244,261023136.06115487,WEST BENGAL,Paschim Bardhaman,Asansol Kulti Township,0,704,19,2512